# WaveFront *.obj file (generated by Autodesk ATF)

mtllib back panel.mtl

g back panel

v 76.800000 25.860000 -25.000000
v 76.738442 25.860000 -24.217828
v 76.555283 25.860000 -23.454915
v 76.255033 25.860000 -22.730048
v 75.845085 25.860000 -22.061074
v 75.335534 25.860000 -21.464466
v 74.738926 25.860000 -20.954915
v 74.069952 25.860000 -20.544967
v 73.345085 25.860000 -20.244717
v 72.582172 25.860000 -20.061558
v 71.800000 25.860000 -20.000000
v 71.017828 25.860000 -20.061558
v 70.254915 25.860000 -20.244717
v 69.530048 25.860000 -20.544967
v 68.861074 25.860000 -20.954915
v 68.264466 25.860000 -21.464466
v 67.754915 25.860000 -22.061074
v 67.344967 25.860000 -22.730048
v 67.044717 25.860000 -23.454915
v 66.861558 25.860000 -24.217828
v 66.800000 25.860000 -25.000000
v 66.861558 25.860000 -25.782172
v 67.044717 25.860000 -26.545085
v 67.344967 25.860000 -27.269952
v 67.754915 25.860000 -27.938926
v 68.264466 25.860000 -28.535534
v 68.861074 25.860000 -29.045085
v 69.530048 25.860000 -29.455033
v 70.254915 25.860000 -29.755283
v 71.017828 25.860000 -29.938442
v 71.800000 25.860000 -30.000000
v 72.582172 25.860000 -29.938442
v 73.345085 25.860000 -29.755283
v 74.069952 25.860000 -29.455033
v 74.738926 25.860000 -29.045085
v 75.335534 25.860000 -28.535534
v 75.845085 25.860000 -27.938926
v 76.255033 25.860000 -27.269952
v 76.555283 25.860000 -26.545085
v 76.738442 25.860000 -25.782172
v 76.800000 29.860000 -25.000000
v 76.738442 29.860000 -25.782172
v 76.555283 29.860000 -26.545085
v 76.255033 29.860000 -27.269952
v 75.845085 29.860000 -27.938926
v 75.335534 29.860000 -28.535534
v 74.738926 29.860000 -29.045085
v 74.069952 29.860000 -29.455033
v 73.345085 29.860000 -29.755283
v 72.582172 29.860000 -29.938442
v 71.800000 29.860000 -30.000000
v 71.017828 29.860000 -29.938442
v 70.254915 29.860000 -29.755283
v 69.530048 29.860000 -29.455033
v 68.861074 29.860000 -29.045085
v 68.264466 29.860000 -28.535534
v 67.754915 29.860000 -27.938926
v 67.344967 29.860000 -27.269952
v 67.044717 29.860000 -26.545085
v 66.861558 29.860000 -25.782172
v 66.800000 29.860000 -25.000000
v 66.861558 29.860000 -24.217828
v 67.044717 29.860000 -23.454915
v 67.344967 29.860000 -22.730048
v 67.754915 29.860000 -22.061074
v 68.264466 29.860000 -21.464466
v 68.861074 29.860000 -20.954915
v 69.530048 29.860000 -20.544967
v 70.254915 29.860000 -20.244717
v 71.017828 29.860000 -20.061558
v 71.800000 29.860000 -20.000000
v 72.582172 29.860000 -20.061558
v 73.345085 29.860000 -20.244717
v 74.069952 29.860000 -20.544967
v 74.738926 29.860000 -20.954915
v 75.335534 29.860000 -21.464466
v 75.845085 29.860000 -22.061074
v 76.255033 29.860000 -22.730048
v 76.555283 29.860000 -23.454915
v 76.738442 29.860000 -24.217828
v 112.800000 25.860000 -13.000000
v 112.738442 25.860000 -12.217828
v 112.555283 25.860000 -11.454915
v 112.255033 25.860000 -10.730048
v 111.845085 25.860000 -10.061074
v 111.335534 25.860000 -9.464466
v 110.738926 25.860000 -8.954915
v 110.069952 25.860000 -8.544967
v 109.345085 25.860000 -8.244717
v 108.582172 25.860000 -8.061558
v 107.800000 25.860000 -8.000000
v 107.017828 25.860000 -8.061558
v 106.254915 25.860000 -8.244717
v 105.530048 25.860000 -8.544967
v 104.861074 25.860000 -8.954915
v 104.264466 25.860000 -9.464466
v 103.754915 25.860000 -10.061074
v 103.344967 25.860000 -10.730048
v 103.044717 25.860000 -11.454915
v 102.861558 25.860000 -12.217828
v 102.800000 25.860000 -13.000000
v 102.861558 25.860000 -13.782172
v 103.044717 25.860000 -14.545085
v 103.344967 25.860000 -15.269952
v 103.754915 25.860000 -15.938926
v 104.264466 25.860000 -16.535534
v 104.861074 25.860000 -17.045085
v 105.530048 25.860000 -17.455033
v 106.254915 25.860000 -17.755283
v 107.017828 25.860000 -17.938442
v 107.800000 25.860000 -18.000000
v 108.582172 25.860000 -17.938442
v 109.345085 25.860000 -17.755283
v 110.069952 25.860000 -17.455033
v 110.738926 25.860000 -17.045085
v 111.335534 25.860000 -16.535534
v 111.845085 25.860000 -15.938926
v 112.255033 25.860000 -15.269952
v 112.555283 25.860000 -14.545085
v 112.738442 25.860000 -13.782172
v 112.800000 29.860000 -13.000000
v 112.738442 29.860000 -13.782172
v 112.555283 29.860000 -14.545085
v 112.255033 29.860000 -15.269952
v 111.845085 29.860000 -15.938926
v 111.335534 29.860000 -16.535534
v 110.738926 29.860000 -17.045085
v 110.069952 29.860000 -17.455033
v 109.345085 29.860000 -17.755283
v 108.582172 29.860000 -17.938442
v 107.800000 29.860000 -18.000000
v 107.017828 29.860000 -17.938442
v 106.254915 29.860000 -17.755283
v 105.530048 29.860000 -17.455033
v 104.861074 29.860000 -17.045085
v 104.264466 29.860000 -16.535534
v 103.754915 29.860000 -15.938926
v 103.344967 29.860000 -15.269952
v 103.044717 29.860000 -14.545085
v 102.861558 29.860000 -13.782172
v 102.800000 29.860000 -13.000000
v 102.861558 29.860000 -12.217828
v 103.044717 29.860000 -11.454915
v 103.344967 29.860000 -10.730048
v 103.754915 29.860000 -10.061074
v 104.264466 29.860000 -9.464466
v 104.861074 29.860000 -8.954915
v 105.530048 29.860000 -8.544967
v 106.254915 29.860000 -8.244717
v 107.017828 29.860000 -8.061558
v 107.800000 29.860000 -8.000000
v 108.582172 29.860000 -8.061558
v 109.345085 29.860000 -8.244717
v 110.069952 29.860000 -8.544967
v 110.738926 29.860000 -8.954915
v 111.335534 29.860000 -9.464466
v 111.845085 29.860000 -10.061074
v 112.255033 29.860000 -10.730048
v 112.555283 29.860000 -11.454915
v 112.738442 29.860000 -12.217828
v 112.800000 25.860000 -37.000000
v 112.738442 25.860000 -36.217828
v 112.555283 25.860000 -35.454915
v 112.255033 25.860000 -34.730048
v 111.845085 25.860000 -34.061074
v 111.335534 25.860000 -33.464466
v 110.738926 25.860000 -32.954915
v 110.069952 25.860000 -32.544967
v 109.345085 25.860000 -32.244717
v 108.582172 25.860000 -32.061558
v 107.800000 25.860000 -32.000000
v 107.017828 25.860000 -32.061558
v 106.254915 25.860000 -32.244717
v 105.530048 25.860000 -32.544967
v 104.861074 25.860000 -32.954915
v 104.264466 25.860000 -33.464466
v 103.754915 25.860000 -34.061074
v 103.344967 25.860000 -34.730048
v 103.044717 25.860000 -35.454915
v 102.861558 25.860000 -36.217828
v 102.800000 25.860000 -37.000000
v 102.861558 25.860000 -37.782172
v 103.044717 25.860000 -38.545085
v 103.344967 25.860000 -39.269952
v 103.754915 25.860000 -39.938926
v 104.264466 25.860000 -40.535534
v 104.861074 25.860000 -41.045085
v 105.530048 25.860000 -41.455033
v 106.254915 25.860000 -41.755283
v 107.017828 25.860000 -41.938442
v 107.800000 25.860000 -42.000000
v 108.582172 25.860000 -41.938442
v 109.345085 25.860000 -41.755283
v 110.069952 25.860000 -41.455033
v 110.738926 25.860000 -41.045085
v 111.335534 25.860000 -40.535534
v 111.845085 25.860000 -39.938926
v 112.255033 25.860000 -39.269952
v 112.555283 25.860000 -38.545085
v 112.738442 25.860000 -37.782172
v 112.800000 29.860000 -37.000000
v 112.738442 29.860000 -37.782172
v 112.555283 29.860000 -38.545085
v 112.255033 29.860000 -39.269952
v 111.845085 29.860000 -39.938926
v 111.335534 29.860000 -40.535534
v 110.738926 29.860000 -41.045085
v 110.069952 29.860000 -41.455033
v 109.345085 29.860000 -41.755283
v 108.582172 29.860000 -41.938442
v 107.800000 29.860000 -42.000000
v 107.017828 29.860000 -41.938442
v 106.254915 29.860000 -41.755283
v 105.530048 29.860000 -41.455033
v 104.861074 29.860000 -41.045085
v 104.264466 29.860000 -40.535534
v 103.754915 29.860000 -39.938926
v 103.344967 29.860000 -39.269952
v 103.044717 29.860000 -38.545085
v 102.861558 29.860000 -37.782172
v 102.800000 29.860000 -37.000000
v 102.861558 29.860000 -36.217828
v 103.044717 29.860000 -35.454915
v 103.344967 29.860000 -34.730048
v 103.754915 29.860000 -34.061074
v 104.264466 29.860000 -33.464466
v 104.861074 29.860000 -32.954915
v 105.530048 29.860000 -32.544967
v 106.254915 29.860000 -32.244717
v 107.017828 29.860000 -32.061558
v 107.800000 29.860000 -32.000000
v 108.582172 29.860000 -32.061558
v 109.345085 29.860000 -32.244717
v 110.069952 29.860000 -32.544967
v 110.738926 29.860000 -32.954915
v 111.335534 29.860000 -33.464466
v 111.845085 29.860000 -34.061074
v 112.255033 29.860000 -34.730048
v 112.555283 29.860000 -35.454915
v 112.738442 29.860000 -36.217828
v 112.800000 25.860000 -25.000000
v 112.738442 25.860000 -24.217828
v 112.555283 25.860000 -23.454915
v 112.255033 25.860000 -22.730048
v 111.845085 25.860000 -22.061074
v 111.335534 25.860000 -21.464466
v 110.738926 25.860000 -20.954915
v 110.069952 25.860000 -20.544967
v 109.345085 25.860000 -20.244717
v 108.582172 25.860000 -20.061558
v 107.800000 25.860000 -20.000000
v 107.017828 25.860000 -20.061558
v 106.254915 25.860000 -20.244717
v 105.530048 25.860000 -20.544967
v 104.861074 25.860000 -20.954915
v 104.264466 25.860000 -21.464466
v 103.754915 25.860000 -22.061074
v 103.344967 25.860000 -22.730048
v 103.044717 25.860000 -23.454915
v 102.861558 25.860000 -24.217828
v 102.800000 25.860000 -25.000000
v 102.861558 25.860000 -25.782172
v 103.044717 25.860000 -26.545085
v 103.344967 25.860000 -27.269952
v 103.754915 25.860000 -27.938926
v 104.264466 25.860000 -28.535534
v 104.861074 25.860000 -29.045085
v 105.530048 25.860000 -29.455033
v 106.254915 25.860000 -29.755283
v 107.017828 25.860000 -29.938442
v 107.800000 25.860000 -30.000000
v 108.582172 25.860000 -29.938442
v 109.345085 25.860000 -29.755283
v 110.069952 25.860000 -29.455033
v 110.738926 25.860000 -29.045085
v 111.335534 25.860000 -28.535534
v 111.845085 25.860000 -27.938926
v 112.255033 25.860000 -27.269952
v 112.555283 25.860000 -26.545085
v 112.738442 25.860000 -25.782172
v 112.800000 29.860000 -25.000000
v 112.738442 29.860000 -25.782172
v 112.555283 29.860000 -26.545085
v 112.255033 29.860000 -27.269952
v 111.845085 29.860000 -27.938926
v 111.335534 29.860000 -28.535534
v 110.738926 29.860000 -29.045085
v 110.069952 29.860000 -29.455033
v 109.345085 29.860000 -29.755283
v 108.582172 29.860000 -29.938442
v 107.800000 29.860000 -30.000000
v 107.017828 29.860000 -29.938442
v 106.254915 29.860000 -29.755283
v 105.530048 29.860000 -29.455033
v 104.861074 29.860000 -29.045085
v 104.264466 29.860000 -28.535534
v 103.754915 29.860000 -27.938926
v 103.344967 29.860000 -27.269952
v 103.044717 29.860000 -26.545085
v 102.861558 29.860000 -25.782172
v 102.800000 29.860000 -25.000000
v 102.861558 29.860000 -24.217828
v 103.044717 29.860000 -23.454915
v 103.344967 29.860000 -22.730048
v 103.754915 29.860000 -22.061074
v 104.264466 29.860000 -21.464466
v 104.861074 29.860000 -20.954915
v 105.530048 29.860000 -20.544967
v 106.254915 29.860000 -20.244717
v 107.017828 29.860000 -20.061558
v 107.800000 29.860000 -20.000000
v 108.582172 29.860000 -20.061558
v 109.345085 29.860000 -20.244717
v 110.069952 29.860000 -20.544967
v 110.738926 29.860000 -20.954915
v 111.335534 29.860000 -21.464466
v 111.845085 29.860000 -22.061074
v 112.255033 29.860000 -22.730048
v 112.555283 29.860000 -23.454915
v 112.738442 29.860000 -24.217828
v 76.800000 25.860000 -13.000000
v 76.738442 25.860000 -12.217828
v 76.555283 25.860000 -11.454915
v 76.255033 25.860000 -10.730048
v 75.845085 25.860000 -10.061074
v 75.335534 25.860000 -9.464466
v 74.738926 25.860000 -8.954915
v 74.069952 25.860000 -8.544967
v 73.345085 25.860000 -8.244717
v 72.582172 25.860000 -8.061558
v 71.800000 25.860000 -8.000000
v 71.017828 25.860000 -8.061558
v 70.254915 25.860000 -8.244717
v 69.530048 25.860000 -8.544967
v 68.861074 25.860000 -8.954915
v 68.264466 25.860000 -9.464466
v 67.754915 25.860000 -10.061074
v 67.344967 25.860000 -10.730048
v 67.044717 25.860000 -11.454915
v 66.861558 25.860000 -12.217828
v 66.800000 25.860000 -13.000000
v 66.861558 25.860000 -13.782172
v 67.044717 25.860000 -14.545085
v 67.344967 25.860000 -15.269952
v 67.754915 25.860000 -15.938926
v 68.264466 25.860000 -16.535534
v 68.861074 25.860000 -17.045085
v 69.530048 25.860000 -17.455033
v 70.254915 25.860000 -17.755283
v 71.017828 25.860000 -17.938442
v 71.800000 25.860000 -18.000000
v 72.582172 25.860000 -17.938442
v 73.345085 25.860000 -17.755283
v 74.069952 25.860000 -17.455033
v 74.738926 25.860000 -17.045085
v 75.335534 25.860000 -16.535534
v 75.845085 25.860000 -15.938926
v 76.255033 25.860000 -15.269952
v 76.555283 25.860000 -14.545085
v 76.738442 25.860000 -13.782172
v 76.800000 29.860000 -13.000000
v 76.738442 29.860000 -13.782172
v 76.555283 29.860000 -14.545085
v 76.255033 29.860000 -15.269952
v 75.845085 29.860000 -15.938926
v 75.335534 29.860000 -16.535534
v 74.738926 29.860000 -17.045085
v 74.069952 29.860000 -17.455033
v 73.345085 29.860000 -17.755283
v 72.582172 29.860000 -17.938442
v 71.800000 29.860000 -18.000000
v 71.017828 29.860000 -17.938442
v 70.254915 29.860000 -17.755283
v 69.530048 29.860000 -17.455033
v 68.861074 29.860000 -17.045085
v 68.264466 29.860000 -16.535534
v 67.754915 29.860000 -15.938926
v 67.344967 29.860000 -15.269952
v 67.044717 29.860000 -14.545085
v 66.861558 29.860000 -13.782172
v 66.800000 29.860000 -13.000000
v 66.861558 29.860000 -12.217828
v 67.044717 29.860000 -11.454915
v 67.344967 29.860000 -10.730048
v 67.754915 29.860000 -10.061074
v 68.264466 29.860000 -9.464466
v 68.861074 29.860000 -8.954915
v 69.530048 29.860000 -8.544967
v 70.254915 29.860000 -8.244717
v 71.017828 29.860000 -8.061558
v 71.800000 29.860000 -8.000000
v 72.582172 29.860000 -8.061558
v 73.345085 29.860000 -8.244717
v 74.069952 29.860000 -8.544967
v 74.738926 29.860000 -8.954915
v 75.335534 29.860000 -9.464466
v 75.845085 29.860000 -10.061074
v 76.255033 29.860000 -10.730048
v 76.555283 29.860000 -11.454915
v 76.738442 29.860000 -12.217828
v 76.800000 25.860000 -37.000000
v 76.738442 25.860000 -36.217828
v 76.555283 25.860000 -35.454915
v 76.255033 25.860000 -34.730048
v 75.845085 25.860000 -34.061074
v 75.335534 25.860000 -33.464466
v 74.738926 25.860000 -32.954915
v 74.069952 25.860000 -32.544967
v 73.345085 25.860000 -32.244717
v 72.582172 25.860000 -32.061558
v 71.800000 25.860000 -32.000000
v 71.017828 25.860000 -32.061558
v 70.254915 25.860000 -32.244717
v 69.530048 25.860000 -32.544967
v 68.861074 25.860000 -32.954915
v 68.264466 25.860000 -33.464466
v 67.754915 25.860000 -34.061074
v 67.344967 25.860000 -34.730048
v 67.044717 25.860000 -35.454915
v 66.861558 25.860000 -36.217828
v 66.800000 25.860000 -37.000000
v 66.861558 25.860000 -37.782172
v 67.044717 25.860000 -38.545085
v 67.344967 25.860000 -39.269952
v 67.754915 25.860000 -39.938926
v 68.264466 25.860000 -40.535534
v 68.861074 25.860000 -41.045085
v 69.530048 25.860000 -41.455033
v 70.254915 25.860000 -41.755283
v 71.017828 25.860000 -41.938442
v 71.800000 25.860000 -42.000000
v 72.582172 25.860000 -41.938442
v 73.345085 25.860000 -41.755283
v 74.069952 25.860000 -41.455033
v 74.738926 25.860000 -41.045085
v 75.335534 25.860000 -40.535534
v 75.845085 25.860000 -39.938926
v 76.255033 25.860000 -39.269952
v 76.555283 25.860000 -38.545085
v 76.738442 25.860000 -37.782172
v 76.800000 29.860000 -37.000000
v 76.738442 29.860000 -37.782172
v 76.555283 29.860000 -38.545085
v 76.255033 29.860000 -39.269952
v 75.845085 29.860000 -39.938926
v 75.335534 29.860000 -40.535534
v 74.738926 29.860000 -41.045085
v 74.069952 29.860000 -41.455033
v 73.345085 29.860000 -41.755283
v 72.582172 29.860000 -41.938442
v 71.800000 29.860000 -42.000000
v 71.017828 29.860000 -41.938442
v 70.254915 29.860000 -41.755283
v 69.530048 29.860000 -41.455033
v 68.861074 29.860000 -41.045085
v 68.264466 29.860000 -40.535534
v 67.754915 29.860000 -39.938926
v 67.344967 29.860000 -39.269952
v 67.044717 29.860000 -38.545085
v 66.861558 29.860000 -37.782172
v 66.800000 29.860000 -37.000000
v 66.861558 29.860000 -36.217828
v 67.044717 29.860000 -35.454915
v 67.344967 29.860000 -34.730048
v 67.754915 29.860000 -34.061074
v 68.264466 29.860000 -33.464466
v 68.861074 29.860000 -32.954915
v 69.530048 29.860000 -32.544967
v 70.254915 29.860000 -32.244717
v 71.017828 29.860000 -32.061558
v 71.800000 29.860000 -32.000000
v 72.582172 29.860000 -32.061558
v 73.345085 29.860000 -32.244717
v 74.069952 29.860000 -32.544967
v 74.738926 29.860000 -32.954915
v 75.335534 29.860000 -33.464466
v 75.845085 29.860000 -34.061074
v 76.255033 29.860000 -34.730048
v 76.555283 29.860000 -35.454915
v 76.738442 29.860000 -36.217828
v 64.800000 25.860000 -25.000000
v 64.738442 25.860000 -24.217828
v 64.555283 25.860000 -23.454915
v 64.255033 25.860000 -22.730048
v 63.845085 25.860000 -22.061074
v 63.335534 25.860000 -21.464466
v 62.738926 25.860000 -20.954915
v 62.069952 25.860000 -20.544967
v 61.345085 25.860000 -20.244717
v 60.582172 25.860000 -20.061558
v 59.800000 25.860000 -20.000000
v 59.017828 25.860000 -20.061558
v 58.254915 25.860000 -20.244717
v 57.530048 25.860000 -20.544967
v 56.861074 25.860000 -20.954915
v 56.264466 25.860000 -21.464466
v 55.754915 25.860000 -22.061074
v 55.344967 25.860000 -22.730048
v 55.044717 25.860000 -23.454915
v 54.861558 25.860000 -24.217828
v 54.800000 25.860000 -25.000000
v 54.861558 25.860000 -25.782172
v 55.044717 25.860000 -26.545085
v 55.344967 25.860000 -27.269952
v 55.754915 25.860000 -27.938926
v 56.264466 25.860000 -28.535534
v 56.861074 25.860000 -29.045085
v 57.530048 25.860000 -29.455033
v 58.254915 25.860000 -29.755283
v 59.017828 25.860000 -29.938442
v 59.800000 25.860000 -30.000000
v 60.582172 25.860000 -29.938442
v 61.345085 25.860000 -29.755283
v 62.069952 25.860000 -29.455033
v 62.738926 25.860000 -29.045085
v 63.335534 25.860000 -28.535534
v 63.845085 25.860000 -27.938926
v 64.255033 25.860000 -27.269952
v 64.555283 25.860000 -26.545085
v 64.738442 25.860000 -25.782172
v 64.800000 29.860000 -25.000000
v 64.738442 29.860000 -25.782172
v 64.555283 29.860000 -26.545085
v 64.255033 29.860000 -27.269952
v 63.845085 29.860000 -27.938926
v 63.335534 29.860000 -28.535534
v 62.738926 29.860000 -29.045085
v 62.069952 29.860000 -29.455033
v 61.345085 29.860000 -29.755283
v 60.582172 29.860000 -29.938442
v 59.800000 29.860000 -30.000000
v 59.017828 29.860000 -29.938442
v 58.254915 29.860000 -29.755283
v 57.530048 29.860000 -29.455033
v 56.861074 29.860000 -29.045085
v 56.264466 29.860000 -28.535534
v 55.754915 29.860000 -27.938926
v 55.344967 29.860000 -27.269952
v 55.044717 29.860000 -26.545085
v 54.861558 29.860000 -25.782172
v 54.800000 29.860000 -25.000000
v 54.861558 29.860000 -24.217828
v 55.044717 29.860000 -23.454915
v 55.344967 29.860000 -22.730048
v 55.754915 29.860000 -22.061074
v 56.264466 29.860000 -21.464466
v 56.861074 29.860000 -20.954915
v 57.530048 29.860000 -20.544967
v 58.254915 29.860000 -20.244717
v 59.017828 29.860000 -20.061558
v 59.800000 29.860000 -20.000000
v 60.582172 29.860000 -20.061558
v 61.345085 29.860000 -20.244717
v 62.069952 29.860000 -20.544967
v 62.738926 29.860000 -20.954915
v 63.335534 29.860000 -21.464466
v 63.845085 29.860000 -22.061074
v 64.255033 29.860000 -22.730048
v 64.555283 29.860000 -23.454915
v 64.738442 29.860000 -24.217828
v 124.800000 25.860000 -13.000000
v 124.738442 25.860000 -12.217828
v 124.555283 25.860000 -11.454915
v 124.255033 25.860000 -10.730048
v 123.845085 25.860000 -10.061074
v 123.335534 25.860000 -9.464466
v 122.738926 25.860000 -8.954915
v 122.069952 25.860000 -8.544967
v 121.345085 25.860000 -8.244717
v 120.582172 25.860000 -8.061558
v 119.800000 25.860000 -8.000000
v 119.017828 25.860000 -8.061558
v 118.254915 25.860000 -8.244717
v 117.530048 25.860000 -8.544967
v 116.861074 25.860000 -8.954915
v 116.264466 25.860000 -9.464466
v 115.754915 25.860000 -10.061074
v 115.344967 25.860000 -10.730048
v 115.044717 25.860000 -11.454915
v 114.861558 25.860000 -12.217828
v 114.800000 25.860000 -13.000000
v 114.861558 25.860000 -13.782172
v 115.044717 25.860000 -14.545085
v 115.344967 25.860000 -15.269952
v 115.754915 25.860000 -15.938926
v 116.264466 25.860000 -16.535534
v 116.861074 25.860000 -17.045085
v 117.530048 25.860000 -17.455033
v 118.254915 25.860000 -17.755283
v 119.017828 25.860000 -17.938442
v 119.800000 25.860000 -18.000000
v 120.582172 25.860000 -17.938442
v 121.345085 25.860000 -17.755283
v 122.069952 25.860000 -17.455033
v 122.738926 25.860000 -17.045085
v 123.335534 25.860000 -16.535534
v 123.845085 25.860000 -15.938926
v 124.255033 25.860000 -15.269952
v 124.555283 25.860000 -14.545085
v 124.738442 25.860000 -13.782172
v 124.800000 29.860000 -13.000000
v 124.738442 29.860000 -13.782172
v 124.555283 29.860000 -14.545085
v 124.255033 29.860000 -15.269952
v 123.845085 29.860000 -15.938926
v 123.335534 29.860000 -16.535534
v 122.738926 29.860000 -17.045085
v 122.069952 29.860000 -17.455033
v 121.345085 29.860000 -17.755283
v 120.582172 29.860000 -17.938442
v 119.800000 29.860000 -18.000000
v 119.017828 29.860000 -17.938442
v 118.254915 29.860000 -17.755283
v 117.530048 29.860000 -17.455033
v 116.861074 29.860000 -17.045085
v 116.264466 29.860000 -16.535534
v 115.754915 29.860000 -15.938926
v 115.344967 29.860000 -15.269952
v 115.044717 29.860000 -14.545085
v 114.861558 29.860000 -13.782172
v 114.800000 29.860000 -13.000000
v 114.861558 29.860000 -12.217828
v 115.044717 29.860000 -11.454915
v 115.344967 29.860000 -10.730048
v 115.754915 29.860000 -10.061074
v 116.264466 29.860000 -9.464466
v 116.861074 29.860000 -8.954915
v 117.530048 29.860000 -8.544967
v 118.254915 29.860000 -8.244717
v 119.017828 29.860000 -8.061558
v 119.800000 29.860000 -8.000000
v 120.582172 29.860000 -8.061558
v 121.345085 29.860000 -8.244717
v 122.069952 29.860000 -8.544967
v 122.738926 29.860000 -8.954915
v 123.335534 29.860000 -9.464466
v 123.845085 29.860000 -10.061074
v 124.255033 29.860000 -10.730048
v 124.555283 29.860000 -11.454915
v 124.738442 29.860000 -12.217828
v 124.800000 25.860000 -37.000000
v 124.738442 25.860000 -36.217828
v 124.555283 25.860000 -35.454915
v 124.255033 25.860000 -34.730048
v 123.845085 25.860000 -34.061074
v 123.335534 25.860000 -33.464466
v 122.738926 25.860000 -32.954915
v 122.069952 25.860000 -32.544967
v 121.345085 25.860000 -32.244717
v 120.582172 25.860000 -32.061558
v 119.800000 25.860000 -32.000000
v 119.017828 25.860000 -32.061558
v 118.254915 25.860000 -32.244717
v 117.530048 25.860000 -32.544967
v 116.861074 25.860000 -32.954915
v 116.264466 25.860000 -33.464466
v 115.754915 25.860000 -34.061074
v 115.344967 25.860000 -34.730048
v 115.044717 25.860000 -35.454915
v 114.861558 25.860000 -36.217828
v 114.800000 25.860000 -37.000000
v 114.861558 25.860000 -37.782172
v 115.044717 25.860000 -38.545085
v 115.344967 25.860000 -39.269952
v 115.754915 25.860000 -39.938926
v 116.264466 25.860000 -40.535534
v 116.861074 25.860000 -41.045085
v 117.530048 25.860000 -41.455033
v 118.254915 25.860000 -41.755283
v 119.017828 25.860000 -41.938442
v 119.800000 25.860000 -42.000000
v 120.582172 25.860000 -41.938442
v 121.345085 25.860000 -41.755283
v 122.069952 25.860000 -41.455033
v 122.738926 25.860000 -41.045085
v 123.335534 25.860000 -40.535534
v 123.845085 25.860000 -39.938926
v 124.255033 25.860000 -39.269952
v 124.555283 25.860000 -38.545085
v 124.738442 25.860000 -37.782172
v 124.800000 29.860000 -37.000000
v 124.738442 29.860000 -37.782172
v 124.555283 29.860000 -38.545085
v 124.255033 29.860000 -39.269952
v 123.845085 29.860000 -39.938926
v 123.335534 29.860000 -40.535534
v 122.738926 29.860000 -41.045085
v 122.069952 29.860000 -41.455033
v 121.345085 29.860000 -41.755283
v 120.582172 29.860000 -41.938442
v 119.800000 29.860000 -42.000000
v 119.017828 29.860000 -41.938442
v 118.254915 29.860000 -41.755283
v 117.530048 29.860000 -41.455033
v 116.861074 29.860000 -41.045085
v 116.264466 29.860000 -40.535534
v 115.754915 29.860000 -39.938926
v 115.344967 29.860000 -39.269952
v 115.044717 29.860000 -38.545085
v 114.861558 29.860000 -37.782172
v 114.800000 29.860000 -37.000000
v 114.861558 29.860000 -36.217828
v 115.044717 29.860000 -35.454915
v 115.344967 29.860000 -34.730048
v 115.754915 29.860000 -34.061074
v 116.264466 29.860000 -33.464466
v 116.861074 29.860000 -32.954915
v 117.530048 29.860000 -32.544967
v 118.254915 29.860000 -32.244717
v 119.017828 29.860000 -32.061558
v 119.800000 29.860000 -32.000000
v 120.582172 29.860000 -32.061558
v 121.345085 29.860000 -32.244717
v 122.069952 29.860000 -32.544967
v 122.738926 29.860000 -32.954915
v 123.335534 29.860000 -33.464466
v 123.845085 29.860000 -34.061074
v 124.255033 29.860000 -34.730048
v 124.555283 29.860000 -35.454915
v 124.738442 29.860000 -36.217828
v 124.800000 25.860000 -25.000000
v 124.738442 25.860000 -24.217828
v 124.555283 25.860000 -23.454915
v 124.255033 25.860000 -22.730048
v 123.845085 25.860000 -22.061074
v 123.335534 25.860000 -21.464466
v 122.738926 25.860000 -20.954915
v 122.069952 25.860000 -20.544967
v 121.345085 25.860000 -20.244717
v 120.582172 25.860000 -20.061558
v 119.800000 25.860000 -20.000000
v 119.017828 25.860000 -20.061558
v 118.254915 25.860000 -20.244717
v 117.530048 25.860000 -20.544967
v 116.861074 25.860000 -20.954915
v 116.264466 25.860000 -21.464466
v 115.754915 25.860000 -22.061074
v 115.344967 25.860000 -22.730048
v 115.044717 25.860000 -23.454915
v 114.861558 25.860000 -24.217828
v 114.800000 25.860000 -25.000000
v 114.861558 25.860000 -25.782172
v 115.044717 25.860000 -26.545085
v 115.344967 25.860000 -27.269952
v 115.754915 25.860000 -27.938926
v 116.264466 25.860000 -28.535534
v 116.861074 25.860000 -29.045085
v 117.530048 25.860000 -29.455033
v 118.254915 25.860000 -29.755283
v 119.017828 25.860000 -29.938442
v 119.800000 25.860000 -30.000000
v 120.582172 25.860000 -29.938442
v 121.345085 25.860000 -29.755283
v 122.069952 25.860000 -29.455033
v 122.738926 25.860000 -29.045085
v 123.335534 25.860000 -28.535534
v 123.845085 25.860000 -27.938926
v 124.255033 25.860000 -27.269952
v 124.555283 25.860000 -26.545085
v 124.738442 25.860000 -25.782172
v 124.800000 29.860000 -25.000000
v 124.738442 29.860000 -25.782172
v 124.555283 29.860000 -26.545085
v 124.255033 29.860000 -27.269952
v 123.845085 29.860000 -27.938926
v 123.335534 29.860000 -28.535534
v 122.738926 29.860000 -29.045085
v 122.069952 29.860000 -29.455033
v 121.345085 29.860000 -29.755283
v 120.582172 29.860000 -29.938442
v 119.800000 29.860000 -30.000000
v 119.017828 29.860000 -29.938442
v 118.254915 29.860000 -29.755283
v 117.530048 29.860000 -29.455033
v 116.861074 29.860000 -29.045085
v 116.264466 29.860000 -28.535534
v 115.754915 29.860000 -27.938926
v 115.344967 29.860000 -27.269952
v 115.044717 29.860000 -26.545085
v 114.861558 29.860000 -25.782172
v 114.800000 29.860000 -25.000000
v 114.861558 29.860000 -24.217828
v 115.044717 29.860000 -23.454915
v 115.344967 29.860000 -22.730048
v 115.754915 29.860000 -22.061074
v 116.264466 29.860000 -21.464466
v 116.861074 29.860000 -20.954915
v 117.530048 29.860000 -20.544967
v 118.254915 29.860000 -20.244717
v 119.017828 29.860000 -20.061558
v 119.800000 29.860000 -20.000000
v 120.582172 29.860000 -20.061558
v 121.345085 29.860000 -20.244717
v 122.069952 29.860000 -20.544967
v 122.738926 29.860000 -20.954915
v 123.335534 29.860000 -21.464466
v 123.845085 29.860000 -22.061074
v 124.255033 29.860000 -22.730048
v 124.555283 29.860000 -23.454915
v 124.738442 29.860000 -24.217828
v 64.800000 25.860000 -13.000000
v 64.738442 25.860000 -12.217828
v 64.555283 25.860000 -11.454915
v 64.255033 25.860000 -10.730048
v 63.845085 25.860000 -10.061074
v 63.335534 25.860000 -9.464466
v 62.738926 25.860000 -8.954915
v 62.069952 25.860000 -8.544967
v 61.345085 25.860000 -8.244717
v 60.582172 25.860000 -8.061558
v 59.800000 25.860000 -8.000000
v 59.017828 25.860000 -8.061558
v 58.254915 25.860000 -8.244717
v 57.530048 25.860000 -8.544967
v 56.861074 25.860000 -8.954915
v 56.264466 25.860000 -9.464466
v 55.754915 25.860000 -10.061074
v 55.344967 25.860000 -10.730048
v 55.044717 25.860000 -11.454915
v 54.861558 25.860000 -12.217828
v 54.800000 25.860000 -13.000000
v 54.861558 25.860000 -13.782172
v 55.044717 25.860000 -14.545085
v 55.344967 25.860000 -15.269952
v 55.754915 25.860000 -15.938926
v 56.264466 25.860000 -16.535534
v 56.861074 25.860000 -17.045085
v 57.530048 25.860000 -17.455033
v 58.254915 25.860000 -17.755283
v 59.017828 25.860000 -17.938442
v 59.800000 25.860000 -18.000000
v 60.582172 25.860000 -17.938442
v 61.345085 25.860000 -17.755283
v 62.069952 25.860000 -17.455033
v 62.738926 25.860000 -17.045085
v 63.335534 25.860000 -16.535534
v 63.845085 25.860000 -15.938926
v 64.255033 25.860000 -15.269952
v 64.555283 25.860000 -14.545085
v 64.738442 25.860000 -13.782172
v 64.800000 29.860000 -13.000000
v 64.738442 29.860000 -13.782172
v 64.555283 29.860000 -14.545085
v 64.255033 29.860000 -15.269952
v 63.845085 29.860000 -15.938926
v 63.335534 29.860000 -16.535534
v 62.738926 29.860000 -17.045085
v 62.069952 29.860000 -17.455033
v 61.345085 29.860000 -17.755283
v 60.582172 29.860000 -17.938442
v 59.800000 29.860000 -18.000000
v 59.017828 29.860000 -17.938442
v 58.254915 29.860000 -17.755283
v 57.530048 29.860000 -17.455033
v 56.861074 29.860000 -17.045085
v 56.264466 29.860000 -16.535534
v 55.754915 29.860000 -15.938926
v 55.344967 29.860000 -15.269952
v 55.044717 29.860000 -14.545085
v 54.861558 29.860000 -13.782172
v 54.800000 29.860000 -13.000000
v 54.861558 29.860000 -12.217828
v 55.044717 29.860000 -11.454915
v 55.344967 29.860000 -10.730048
v 55.754915 29.860000 -10.061074
v 56.264466 29.860000 -9.464466
v 56.861074 29.860000 -8.954915
v 57.530048 29.860000 -8.544967
v 58.254915 29.860000 -8.244717
v 59.017828 29.860000 -8.061558
v 59.800000 29.860000 -8.000000
v 60.582172 29.860000 -8.061558
v 61.345085 29.860000 -8.244717
v 62.069952 29.860000 -8.544967
v 62.738926 29.860000 -8.954915
v 63.335534 29.860000 -9.464466
v 63.845085 29.860000 -10.061074
v 64.255033 29.860000 -10.730048
v 64.555283 29.860000 -11.454915
v 64.738442 29.860000 -12.217828
v 64.800000 25.860000 -37.000000
v 64.738442 25.860000 -36.217828
v 64.555283 25.860000 -35.454915
v 64.255033 25.860000 -34.730048
v 63.845085 25.860000 -34.061074
v 63.335534 25.860000 -33.464466
v 62.738926 25.860000 -32.954915
v 62.069952 25.860000 -32.544967
v 61.345085 25.860000 -32.244717
v 60.582172 25.860000 -32.061558
v 59.800000 25.860000 -32.000000
v 59.017828 25.860000 -32.061558
v 58.254915 25.860000 -32.244717
v 57.530048 25.860000 -32.544967
v 56.861074 25.860000 -32.954915
v 56.264466 25.860000 -33.464466
v 55.754915 25.860000 -34.061074
v 55.344967 25.860000 -34.730048
v 55.044717 25.860000 -35.454915
v 54.861558 25.860000 -36.217828
v 54.800000 25.860000 -37.000000
v 54.861558 25.860000 -37.782172
v 55.044717 25.860000 -38.545085
v 55.344967 25.860000 -39.269952
v 55.754915 25.860000 -39.938926
v 56.264466 25.860000 -40.535534
v 56.861074 25.860000 -41.045085
v 57.530048 25.860000 -41.455033
v 58.254915 25.860000 -41.755283
v 59.017828 25.860000 -41.938442
v 59.800000 25.860000 -42.000000
v 60.582172 25.860000 -41.938442
v 61.345085 25.860000 -41.755283
v 62.069952 25.860000 -41.455033
v 62.738926 25.860000 -41.045085
v 63.335534 25.860000 -40.535534
v 63.845085 25.860000 -39.938926
v 64.255033 25.860000 -39.269952
v 64.555283 25.860000 -38.545085
v 64.738442 25.860000 -37.782172
v 64.800000 29.860000 -37.000000
v 64.738442 29.860000 -37.782172
v 64.555283 29.860000 -38.545085
v 64.255033 29.860000 -39.269952
v 63.845085 29.860000 -39.938926
v 63.335534 29.860000 -40.535534
v 62.738926 29.860000 -41.045085
v 62.069952 29.860000 -41.455033
v 61.345085 29.860000 -41.755283
v 60.582172 29.860000 -41.938442
v 59.800000 29.860000 -42.000000
v 59.017828 29.860000 -41.938442
v 58.254915 29.860000 -41.755283
v 57.530048 29.860000 -41.455033
v 56.861074 29.860000 -41.045085
v 56.264466 29.860000 -40.535534
v 55.754915 29.860000 -39.938926
v 55.344967 29.860000 -39.269952
v 55.044717 29.860000 -38.545085
v 54.861558 29.860000 -37.782172
v 54.800000 29.860000 -37.000000
v 54.861558 29.860000 -36.217828
v 55.044717 29.860000 -35.454915
v 55.344967 29.860000 -34.730048
v 55.754915 29.860000 -34.061074
v 56.264466 29.860000 -33.464466
v 56.861074 29.860000 -32.954915
v 57.530048 29.860000 -32.544967
v 58.254915 29.860000 -32.244717
v 59.017828 29.860000 -32.061558
v 59.800000 29.860000 -32.000000
v 60.582172 29.860000 -32.061558
v 61.345085 29.860000 -32.244717
v 62.069952 29.860000 -32.544967
v 62.738926 29.860000 -32.954915
v 63.335534 29.860000 -33.464466
v 63.845085 29.860000 -34.061074
v 64.255033 29.860000 -34.730048
v 64.555283 29.860000 -35.454915
v 64.738442 29.860000 -36.217828
v 56.300000 27.860000 -47.000000
v 56.351111 27.471771 -47.000000
v 56.500962 27.110000 -47.000000
v 56.739340 26.799340 -47.000000
v 57.050000 26.560962 -47.000000
v 57.411771 26.411111 -47.000000
v 57.800000 26.360000 -47.000000
v 58.188229 26.411111 -47.000000
v 58.550000 26.560962 -47.000000
v 58.860660 26.799340 -47.000000
v 59.099038 27.110000 -47.000000
v 59.248889 27.471771 -47.000000
v 59.300000 27.860000 -47.000000
v 59.248889 28.248229 -47.000000
v 59.099038 28.610000 -47.000000
v 58.860660 28.920660 -47.000000
v 58.550000 29.159038 -47.000000
v 58.188229 29.308889 -47.000000
v 57.800000 29.360000 -47.000000
v 57.411771 29.308889 -47.000000
v 57.050000 29.159038 -47.000000
v 56.739340 28.920660 -47.000000
v 56.500962 28.610000 -47.000000
v 56.351111 28.248229 -47.000000
v 56.300000 27.860000 -50.000000
v 56.351111 28.248229 -50.000000
v 56.500962 28.610000 -50.000000
v 56.739340 28.920660 -50.000000
v 57.050000 29.159038 -50.000000
v 57.411771 29.308889 -50.000000
v 57.800000 29.360000 -50.000000
v 58.188229 29.308889 -50.000000
v 58.550000 29.159038 -50.000000
v 58.860660 28.920660 -50.000000
v 59.099038 28.610000 -50.000000
v 59.248889 28.248229 -50.000000
v 59.300000 27.860000 -50.000000
v 59.248889 27.471771 -50.000000
v 59.099038 27.110000 -50.000000
v 58.860660 26.799340 -50.000000
v 58.550000 26.560962 -50.000000
v 58.188229 26.411111 -50.000000
v 57.800000 26.360000 -50.000000
v 57.411771 26.411111 -50.000000
v 57.050000 26.560962 -50.000000
v 56.739340 26.799340 -50.000000
v 56.500962 27.110000 -50.000000
v 56.351111 27.471771 -50.000000
v 120.300000 27.860000 -47.000000
v 120.351111 27.471771 -47.000000
v 120.500962 27.110000 -47.000000
v 120.739340 26.799340 -47.000000
v 121.050000 26.560962 -47.000000
v 121.411771 26.411111 -47.000000
v 121.800000 26.360000 -47.000000
v 122.188229 26.411111 -47.000000
v 122.550000 26.560962 -47.000000
v 122.860660 26.799340 -47.000000
v 123.099038 27.110000 -47.000000
v 123.248889 27.471771 -47.000000
v 123.300000 27.860000 -47.000000
v 123.248889 28.248229 -47.000000
v 123.099038 28.610000 -47.000000
v 122.860660 28.920660 -47.000000
v 122.550000 29.159038 -47.000000
v 122.188229 29.308889 -47.000000
v 121.800000 29.360000 -47.000000
v 121.411771 29.308889 -47.000000
v 121.050000 29.159038 -47.000000
v 120.739340 28.920660 -47.000000
v 120.500962 28.610000 -47.000000
v 120.351111 28.248229 -47.000000
v 120.300000 27.860000 -50.000000
v 120.351111 28.248229 -50.000000
v 120.500962 28.610000 -50.000000
v 120.739340 28.920660 -50.000000
v 121.050000 29.159038 -50.000000
v 121.411771 29.308889 -50.000000
v 121.800000 29.360000 -50.000000
v 122.188229 29.308889 -50.000000
v 122.550000 29.159038 -50.000000
v 122.860660 28.920660 -50.000000
v 123.099038 28.610000 -50.000000
v 123.248889 28.248229 -50.000000
v 123.300000 27.860000 -50.000000
v 123.248889 27.471771 -50.000000
v 123.099038 27.110000 -50.000000
v 122.860660 26.799340 -50.000000
v 122.550000 26.560962 -50.000000
v 122.188229 26.411111 -50.000000
v 121.800000 26.360000 -50.000000
v 121.411771 26.411111 -50.000000
v 121.050000 26.560962 -50.000000
v 120.739340 26.799340 -50.000000
v 120.500962 27.110000 -50.000000
v 120.351111 27.471771 -50.000000
v 98.510000 23.360000 -33.500000
v 98.561111 22.971771 -33.500000
v 98.710962 22.610000 -33.500000
v 98.949340 22.299340 -33.500000
v 99.260000 22.060962 -33.500000
v 99.621771 21.911111 -33.500000
v 100.010000 21.860000 -33.500000
v 100.398229 21.911111 -33.500000
v 100.760000 22.060962 -33.500000
v 101.070660 22.299340 -33.500000
v 101.309038 22.610000 -33.500000
v 101.458889 22.971771 -33.500000
v 101.510000 23.360000 -33.500000
v 101.458889 23.748229 -33.500000
v 101.309038 24.110000 -33.500000
v 101.070660 24.420660 -33.500000
v 100.760000 24.659038 -33.500000
v 100.398229 24.808889 -33.500000
v 100.010000 24.860000 -33.500000
v 99.621771 24.808889 -33.500000
v 99.260000 24.659038 -33.500000
v 98.949340 24.420660 -33.500000
v 98.710962 24.110000 -33.500000
v 98.561111 23.748229 -33.500000
v 98.510000 23.360000 -36.500000
v 98.561111 23.748229 -36.500000
v 98.710962 24.110000 -36.500000
v 98.949340 24.420660 -36.500000
v 99.260000 24.659038 -36.500000
v 99.621771 24.808889 -36.500000
v 100.010000 24.860000 -36.500000
v 100.398229 24.808889 -36.500000
v 100.760000 24.659038 -36.500000
v 101.070660 24.420660 -36.500000
v 101.309038 24.110000 -36.500000
v 101.458889 23.748229 -36.500000
v 101.510000 23.360000 -36.500000
v 101.458889 22.971771 -36.500000
v 101.309038 22.610000 -36.500000
v 101.070660 22.299340 -36.500000
v 100.760000 22.060962 -36.500000
v 100.398229 21.911111 -36.500000
v 100.010000 21.860000 -36.500000
v 99.621771 21.911111 -36.500000
v 99.260000 22.060962 -36.500000
v 98.949340 22.299340 -36.500000
v 98.710962 22.610000 -36.500000
v 98.561111 22.971771 -36.500000
v 101.483635 5.860000 -33.500000
v 98.536365 5.860000 -33.500000
v 98.652380 6.217861 -33.500000
v 98.853788 6.535601 -33.500000
v 99.127921 6.793234 -33.500000
v 99.457536 6.974555 -33.500000
v 99.821902 7.068160 -33.500000
v 100.198098 7.068160 -33.500000
v 100.562464 6.974555 -33.500000
v 100.892079 6.793234 -33.500000
v 101.166212 6.535601 -33.500000
v 101.367620 6.217861 -33.500000
v 98.510770 5.531930 -33.828070
v 98.557329 5.206173 -34.153827
v 98.673800 4.898407 -34.461593
v 98.854578 4.623444 -34.736556
v 99.090963 4.394517 -34.965483
v 99.371578 4.222643 -35.137357
v 99.524317 4.160806 -35.199194
v 99.682918 4.116095 -35.243905
v 99.845466 4.089051 -35.270949
v 100.010000 4.080000 -35.280000
v 100.174534 4.089051 -35.270949
v 100.337082 4.116095 -35.243905
v 100.495683 4.160806 -35.199194
v 100.648422 4.222643 -35.137357
v 100.929037 4.394517 -34.965483
v 101.165422 4.623444 -34.736556
v 101.346200 4.898407 -34.461593
v 101.462671 5.206173 -34.153827
v 101.509230 5.531930 -33.828070
v 98.510000 5.580000 -36.500000
v 98.561111 5.968229 -36.500000
v 98.710962 6.330000 -36.500000
v 98.949340 6.640660 -36.500000
v 99.260000 6.879038 -36.500000
v 99.621771 7.028889 -36.500000
v 100.010000 7.080000 -36.500000
v 100.398229 7.028889 -36.500000
v 100.760000 6.879038 -36.500000
v 101.070660 6.640660 -36.500000
v 101.309038 6.330000 -36.500000
v 101.458889 5.968229 -36.500000
v 101.510000 5.580000 -36.500000
v 101.458889 5.191771 -36.500000
v 101.309038 4.830000 -36.500000
v 101.070660 4.519340 -36.500000
v 100.760000 4.280962 -36.500000
v 100.398229 4.131111 -36.500000
v 100.010000 4.080000 -36.500000
v 99.621771 4.131111 -36.500000
v 99.260000 4.280962 -36.500000
v 98.949340 4.519340 -36.500000
v 98.710962 4.830000 -36.500000
v 98.561111 5.191771 -36.500000
v 78.190000 23.360000 -33.500000
v 78.241111 22.971771 -33.500000
v 78.390962 22.610000 -33.500000
v 78.629340 22.299340 -33.500000
v 78.940000 22.060962 -33.500000
v 79.301771 21.911111 -33.500000
v 79.690000 21.860000 -33.500000
v 80.078229 21.911111 -33.500000
v 80.440000 22.060962 -33.500000
v 80.750660 22.299340 -33.500000
v 80.989038 22.610000 -33.500000
v 81.138889 22.971771 -33.500000
v 81.190000 23.360000 -33.500000
v 81.138889 23.748229 -33.500000
v 80.989038 24.110000 -33.500000
v 80.750660 24.420660 -33.500000
v 80.440000 24.659038 -33.500000
v 80.078229 24.808889 -33.500000
v 79.690000 24.860000 -33.500000
v 79.301771 24.808889 -33.500000
v 78.940000 24.659038 -33.500000
v 78.629340 24.420660 -33.500000
v 78.390962 24.110000 -33.500000
v 78.241111 23.748229 -33.500000
v 78.190000 23.360000 -36.500000
v 78.241111 23.748229 -36.500000
v 78.390962 24.110000 -36.500000
v 78.629340 24.420660 -36.500000
v 78.940000 24.659038 -36.500000
v 79.301771 24.808889 -36.500000
v 79.690000 24.860000 -36.500000
v 80.078229 24.808889 -36.500000
v 80.440000 24.659038 -36.500000
v 80.750660 24.420660 -36.500000
v 80.989038 24.110000 -36.500000
v 81.138889 23.748229 -36.500000
v 81.190000 23.360000 -36.500000
v 81.138889 22.971771 -36.500000
v 80.989038 22.610000 -36.500000
v 80.750660 22.299340 -36.500000
v 80.440000 22.060962 -36.500000
v 80.078229 21.911111 -36.500000
v 79.690000 21.860000 -36.500000
v 79.301771 21.911111 -36.500000
v 78.940000 22.060962 -36.500000
v 78.629340 22.299340 -36.500000
v 78.390962 22.610000 -36.500000
v 78.241111 22.971771 -36.500000
v 81.163635 5.860000 -33.500000
v 78.216365 5.860000 -33.500000
v 78.332380 6.217861 -33.500000
v 78.533788 6.535601 -33.500000
v 78.807921 6.793234 -33.500000
v 79.137536 6.974555 -33.500000
v 79.501902 7.068160 -33.500000
v 79.878098 7.068160 -33.500000
v 80.242464 6.974555 -33.500000
v 80.572079 6.793234 -33.500000
v 80.846212 6.535601 -33.500000
v 81.047620 6.217861 -33.500000
v 78.190770 5.531930 -33.828070
v 78.237329 5.206173 -34.153827
v 78.353800 4.898407 -34.461593
v 78.534578 4.623444 -34.736556
v 78.770963 4.394517 -34.965483
v 79.051578 4.222643 -35.137357
v 79.204317 4.160806 -35.199194
v 79.362918 4.116095 -35.243905
v 79.525466 4.089051 -35.270949
v 79.690000 4.080000 -35.280000
v 79.854534 4.089051 -35.270949
v 80.017082 4.116095 -35.243905
v 80.175683 4.160806 -35.199194
v 80.328422 4.222643 -35.137357
v 80.609037 4.394517 -34.965483
v 80.845422 4.623444 -34.736556
v 81.026200 4.898407 -34.461593
v 81.142671 5.206173 -34.153827
v 81.189230 5.531930 -33.828070
v 78.190000 5.580000 -36.500000
v 78.241111 5.968229 -36.500000
v 78.390962 6.330000 -36.500000
v 78.629340 6.640660 -36.500000
v 78.940000 6.879038 -36.500000
v 79.301771 7.028889 -36.500000
v 79.690000 7.080000 -36.500000
v 80.078229 7.028889 -36.500000
v 80.440000 6.879038 -36.500000
v 80.750660 6.640660 -36.500000
v 80.989038 6.330000 -36.500000
v 81.138889 5.968229 -36.500000
v 81.190000 5.580000 -36.500000
v 81.138889 5.191771 -36.500000
v 80.989038 4.830000 -36.500000
v 80.750660 4.519340 -36.500000
v 80.440000 4.280962 -36.500000
v 80.078229 4.131111 -36.500000
v 79.690000 4.080000 -36.500000
v 79.301771 4.131111 -36.500000
v 78.940000 4.280962 -36.500000
v 78.629340 4.519340 -36.500000
v 78.390962 4.830000 -36.500000
v 78.241111 5.191771 -36.500000
v 102.550000 25.860000 -36.500000
v 102.550000 2.860000 -36.500000
v 77.050000 2.860000 -36.500000
v 77.050000 25.860000 -36.500000
v 77.050000 25.860000 -13.500000
v 102.550000 25.860000 -13.500000
v 129.400000 27.860000 -3.500000
v 129.345481 27.860000 -3.085890
v 129.185641 27.860000 -2.700000
v 128.931371 27.860000 -2.368629
v 128.600000 27.860000 -2.114359
v 128.214110 27.860000 -1.954519
v 127.800000 27.860000 -1.900000
v 127.385890 27.860000 -1.954519
v 127.000000 27.860000 -2.114359
v 126.668629 27.860000 -2.368629
v 126.414359 27.860000 -2.700000
v 126.254519 27.860000 -3.085890
v 126.200000 27.860000 -3.500000
v 126.254519 27.860000 -3.914110
v 126.414359 27.860000 -4.300000
v 126.668629 27.860000 -4.631371
v 127.000000 27.860000 -4.885641
v 127.385890 27.860000 -5.045481
v 127.800000 27.860000 -5.100000
v 128.214110 27.860000 -5.045481
v 128.600000 27.860000 -4.885641
v 128.931371 27.860000 -4.631371
v 129.185641 27.860000 -4.300000
v 129.345481 27.860000 -3.914110
v 129.400000 29.860000 -3.500000
v 129.345481 29.860000 -3.914110
v 129.185641 29.860000 -4.300000
v 128.931371 29.860000 -4.631371
v 128.600000 29.860000 -4.885641
v 128.214110 29.860000 -5.045481
v 127.800000 29.860000 -5.100000
v 127.385890 29.860000 -5.045481
v 127.000000 29.860000 -4.885641
v 126.668629 29.860000 -4.631371
v 126.414359 29.860000 -4.300000
v 126.254519 29.860000 -3.914110
v 126.200000 29.860000 -3.500000
v 126.254519 29.860000 -3.085890
v 126.414359 29.860000 -2.700000
v 126.668629 29.860000 -2.368629
v 127.000000 29.860000 -2.114359
v 127.385890 29.860000 -1.954519
v 127.800000 29.860000 -1.900000
v 128.214110 29.860000 -1.954519
v 128.600000 29.860000 -2.114359
v 128.931371 29.860000 -2.368629
v 129.185641 29.860000 -2.700000
v 129.345481 29.860000 -3.085890
v 128.900000 27.860000 -3.500000
v 128.862518 27.860000 -3.215299
v 128.752628 27.860000 -2.950000
v 128.577817 27.860000 -2.722183
v 128.350000 27.860000 -2.547372
v 128.084701 27.860000 -2.437482
v 127.800000 27.860000 -2.400000
v 127.515299 27.860000 -2.437482
v 127.250000 27.860000 -2.547372
v 127.022183 27.860000 -2.722183
v 126.847372 27.860000 -2.950000
v 126.737482 27.860000 -3.215299
v 126.700000 27.860000 -3.500000
v 126.737482 27.860000 -3.784701
v 126.847372 27.860000 -4.050000
v 127.022183 27.860000 -4.277817
v 127.250000 27.860000 -4.452628
v 127.515299 27.860000 -4.562518
v 127.800000 27.860000 -4.600000
v 128.084701 27.860000 -4.562518
v 128.350000 27.860000 -4.452628
v 128.577817 27.860000 -4.277817
v 128.752628 27.860000 -4.050000
v 128.862518 27.860000 -3.784701
v 53.400000 27.860000 -3.500000
v 53.345481 27.860000 -3.085890
v 53.185641 27.860000 -2.700000
v 52.931371 27.860000 -2.368629
v 52.600000 27.860000 -2.114359
v 52.214110 27.860000 -1.954519
v 51.800000 27.860000 -1.900000
v 51.385890 27.860000 -1.954519
v 51.000000 27.860000 -2.114359
v 50.668629 27.860000 -2.368629
v 50.414359 27.860000 -2.700000
v 50.254519 27.860000 -3.085890
v 50.200000 27.860000 -3.500000
v 50.254519 27.860000 -3.914110
v 50.414359 27.860000 -4.300000
v 50.668629 27.860000 -4.631371
v 51.000000 27.860000 -4.885641
v 51.385890 27.860000 -5.045481
v 51.800000 27.860000 -5.100000
v 52.214110 27.860000 -5.045481
v 52.600000 27.860000 -4.885641
v 52.931371 27.860000 -4.631371
v 53.185641 27.860000 -4.300000
v 53.345481 27.860000 -3.914110
v 53.400000 29.860000 -3.500000
v 53.345481 29.860000 -3.914110
v 53.185641 29.860000 -4.300000
v 52.931371 29.860000 -4.631371
v 52.600000 29.860000 -4.885641
v 52.214110 29.860000 -5.045481
v 51.800000 29.860000 -5.100000
v 51.385890 29.860000 -5.045481
v 51.000000 29.860000 -4.885641
v 50.668629 29.860000 -4.631371
v 50.414359 29.860000 -4.300000
v 50.254519 29.860000 -3.914110
v 50.200000 29.860000 -3.500000
v 50.254519 29.860000 -3.085890
v 50.414359 29.860000 -2.700000
v 50.668629 29.860000 -2.368629
v 51.000000 29.860000 -2.114359
v 51.385890 29.860000 -1.954519
v 51.800000 29.860000 -1.900000
v 52.214110 29.860000 -1.954519
v 52.600000 29.860000 -2.114359
v 52.931371 29.860000 -2.368629
v 53.185641 29.860000 -2.700000
v 53.345481 29.860000 -3.085890
v 52.900000 27.860000 -3.500000
v 52.862518 27.860000 -3.215299
v 52.752628 27.860000 -2.950000
v 52.577817 27.860000 -2.722183
v 52.350000 27.860000 -2.547372
v 52.084701 27.860000 -2.437482
v 51.800000 27.860000 -2.400000
v 51.515299 27.860000 -2.437482
v 51.250000 27.860000 -2.547372
v 51.022183 27.860000 -2.722183
v 50.847372 27.860000 -2.950000
v 50.737482 27.860000 -3.215299
v 50.700000 27.860000 -3.500000
v 50.737482 27.860000 -3.784701
v 50.847372 27.860000 -4.050000
v 51.022183 27.860000 -4.277817
v 51.250000 27.860000 -4.452628
v 51.515299 27.860000 -4.562518
v 51.800000 27.860000 -4.600000
v 52.084701 27.860000 -4.562518
v 52.350000 27.860000 -4.452628
v 52.577817 27.860000 -4.277817
v 52.752628 27.860000 -4.050000
v 52.862518 27.860000 -3.784701
v 129.400000 27.860000 -46.500000
v 129.345481 27.860000 -46.085890
v 129.185641 27.860000 -45.700000
v 128.931371 27.860000 -45.368629
v 128.600000 27.860000 -45.114359
v 128.214110 27.860000 -44.954519
v 127.800000 27.860000 -44.900000
v 127.385890 27.860000 -44.954519
v 127.000000 27.860000 -45.114359
v 126.668629 27.860000 -45.368629
v 126.414359 27.860000 -45.700000
v 126.254519 27.860000 -46.085890
v 126.200000 27.860000 -46.500000
v 126.254519 27.860000 -46.914110
v 126.414359 27.860000 -47.300000
v 126.668629 27.860000 -47.631371
v 127.000000 27.860000 -47.885641
v 127.385890 27.860000 -48.045481
v 127.800000 27.860000 -48.100000
v 128.214110 27.860000 -48.045481
v 128.600000 27.860000 -47.885641
v 128.931371 27.860000 -47.631371
v 129.185641 27.860000 -47.300000
v 129.345481 27.860000 -46.914110
v 129.400000 29.860000 -46.500000
v 129.345481 29.860000 -46.914110
v 129.185641 29.860000 -47.300000
v 128.931371 29.860000 -47.631371
v 128.600000 29.860000 -47.885641
v 128.214110 29.860000 -48.045481
v 127.800000 29.860000 -48.100000
v 127.385890 29.860000 -48.045481
v 127.000000 29.860000 -47.885641
v 126.668629 29.860000 -47.631371
v 126.414359 29.860000 -47.300000
v 126.254519 29.860000 -46.914110
v 126.200000 29.860000 -46.500000
v 126.254519 29.860000 -46.085890
v 126.414359 29.860000 -45.700000
v 126.668629 29.860000 -45.368629
v 127.000000 29.860000 -45.114359
v 127.385890 29.860000 -44.954519
v 127.800000 29.860000 -44.900000
v 128.214110 29.860000 -44.954519
v 128.600000 29.860000 -45.114359
v 128.931371 29.860000 -45.368629
v 129.185641 29.860000 -45.700000
v 129.345481 29.860000 -46.085890
v 128.900000 27.860000 -46.500000
v 128.862518 27.860000 -46.215299
v 128.752628 27.860000 -45.950000
v 128.577817 27.860000 -45.722183
v 128.350000 27.860000 -45.547372
v 128.084701 27.860000 -45.437482
v 127.800000 27.860000 -45.400000
v 127.515299 27.860000 -45.437482
v 127.250000 27.860000 -45.547372
v 127.022183 27.860000 -45.722183
v 126.847372 27.860000 -45.950000
v 126.737482 27.860000 -46.215299
v 126.700000 27.860000 -46.500000
v 126.737482 27.860000 -46.784701
v 126.847372 27.860000 -47.050000
v 127.022183 27.860000 -47.277817
v 127.250000 27.860000 -47.452628
v 127.515299 27.860000 -47.562518
v 127.800000 27.860000 -47.600000
v 128.084701 27.860000 -47.562518
v 128.350000 27.860000 -47.452628
v 128.577817 27.860000 -47.277817
v 128.752628 27.860000 -47.050000
v 128.862518 27.860000 -46.784701
v 53.400000 27.860000 -46.500000
v 53.345481 27.860000 -46.085890
v 53.185641 27.860000 -45.700000
v 52.931371 27.860000 -45.368629
v 52.600000 27.860000 -45.114359
v 52.214110 27.860000 -44.954519
v 51.800000 27.860000 -44.900000
v 51.385890 27.860000 -44.954519
v 51.000000 27.860000 -45.114359
v 50.668629 27.860000 -45.368629
v 50.414359 27.860000 -45.700000
v 50.254519 27.860000 -46.085890
v 50.200000 27.860000 -46.500000
v 50.254519 27.860000 -46.914110
v 50.414359 27.860000 -47.300000
v 50.668629 27.860000 -47.631371
v 51.000000 27.860000 -47.885641
v 51.385890 27.860000 -48.045481
v 51.800000 27.860000 -48.100000
v 52.214110 27.860000 -48.045481
v 52.600000 27.860000 -47.885641
v 52.931371 27.860000 -47.631371
v 53.185641 27.860000 -47.300000
v 53.345481 27.860000 -46.914110
v 53.400000 29.860000 -46.500000
v 53.345481 29.860000 -46.914110
v 53.185641 29.860000 -47.300000
v 52.931371 29.860000 -47.631371
v 52.600000 29.860000 -47.885641
v 52.214110 29.860000 -48.045481
v 51.800000 29.860000 -48.100000
v 51.385890 29.860000 -48.045481
v 51.000000 29.860000 -47.885641
v 50.668629 29.860000 -47.631371
v 50.414359 29.860000 -47.300000
v 50.254519 29.860000 -46.914110
v 50.200000 29.860000 -46.500000
v 50.254519 29.860000 -46.085890
v 50.414359 29.860000 -45.700000
v 50.668629 29.860000 -45.368629
v 51.000000 29.860000 -45.114359
v 51.385890 29.860000 -44.954519
v 51.800000 29.860000 -44.900000
v 52.214110 29.860000 -44.954519
v 52.600000 29.860000 -45.114359
v 52.931371 29.860000 -45.368629
v 53.185641 29.860000 -45.700000
v 53.345481 29.860000 -46.085890
v 52.900000 27.860000 -46.500000
v 52.862518 27.860000 -46.215299
v 52.752628 27.860000 -45.950000
v 52.577817 27.860000 -45.722183
v 52.350000 27.860000 -45.547372
v 52.084701 27.860000 -45.437482
v 51.800000 27.860000 -45.400000
v 51.515299 27.860000 -45.437482
v 51.250000 27.860000 -45.547372
v 51.022183 27.860000 -45.722183
v 50.847372 27.860000 -45.950000
v 50.737482 27.860000 -46.215299
v 50.700000 27.860000 -46.500000
v 50.737482 27.860000 -46.784701
v 50.847372 27.860000 -47.050000
v 51.022183 27.860000 -47.277817
v 51.250000 27.860000 -47.452628
v 51.515299 27.860000 -47.562518
v 51.800000 27.860000 -47.600000
v 52.084701 27.860000 -47.562518
v 52.350000 27.860000 -47.452628
v 52.577817 27.860000 -47.277817
v 52.752628 27.860000 -47.050000
v 52.862518 27.860000 -46.784701
v 50.700000 25.860000 -3.500000
v 50.737482 25.860000 -3.784701
v 50.847372 25.860000 -4.050000
v 51.022183 25.860000 -4.277817
v 51.250000 25.860000 -4.452628
v 51.515299 25.860000 -4.562518
v 51.800000 25.860000 -4.600000
v 52.084701 25.860000 -4.562518
v 52.350000 25.860000 -4.452628
v 52.577817 25.860000 -4.277817
v 52.752628 25.860000 -4.050000
v 52.862518 25.860000 -3.784701
v 52.900000 25.860000 -3.500000
v 52.862518 25.860000 -3.215299
v 52.752628 25.860000 -2.950000
v 52.577817 25.860000 -2.722183
v 52.350000 25.860000 -2.547372
v 52.084701 25.860000 -2.437482
v 51.800000 25.860000 -2.400000
v 51.515299 25.860000 -2.437482
v 51.250000 25.860000 -2.547372
v 51.022183 25.860000 -2.722183
v 50.847372 25.860000 -2.950000
v 50.737482 25.860000 -3.215299
v 126.700000 25.860000 -3.500000
v 126.737482 25.860000 -3.784701
v 126.847372 25.860000 -4.050000
v 127.022183 25.860000 -4.277817
v 127.250000 25.860000 -4.452628
v 127.515299 25.860000 -4.562518
v 127.800000 25.860000 -4.600000
v 128.084701 25.860000 -4.562518
v 128.350000 25.860000 -4.452628
v 128.577817 25.860000 -4.277817
v 128.752628 25.860000 -4.050000
v 128.862518 25.860000 -3.784701
v 128.900000 25.860000 -3.500000
v 128.862518 25.860000 -3.215299
v 128.752628 25.860000 -2.950000
v 128.577817 25.860000 -2.722183
v 128.350000 25.860000 -2.547372
v 128.084701 25.860000 -2.437482
v 127.800000 25.860000 -2.400000
v 127.515299 25.860000 -2.437482
v 127.250000 25.860000 -2.547372
v 127.022183 25.860000 -2.722183
v 126.847372 25.860000 -2.950000
v 126.737482 25.860000 -3.215299
v 50.700000 25.860000 -46.500000
v 50.737482 25.860000 -46.784701
v 50.847372 25.860000 -47.050000
v 51.022183 25.860000 -47.277817
v 51.250000 25.860000 -47.452628
v 51.515299 25.860000 -47.562518
v 51.800000 25.860000 -47.600000
v 52.084701 25.860000 -47.562518
v 52.350000 25.860000 -47.452628
v 52.577817 25.860000 -47.277817
v 52.752628 25.860000 -47.050000
v 52.862518 25.860000 -46.784701
v 52.900000 25.860000 -46.500000
v 52.862518 25.860000 -46.215299
v 52.752628 25.860000 -45.950000
v 52.577817 25.860000 -45.722183
v 52.350000 25.860000 -45.547372
v 52.084701 25.860000 -45.437482
v 51.800000 25.860000 -45.400000
v 51.515299 25.860000 -45.437482
v 51.250000 25.860000 -45.547372
v 51.022183 25.860000 -45.722183
v 50.847372 25.860000 -45.950000
v 50.737482 25.860000 -46.215299
v 126.700000 25.860000 -46.500000
v 126.737482 25.860000 -46.784701
v 126.847372 25.860000 -47.050000
v 127.022183 25.860000 -47.277817
v 127.250000 25.860000 -47.452628
v 127.515299 25.860000 -47.562518
v 127.800000 25.860000 -47.600000
v 128.084701 25.860000 -47.562518
v 128.350000 25.860000 -47.452628
v 128.577817 25.860000 -47.277817
v 128.752628 25.860000 -47.050000
v 128.862518 25.860000 -46.784701
v 128.900000 25.860000 -46.500000
v 128.862518 25.860000 -46.215299
v 128.752628 25.860000 -45.950000
v 128.577817 25.860000 -45.722183
v 128.350000 25.860000 -45.547372
v 128.084701 25.860000 -45.437482
v 127.800000 25.860000 -45.400000
v 127.515299 25.860000 -45.437482
v 127.250000 25.860000 -45.547372
v 127.022183 25.860000 -45.722183
v 126.847372 25.860000 -45.950000
v 126.737482 25.860000 -46.215299
v 49.800000 29.860000 -50.000000
v 49.800000 25.860000 -50.000000
v 49.800000 25.860000 0.000000
v 49.800000 29.860000 0.000000
v 129.800000 25.860000 -50.000000
v 129.800000 25.860000 0.000000
v 129.800000 29.860000 -50.000000
v 129.800000 29.860000 0.000000
vt 0.400000 -1.492257 0.000000
vt 0.000000 -1.492257 0.000000
vt 0.400000 -1.570796 0.000000
vt 0.000000 -1.570796 0.000000
vt 0.400000 1.570796 0.000000
vt 0.000000 1.570796 0.000000
vt 0.400000 1.492257 0.000000
vt 0.000000 1.492257 0.000000
vt 0.400000 1.413717 0.000000
vt 0.000000 1.413717 0.000000
vt 0.400000 1.335177 0.000000
vt 0.000000 1.335177 0.000000
vt 0.400000 1.256637 0.000000
vt 0.000000 1.256637 0.000000
vt 0.400000 1.178097 0.000000
vt 0.000000 1.178097 0.000000
vt 0.400000 1.099557 0.000000
vt 0.000000 1.099557 0.000000
vt 0.400000 1.021018 0.000000
vt 0.000000 1.021018 0.000000
vt 0.400000 0.942478 0.000000
vt 0.000000 0.942478 0.000000
vt 0.400000 0.863938 0.000000
vt 0.000000 0.863938 0.000000
vt 0.400000 0.785398 0.000000
vt 0.000000 0.785398 0.000000
vt 0.400000 0.706858 0.000000
vt 0.000000 0.706858 0.000000
vt 0.400000 0.628319 0.000000
vt 0.000000 0.628319 0.000000
vt 0.400000 0.549779 0.000000
vt 0.000000 0.549779 0.000000
vt 0.400000 0.471239 0.000000
vt -0.000000 0.471239 0.000000
vt 0.400000 0.392699 0.000000
vt 0.000000 0.392699 0.000000
vt 0.400000 0.314159 0.000000
vt 0.000000 0.314159 0.000000
vt 0.400000 0.235619 0.000000
vt 0.000000 0.235619 0.000000
vt 0.400000 0.157080 0.000000
vt -0.000000 0.157080 0.000000
vt 0.400000 0.078540 0.000000
vt 0.000000 0.078540 0.000000
vt 0.400000 0.000000 0.000000
vt 0.000000 0.000000 0.000000
vt 0.400000 -0.078540 0.000000
vt 0.000000 -0.078540 0.000000
vt 0.400000 -0.157080 0.000000
vt 0.000000 -0.157080 0.000000
vt 0.400000 -0.235619 0.000000
vt 0.000000 -0.235619 0.000000
vt 0.400000 -0.314159 0.000000
vt 0.000000 -0.314159 0.000000
vt 0.400000 -0.392699 0.000000
vt 0.000000 -0.392699 0.000000
vt 0.400000 -0.471239 0.000000
vt 0.000000 -0.471239 0.000000
vt 0.400000 -0.549779 0.000000
vt 0.000000 -0.549779 0.000000
vt 0.400000 -0.628319 0.000000
vt 0.000000 -0.628319 0.000000
vt 0.400000 -0.706858 0.000000
vt 0.000000 -0.706858 0.000000
vt 0.400000 -0.785398 0.000000
vt 0.000000 -0.785398 0.000000
vt 0.400000 -0.863938 0.000000
vt 0.000000 -0.863938 0.000000
vt 0.400000 -0.942478 0.000000
vt 0.000000 -0.942478 0.000000
vt 0.400000 -1.021018 0.000000
vt 0.000000 -1.021018 0.000000
vt 0.400000 -1.099557 0.000000
vt 0.000000 -1.099557 0.000000
vt 0.400000 -1.178097 0.000000
vt 0.000000 -1.178097 0.000000
vt 0.400000 -1.256637 0.000000
vt 0.000000 -1.256637 0.000000
vt 0.400000 -1.335177 0.000000
vt 0.000000 -1.335177 0.000000
vt 0.400000 -1.413717 0.000000
vt 0.000000 -1.413717 0.000000
vt 0.400000 -1.492257 0.000000
vt 0.000000 -1.492257 0.000000
vt 0.400000 -1.570796 0.000000
vt 0.000000 -1.570796 0.000000
vt 0.400000 1.570796 0.000000
vt 0.000000 1.570796 0.000000
vt 0.400000 1.492257 0.000000
vt 0.000000 1.492257 0.000000
vt 0.400000 1.413717 0.000000
vt 0.000000 1.413717 0.000000
vt 0.400000 1.335177 0.000000
vt 0.000000 1.335177 0.000000
vt 0.400000 1.256637 0.000000
vt 0.000000 1.256637 0.000000
vt 0.400000 1.178097 0.000000
vt 0.000000 1.178097 0.000000
vt 0.400000 1.099557 0.000000
vt 0.000000 1.099557 0.000000
vt 0.400000 1.021018 0.000000
vt 0.000000 1.021018 0.000000
vt 0.400000 0.942478 0.000000
vt 0.000000 0.942478 0.000000
vt 0.400000 0.863938 0.000000
vt 0.000000 0.863938 0.000000
vt 0.400000 0.785398 0.000000
vt 0.000000 0.785398 0.000000
vt 0.400000 0.706858 0.000000
vt -0.000000 0.706858 0.000000
vt 0.400000 0.628319 0.000000
vt -0.000000 0.628319 0.000000
vt 0.400000 0.549779 0.000000
vt -0.000000 0.549779 0.000000
vt 0.400000 0.471239 0.000000
vt -0.000000 0.471239 0.000000
vt 0.400000 0.392699 0.000000
vt -0.000000 0.392699 0.000000
vt 0.400000 0.314159 0.000000
vt -0.000000 0.314159 0.000000
vt 0.400000 0.235619 0.000000
vt -0.000000 0.235619 0.000000
vt 0.400000 0.157080 0.000000
vt -0.000000 0.157080 0.000000
vt 0.400000 0.078540 0.000000
vt 0.000000 0.078540 0.000000
vt 0.400000 0.000000 0.000000
vt 0.000000 0.000000 0.000000
vt 0.400000 -0.078540 0.000000
vt 0.000000 -0.078540 0.000000
vt 0.400000 -0.157080 0.000000
vt 0.000000 -0.157080 0.000000
vt 0.400000 -0.235619 0.000000
vt 0.000000 -0.235619 0.000000
vt 0.400000 -0.314159 0.000000
vt 0.000000 -0.314159 0.000000
vt 0.400000 -0.392699 0.000000
vt 0.000000 -0.392699 0.000000
vt 0.400000 -0.471239 0.000000
vt 0.000000 -0.471239 0.000000
vt 0.400000 -0.549779 0.000000
vt 0.000000 -0.549779 0.000000
vt 0.400000 -0.628319 0.000000
vt 0.000000 -0.628319 0.000000
vt 0.400000 -0.706858 0.000000
vt 0.000000 -0.706858 0.000000
vt 0.400000 -0.785398 0.000000
vt 0.000000 -0.785398 0.000000
vt 0.400000 -0.863938 0.000000
vt 0.000000 -0.863938 0.000000
vt 0.400000 -0.942478 0.000000
vt 0.000000 -0.942478 0.000000
vt 0.400000 -1.021018 0.000000
vt 0.000000 -1.021018 0.000000
vt 0.400000 -1.099557 0.000000
vt 0.000000 -1.099557 0.000000
vt 0.400000 -1.178097 0.000000
vt 0.000000 -1.178097 0.000000
vt 0.400000 -1.256637 0.000000
vt 0.000000 -1.256637 0.000000
vt 0.400000 -1.335177 0.000000
vt 0.000000 -1.335177 0.000000
vt 0.400000 -1.413717 0.000000
vt 0.000000 -1.413717 0.000000
vt 0.400000 -1.492257 0.000000
vt 0.000000 -1.492257 0.000000
vt 0.400000 -1.570796 0.000000
vt 0.000000 -1.570796 0.000000
vt 0.400000 1.570796 0.000000
vt 0.000000 1.570796 0.000000
vt 0.400000 1.492257 0.000000
vt 0.000000 1.492257 0.000000
vt 0.400000 1.413717 0.000000
vt 0.000000 1.413717 0.000000
vt 0.400000 1.335177 0.000000
vt 0.000000 1.335177 0.000000
vt 0.400000 1.256637 0.000000
vt 0.000000 1.256637 0.000000
vt 0.400000 1.178097 0.000000
vt 0.000000 1.178097 0.000000
vt 0.400000 1.099557 0.000000
vt 0.000000 1.099557 0.000000
vt 0.400000 1.021018 0.000000
vt 0.000000 1.021018 0.000000
vt 0.400000 0.942478 0.000000
vt 0.000000 0.942478 0.000000
vt 0.400000 0.863938 0.000000
vt 0.000000 0.863938 0.000000
vt 0.400000 0.785398 0.000000
vt 0.000000 0.785398 0.000000
vt 0.400000 0.706858 0.000000
vt 0.000000 0.706858 0.000000
vt 0.400000 0.628319 0.000000
vt -0.000000 0.628319 0.000000
vt 0.400000 0.549779 0.000000
vt 0.000000 0.549779 0.000000
vt 0.400000 0.471239 0.000000
vt 0.000000 0.471239 0.000000
vt 0.400000 0.392699 0.000000
vt -0.000000 0.392699 0.000000
vt 0.400000 0.314159 0.000000
vt -0.000000 0.314159 0.000000
vt 0.400000 0.235619 0.000000
vt -0.000000 0.235619 0.000000
vt 0.400000 0.157080 0.000000
vt -0.000000 0.157080 0.000000
vt 0.400000 0.078540 0.000000
vt 0.000000 0.078540 0.000000
vt 0.400000 0.000000 0.000000
vt 0.000000 0.000000 0.000000
vt 0.400000 -0.078540 0.000000
vt 0.000000 -0.078540 0.000000
vt 0.400000 -0.157080 0.000000
vt 0.000000 -0.157080 0.000000
vt 0.400000 -0.235619 0.000000
vt 0.000000 -0.235619 0.000000
vt 0.400000 -0.314159 0.000000
vt 0.000000 -0.314159 0.000000
vt 0.400000 -0.392699 0.000000
vt 0.000000 -0.392699 0.000000
vt 0.400000 -0.471239 0.000000
vt 0.000000 -0.471239 0.000000
vt 0.400000 -0.549779 0.000000
vt 0.000000 -0.549779 0.000000
vt 0.400000 -0.628319 0.000000
vt 0.000000 -0.628319 0.000000
vt 0.400000 -0.706858 0.000000
vt 0.000000 -0.706858 0.000000
vt 0.400000 -0.785398 0.000000
vt 0.000000 -0.785398 0.000000
vt 0.400000 -0.863938 0.000000
vt 0.000000 -0.863938 0.000000
vt 0.400000 -0.942478 0.000000
vt 0.000000 -0.942478 0.000000
vt 0.400000 -1.021018 0.000000
vt 0.000000 -1.021018 0.000000
vt 0.400000 -1.099557 0.000000
vt 0.000000 -1.099557 0.000000
vt 0.400000 -1.178097 0.000000
vt 0.000000 -1.178097 0.000000
vt 0.400000 -1.256637 0.000000
vt 0.000000 -1.256637 0.000000
vt 0.400000 -1.335177 0.000000
vt 0.000000 -1.335177 0.000000
vt 0.400000 -1.413717 0.000000
vt 0.000000 -1.413717 0.000000
vt 0.400000 -1.492257 0.000000
vt 0.000000 -1.492257 0.000000
vt 0.400000 -1.570796 0.000000
vt 0.000000 -1.570796 0.000000
vt 0.400000 1.570796 0.000000
vt 0.000000 1.570796 0.000000
vt 0.400000 1.492257 0.000000
vt 0.000000 1.492257 0.000000
vt 0.400000 1.413717 0.000000
vt 0.000000 1.413717 0.000000
vt 0.400000 1.335177 0.000000
vt 0.000000 1.335177 0.000000
vt 0.400000 1.256637 0.000000
vt 0.000000 1.256637 0.000000
vt 0.400000 1.178097 0.000000
vt 0.000000 1.178097 0.000000
vt 0.400000 1.099557 0.000000
vt 0.000000 1.099557 0.000000
vt 0.400000 1.021018 0.000000
vt 0.000000 1.021018 0.000000
vt 0.400000 0.942478 0.000000
vt 0.000000 0.942478 0.000000
vt 0.400000 0.863938 0.000000
vt 0.000000 0.863938 0.000000
vt 0.400000 0.785398 0.000000
vt 0.000000 0.785398 0.000000
vt 0.400000 0.706858 0.000000
vt 0.000000 0.706858 0.000000
vt 0.400000 0.628319 0.000000
vt -0.000000 0.628319 0.000000
vt 0.400000 0.549779 0.000000
vt 0.000000 0.549779 0.000000
vt 0.400000 0.471239 0.000000
vt -0.000000 0.471239 0.000000
vt 0.400000 0.392699 0.000000
vt -0.000000 0.392699 0.000000
vt 0.400000 0.314159 0.000000
vt -0.000000 0.314159 0.000000
vt 0.400000 0.235619 0.000000
vt -0.000000 0.235619 0.000000
vt 0.400000 0.157080 0.000000
vt -0.000000 0.157080 0.000000
vt 0.400000 0.078540 0.000000
vt 0.000000 0.078540 0.000000
vt 0.400000 0.000000 0.000000
vt 0.000000 0.000000 0.000000
vt 0.400000 -0.078540 0.000000
vt 0.000000 -0.078540 0.000000
vt 0.400000 -0.157080 0.000000
vt 0.000000 -0.157080 0.000000
vt 0.400000 -0.235619 0.000000
vt 0.000000 -0.235619 0.000000
vt 0.400000 -0.314159 0.000000
vt 0.000000 -0.314159 0.000000
vt 0.400000 -0.392699 0.000000
vt 0.000000 -0.392699 0.000000
vt 0.400000 -0.471239 0.000000
vt 0.000000 -0.471239 0.000000
vt 0.400000 -0.549779 0.000000
vt 0.000000 -0.549779 0.000000
vt 0.400000 -0.628319 0.000000
vt 0.000000 -0.628319 0.000000
vt 0.400000 -0.706858 0.000000
vt 0.000000 -0.706858 0.000000
vt 0.400000 -0.785398 0.000000
vt 0.000000 -0.785398 0.000000
vt 0.400000 -0.863938 0.000000
vt 0.000000 -0.863938 0.000000
vt 0.400000 -0.942478 0.000000
vt 0.000000 -0.942478 0.000000
vt 0.400000 -1.021018 0.000000
vt 0.000000 -1.021018 0.000000
vt 0.400000 -1.099557 0.000000
vt 0.000000 -1.099557 0.000000
vt 0.400000 -1.178097 0.000000
vt 0.000000 -1.178097 0.000000
vt 0.400000 -1.256637 0.000000
vt 0.000000 -1.256637 0.000000
vt 0.400000 -1.335177 0.000000
vt 0.000000 -1.335177 0.000000
vt 0.400000 -1.413717 0.000000
vt 0.000000 -1.413717 0.000000
vt 0.400000 -1.492257 0.000000
vt 0.000000 -1.492257 0.000000
vt 0.400000 -1.570796 0.000000
vt 0.000000 -1.570796 0.000000
vt 0.400000 1.570796 0.000000
vt 0.000000 1.570796 0.000000
vt 0.400000 1.492257 0.000000
vt 0.000000 1.492257 0.000000
vt 0.400000 1.413717 0.000000
vt 0.000000 1.413717 0.000000
vt 0.400000 1.335177 0.000000
vt 0.000000 1.335177 0.000000
vt 0.400000 1.256637 0.000000
vt 0.000000 1.256637 0.000000
vt 0.400000 1.178097 0.000000
vt 0.000000 1.178097 0.000000
vt 0.400000 1.099557 0.000000
vt 0.000000 1.099557 0.000000
vt 0.400000 1.021018 0.000000
vt 0.000000 1.021018 0.000000
vt 0.400000 0.942478 0.000000
vt 0.000000 0.942478 0.000000
vt 0.400000 0.863938 0.000000
vt 0.000000 0.863938 0.000000
vt 0.400000 0.785398 0.000000
vt 0.000000 0.785398 0.000000
vt 0.400000 0.706858 0.000000
vt -0.000000 0.706858 0.000000
vt 0.400000 0.628319 0.000000
vt 0.000000 0.628319 0.000000
vt 0.400000 0.549779 0.000000
vt -0.000000 0.549779 0.000000
vt 0.400000 0.471239 0.000000
vt -0.000000 0.471239 0.000000
vt 0.400000 0.392699 0.000000
vt 0.000000 0.392699 0.000000
vt 0.400000 0.314159 0.000000
vt 0.000000 0.314159 0.000000
vt 0.400000 0.235619 0.000000
vt 0.000000 0.235619 0.000000
vt 0.400000 0.157080 0.000000
vt -0.000000 0.157080 0.000000
vt 0.400000 0.078540 0.000000
vt 0.000000 0.078540 0.000000
vt 0.400000 0.000000 0.000000
vt 0.000000 0.000000 0.000000
vt 0.400000 -0.078540 0.000000
vt 0.000000 -0.078540 0.000000
vt 0.400000 -0.157080 0.000000
vt 0.000000 -0.157080 0.000000
vt 0.400000 -0.235619 0.000000
vt 0.000000 -0.235619 0.000000
vt 0.400000 -0.314159 0.000000
vt 0.000000 -0.314159 0.000000
vt 0.400000 -0.392699 0.000000
vt 0.000000 -0.392699 0.000000
vt 0.400000 -0.471239 0.000000
vt 0.000000 -0.471239 0.000000
vt 0.400000 -0.549779 0.000000
vt 0.000000 -0.549779 0.000000
vt 0.400000 -0.628319 0.000000
vt 0.000000 -0.628319 0.000000
vt 0.400000 -0.706858 0.000000
vt 0.000000 -0.706858 0.000000
vt 0.400000 -0.785398 0.000000
vt 0.000000 -0.785398 0.000000
vt 0.400000 -0.863938 0.000000
vt 0.000000 -0.863938 0.000000
vt 0.400000 -0.942478 0.000000
vt 0.000000 -0.942478 0.000000
vt 0.400000 -1.021018 0.000000
vt 0.000000 -1.021018 0.000000
vt 0.400000 -1.099557 0.000000
vt 0.000000 -1.099557 0.000000
vt 0.400000 -1.178097 0.000000
vt 0.000000 -1.178097 0.000000
vt 0.400000 -1.256637 0.000000
vt 0.000000 -1.256637 0.000000
vt 0.400000 -1.335177 0.000000
vt 0.000000 -1.335177 0.000000
vt 0.400000 -1.413717 0.000000
vt 0.000000 -1.413717 0.000000
vt 0.400000 -1.492257 0.000000
vt 0.000000 -1.492257 0.000000
vt 0.400000 -1.570796 0.000000
vt 0.000000 -1.570796 0.000000
vt 0.400000 1.570796 0.000000
vt 0.000000 1.570796 0.000000
vt 0.400000 1.492257 0.000000
vt 0.000000 1.492257 0.000000
vt 0.400000 1.413717 0.000000
vt 0.000000 1.413717 0.000000
vt 0.400000 1.335177 0.000000
vt 0.000000 1.335177 0.000000
vt 0.400000 1.256637 0.000000
vt 0.000000 1.256637 0.000000
vt 0.400000 1.178097 0.000000
vt 0.000000 1.178097 0.000000
vt 0.400000 1.099557 0.000000
vt 0.000000 1.099557 0.000000
vt 0.400000 1.021018 0.000000
vt 0.000000 1.021018 0.000000
vt 0.400000 0.942478 0.000000
vt 0.000000 0.942478 0.000000
vt 0.400000 0.863938 0.000000
vt 0.000000 0.863938 0.000000
vt 0.400000 0.785398 0.000000
vt 0.000000 0.785398 0.000000
vt 0.400000 0.706858 0.000000
vt 0.000000 0.706858 0.000000
vt 0.400000 0.628319 0.000000
vt 0.000000 0.628319 0.000000
vt 0.400000 0.549779 0.000000
vt 0.000000 0.549779 0.000000
vt 0.400000 0.471239 0.000000
vt 0.000000 0.471239 0.000000
vt 0.400000 0.392699 0.000000
vt 0.000000 0.392699 0.000000
vt 0.400000 0.314159 0.000000
vt 0.000000 0.314159 0.000000
vt 0.400000 0.235619 0.000000
vt 0.000000 0.235619 0.000000
vt 0.400000 0.157080 0.000000
vt -0.000000 0.157080 0.000000
vt 0.400000 0.078540 0.000000
vt 0.000000 0.078540 0.000000
vt 0.400000 0.000000 0.000000
vt 0.000000 0.000000 0.000000
vt 0.400000 -0.078540 0.000000
vt 0.000000 -0.078540 0.000000
vt 0.400000 -0.157080 0.000000
vt 0.000000 -0.157080 0.000000
vt 0.400000 -0.235619 0.000000
vt 0.000000 -0.235619 0.000000
vt 0.400000 -0.314159 0.000000
vt 0.000000 -0.314159 0.000000
vt 0.400000 -0.392699 0.000000
vt 0.000000 -0.392699 0.000000
vt 0.400000 -0.471239 0.000000
vt 0.000000 -0.471239 0.000000
vt 0.400000 -0.549779 0.000000
vt 0.000000 -0.549779 0.000000
vt 0.400000 -0.628319 0.000000
vt 0.000000 -0.628319 0.000000
vt 0.400000 -0.706858 0.000000
vt 0.000000 -0.706858 0.000000
vt 0.400000 -0.785398 0.000000
vt 0.000000 -0.785398 0.000000
vt 0.400000 -0.863938 0.000000
vt 0.000000 -0.863938 0.000000
vt 0.400000 -0.942478 0.000000
vt 0.000000 -0.942478 0.000000
vt 0.400000 -1.021018 0.000000
vt 0.000000 -1.021018 0.000000
vt 0.400000 -1.099557 0.000000
vt 0.000000 -1.099557 0.000000
vt 0.400000 -1.178097 0.000000
vt 0.000000 -1.178097 0.000000
vt 0.400000 -1.256637 0.000000
vt 0.000000 -1.256637 0.000000
vt 0.400000 -1.335177 0.000000
vt 0.000000 -1.335177 0.000000
vt 0.400000 -1.413717 0.000000
vt 0.000000 -1.413717 0.000000
vt 0.400000 -1.492257 0.000000
vt 0.000000 -1.492257 0.000000
vt 0.400000 -1.570796 0.000000
vt 0.000000 -1.570796 0.000000
vt 0.400000 1.570796 0.000000
vt 0.000000 1.570796 0.000000
vt 0.400000 1.492257 0.000000
vt 0.000000 1.492257 0.000000
vt 0.400000 1.413717 0.000000
vt 0.000000 1.413717 0.000000
vt 0.400000 1.335177 0.000000
vt 0.000000 1.335177 0.000000
vt 0.400000 1.256637 0.000000
vt 0.000000 1.256637 0.000000
vt 0.400000 1.178097 0.000000
vt 0.000000 1.178097 0.000000
vt 0.400000 1.099557 0.000000
vt 0.000000 1.099557 0.000000
vt 0.400000 1.021018 0.000000
vt 0.000000 1.021018 0.000000
vt 0.400000 0.942478 0.000000
vt 0.000000 0.942478 0.000000
vt 0.400000 0.863938 0.000000
vt 0.000000 0.863938 0.000000
vt 0.400000 0.785398 0.000000
vt 0.000000 0.785398 0.000000
vt 0.400000 0.706858 0.000000
vt 0.000000 0.706858 0.000000
vt 0.400000 0.628319 0.000000
vt -0.000000 0.628319 0.000000
vt 0.400000 0.549779 0.000000
vt 0.000000 0.549779 0.000000
vt 0.400000 0.471239 0.000000
vt -0.000000 0.471239 0.000000
vt 0.400000 0.392699 0.000000
vt 0.000000 0.392699 0.000000
vt 0.400000 0.314159 0.000000
vt -0.000000 0.314159 0.000000
vt 0.400000 0.235619 0.000000
vt 0.000000 0.235619 0.000000
vt 0.400000 0.157080 0.000000
vt -0.000000 0.157080 0.000000
vt 0.400000 0.078540 0.000000
vt 0.000000 0.078540 0.000000
vt 0.400000 0.000000 0.000000
vt 0.000000 0.000000 0.000000
vt 0.400000 -0.078540 0.000000
vt 0.000000 -0.078540 0.000000
vt 0.400000 -0.157080 0.000000
vt 0.000000 -0.157080 0.000000
vt 0.400000 -0.235619 0.000000
vt 0.000000 -0.235619 0.000000
vt 0.400000 -0.314159 0.000000
vt 0.000000 -0.314159 0.000000
vt 0.400000 -0.392699 0.000000
vt 0.000000 -0.392699 0.000000
vt 0.400000 -0.471239 0.000000
vt 0.000000 -0.471239 0.000000
vt 0.400000 -0.549779 0.000000
vt 0.000000 -0.549779 0.000000
vt 0.400000 -0.628319 0.000000
vt 0.000000 -0.628319 0.000000
vt 0.400000 -0.706858 0.000000
vt 0.000000 -0.706858 0.000000
vt 0.400000 -0.785398 0.000000
vt 0.000000 -0.785398 0.000000
vt 0.400000 -0.863938 0.000000
vt 0.000000 -0.863938 0.000000
vt 0.400000 -0.942478 0.000000
vt 0.000000 -0.942478 0.000000
vt 0.400000 -1.021018 0.000000
vt 0.000000 -1.021018 0.000000
vt 0.400000 -1.099557 0.000000
vt 0.000000 -1.099557 0.000000
vt 0.400000 -1.178097 0.000000
vt 0.000000 -1.178097 0.000000
vt 0.400000 -1.256637 0.000000
vt 0.000000 -1.256637 0.000000
vt 0.400000 -1.335177 0.000000
vt 0.000000 -1.335177 0.000000
vt 0.400000 -1.413717 0.000000
vt 0.000000 -1.413717 0.000000
vt 0.400000 -1.492257 0.000000
vt 0.000000 -1.492257 0.000000
vt 0.400000 -1.570796 0.000000
vt 0.000000 -1.570796 0.000000
vt 0.400000 1.570796 0.000000
vt 0.000000 1.570796 0.000000
vt 0.400000 1.492257 0.000000
vt 0.000000 1.492257 0.000000
vt 0.400000 1.413717 0.000000
vt 0.000000 1.413717 0.000000
vt 0.400000 1.335177 0.000000
vt 0.000000 1.335177 0.000000
vt 0.400000 1.256637 0.000000
vt 0.000000 1.256637 0.000000
vt 0.400000 1.178097 0.000000
vt 0.000000 1.178097 0.000000
vt 0.400000 1.099557 0.000000
vt 0.000000 1.099557 0.000000
vt 0.400000 1.021018 0.000000
vt 0.000000 1.021018 0.000000
vt 0.400000 0.942478 0.000000
vt 0.000000 0.942478 0.000000
vt 0.400000 0.863938 0.000000
vt 0.000000 0.863938 0.000000
vt 0.400000 0.785398 0.000000
vt 0.000000 0.785398 0.000000
vt 0.400000 0.706858 0.000000
vt -0.000000 0.706858 0.000000
vt 0.400000 0.628319 0.000000
vt -0.000000 0.628319 0.000000
vt 0.400000 0.549779 0.000000
vt -0.000000 0.549779 0.000000
vt 0.400000 0.471239 0.000000
vt -0.000000 0.471239 0.000000
vt 0.400000 0.392699 0.000000
vt -0.000000 0.392699 0.000000
vt 0.400000 0.314159 0.000000
vt -0.000000 0.314159 0.000000
vt 0.400000 0.235619 0.000000
vt -0.000000 0.235619 0.000000
vt 0.400000 0.157080 0.000000
vt -0.000000 0.157080 0.000000
vt 0.400000 0.078540 0.000000
vt 0.000000 0.078540 0.000000
vt 0.400000 0.000000 0.000000
vt 0.000000 0.000000 0.000000
vt 0.400000 -0.078540 0.000000
vt 0.000000 -0.078540 0.000000
vt 0.400000 -0.157080 0.000000
vt 0.000000 -0.157080 0.000000
vt 0.400000 -0.235619 0.000000
vt 0.000000 -0.235619 0.000000
vt 0.400000 -0.314159 0.000000
vt 0.000000 -0.314159 0.000000
vt 0.400000 -0.392699 0.000000
vt 0.000000 -0.392699 0.000000
vt 0.400000 -0.471239 0.000000
vt 0.000000 -0.471239 0.000000
vt 0.400000 -0.549779 0.000000
vt 0.000000 -0.549779 0.000000
vt 0.400000 -0.628319 0.000000
vt 0.000000 -0.628319 0.000000
vt 0.400000 -0.706858 0.000000
vt 0.000000 -0.706858 0.000000
vt 0.400000 -0.785398 0.000000
vt 0.000000 -0.785398 0.000000
vt 0.400000 -0.863938 0.000000
vt 0.000000 -0.863938 0.000000
vt 0.400000 -0.942478 0.000000
vt 0.000000 -0.942478 0.000000
vt 0.400000 -1.021018 0.000000
vt 0.000000 -1.021018 0.000000
vt 0.400000 -1.099557 0.000000
vt 0.000000 -1.099557 0.000000
vt 0.400000 -1.178097 0.000000
vt 0.000000 -1.178097 0.000000
vt 0.400000 -1.256637 0.000000
vt 0.000000 -1.256637 0.000000
vt 0.400000 -1.335177 0.000000
vt 0.000000 -1.335177 0.000000
vt 0.400000 -1.413717 0.000000
vt 0.000000 -1.413717 0.000000
vt 0.400000 -1.492257 0.000000
vt 0.000000 -1.492257 0.000000
vt 0.400000 -1.570796 0.000000
vt 0.000000 -1.570796 0.000000
vt 0.400000 1.570796 0.000000
vt 0.000000 1.570796 0.000000
vt 0.400000 1.492257 0.000000
vt 0.000000 1.492257 0.000000
vt 0.400000 1.413717 0.000000
vt 0.000000 1.413717 0.000000
vt 0.400000 1.335177 0.000000
vt 0.000000 1.335177 0.000000
vt 0.400000 1.256637 0.000000
vt 0.000000 1.256637 0.000000
vt 0.400000 1.178097 0.000000
vt 0.000000 1.178097 0.000000
vt 0.400000 1.099557 0.000000
vt 0.000000 1.099557 0.000000
vt 0.400000 1.021018 0.000000
vt 0.000000 1.021018 0.000000
vt 0.400000 0.942478 0.000000
vt 0.000000 0.942478 0.000000
vt 0.400000 0.863938 0.000000
vt 0.000000 0.863938 0.000000
vt 0.400000 0.785398 0.000000
vt 0.000000 0.785398 0.000000
vt 0.400000 0.706858 0.000000
vt 0.000000 0.706858 0.000000
vt 0.400000 0.628319 0.000000
vt -0.000000 0.628319 0.000000
vt 0.400000 0.549779 0.000000
vt 0.000000 0.549779 0.000000
vt 0.400000 0.471239 0.000000
vt 0.000000 0.471239 0.000000
vt 0.400000 0.392699 0.000000
vt -0.000000 0.392699 0.000000
vt 0.400000 0.314159 0.000000
vt -0.000000 0.314159 0.000000
vt 0.400000 0.235619 0.000000
vt -0.000000 0.235619 0.000000
vt 0.400000 0.157080 0.000000
vt -0.000000 0.157080 0.000000
vt 0.400000 0.078540 0.000000
vt 0.000000 0.078540 0.000000
vt 0.400000 0.000000 0.000000
vt 0.000000 0.000000 0.000000
vt 0.400000 -0.078540 0.000000
vt 0.000000 -0.078540 0.000000
vt 0.400000 -0.157080 0.000000
vt 0.000000 -0.157080 0.000000
vt 0.400000 -0.235619 0.000000
vt 0.000000 -0.235619 0.000000
vt 0.400000 -0.314159 0.000000
vt 0.000000 -0.314159 0.000000
vt 0.400000 -0.392699 0.000000
vt 0.000000 -0.392699 0.000000
vt 0.400000 -0.471239 0.000000
vt 0.000000 -0.471239 0.000000
vt 0.400000 -0.549779 0.000000
vt 0.000000 -0.549779 0.000000
vt 0.400000 -0.628319 0.000000
vt 0.000000 -0.628319 0.000000
vt 0.400000 -0.706858 0.000000
vt 0.000000 -0.706858 0.000000
vt 0.400000 -0.785398 0.000000
vt 0.000000 -0.785398 0.000000
vt 0.400000 -0.863938 0.000000
vt 0.000000 -0.863938 0.000000
vt 0.400000 -0.942478 0.000000
vt 0.000000 -0.942478 0.000000
vt 0.400000 -1.021018 0.000000
vt 0.000000 -1.021018 0.000000
vt 0.400000 -1.099557 0.000000
vt 0.000000 -1.099557 0.000000
vt 0.400000 -1.178097 0.000000
vt 0.000000 -1.178097 0.000000
vt 0.400000 -1.256637 0.000000
vt 0.000000 -1.256637 0.000000
vt 0.400000 -1.335177 0.000000
vt 0.000000 -1.335177 0.000000
vt 0.400000 -1.413717 0.000000
vt 0.000000 -1.413717 0.000000
vt 0.400000 -1.492257 0.000000
vt 0.000000 -1.492257 0.000000
vt 0.400000 -1.570796 0.000000
vt 0.000000 -1.570796 0.000000
vt 0.400000 1.570796 0.000000
vt 0.000000 1.570796 0.000000
vt 0.400000 1.492257 0.000000
vt 0.000000 1.492257 0.000000
vt 0.400000 1.413717 0.000000
vt 0.000000 1.413717 0.000000
vt 0.400000 1.335177 0.000000
vt 0.000000 1.335177 0.000000
vt 0.400000 1.256637 0.000000
vt 0.000000 1.256637 0.000000
vt 0.400000 1.178097 0.000000
vt 0.000000 1.178097 0.000000
vt 0.400000 1.099557 0.000000
vt 0.000000 1.099557 0.000000
vt 0.400000 1.021018 0.000000
vt 0.000000 1.021018 0.000000
vt 0.400000 0.942478 0.000000
vt 0.000000 0.942478 0.000000
vt 0.400000 0.863938 0.000000
vt 0.000000 0.863938 0.000000
vt 0.400000 0.785398 0.000000
vt 0.000000 0.785398 0.000000
vt 0.400000 0.706858 0.000000
vt 0.000000 0.706858 0.000000
vt 0.400000 0.628319 0.000000
vt -0.000000 0.628319 0.000000
vt 0.400000 0.549779 0.000000
vt 0.000000 0.549779 0.000000
vt 0.400000 0.471239 0.000000
vt -0.000000 0.471239 0.000000
vt 0.400000 0.392699 0.000000
vt -0.000000 0.392699 0.000000
vt 0.400000 0.314159 0.000000
vt -0.000000 0.314159 0.000000
vt 0.400000 0.235619 0.000000
vt -0.000000 0.235619 0.000000
vt 0.400000 0.157080 0.000000
vt -0.000000 0.157080 0.000000
vt 0.400000 0.078540 0.000000
vt 0.000000 0.078540 0.000000
vt 0.400000 0.000000 0.000000
vt 0.000000 0.000000 0.000000
vt 0.400000 -0.078540 0.000000
vt 0.000000 -0.078540 0.000000
vt 0.400000 -0.157080 0.000000
vt 0.000000 -0.157080 0.000000
vt 0.400000 -0.235619 0.000000
vt 0.000000 -0.235619 0.000000
vt 0.400000 -0.314159 0.000000
vt 0.000000 -0.314159 0.000000
vt 0.400000 -0.392699 0.000000
vt 0.000000 -0.392699 0.000000
vt 0.400000 -0.471239 0.000000
vt 0.000000 -0.471239 0.000000
vt 0.400000 -0.549779 0.000000
vt 0.000000 -0.549779 0.000000
vt 0.400000 -0.628319 0.000000
vt 0.000000 -0.628319 0.000000
vt 0.400000 -0.706858 0.000000
vt 0.000000 -0.706858 0.000000
vt 0.400000 -0.785398 0.000000
vt 0.000000 -0.785398 0.000000
vt 0.400000 -0.863938 0.000000
vt 0.000000 -0.863938 0.000000
vt 0.400000 -0.942478 0.000000
vt 0.000000 -0.942478 0.000000
vt 0.400000 -1.021018 0.000000
vt 0.000000 -1.021018 0.000000
vt 0.400000 -1.099557 0.000000
vt 0.000000 -1.099557 0.000000
vt 0.400000 -1.178097 0.000000
vt 0.000000 -1.178097 0.000000
vt 0.400000 -1.256637 0.000000
vt 0.000000 -1.256637 0.000000
vt 0.400000 -1.335177 0.000000
vt 0.000000 -1.335177 0.000000
vt 0.400000 -1.413717 0.000000
vt 0.000000 -1.413717 0.000000
vt 0.400000 -1.492257 0.000000
vt 0.000000 -1.492257 0.000000
vt 0.400000 -1.570796 0.000000
vt 0.000000 -1.570796 0.000000
vt 0.400000 1.570796 0.000000
vt 0.000000 1.570796 0.000000
vt 0.400000 1.492257 0.000000
vt 0.000000 1.492257 0.000000
vt 0.400000 1.413717 0.000000
vt 0.000000 1.413717 0.000000
vt 0.400000 1.335177 0.000000
vt 0.000000 1.335177 0.000000
vt 0.400000 1.256637 0.000000
vt 0.000000 1.256637 0.000000
vt 0.400000 1.178097 0.000000
vt 0.000000 1.178097 0.000000
vt 0.400000 1.099557 0.000000
vt 0.000000 1.099557 0.000000
vt 0.400000 1.021018 0.000000
vt 0.000000 1.021018 0.000000
vt 0.400000 0.942478 0.000000
vt 0.000000 0.942478 0.000000
vt 0.400000 0.863938 0.000000
vt 0.000000 0.863938 0.000000
vt 0.400000 0.785398 0.000000
vt 0.000000 0.785398 0.000000
vt 0.400000 0.706858 0.000000
vt -0.000000 0.706858 0.000000
vt 0.400000 0.628319 0.000000
vt -0.000000 0.628319 0.000000
vt 0.400000 0.549779 0.000000
vt -0.000000 0.549779 0.000000
vt 0.400000 0.471239 0.000000
vt -0.000000 0.471239 0.000000
vt 0.400000 0.392699 0.000000
vt 0.000000 0.392699 0.000000
vt 0.400000 0.314159 0.000000
vt -0.000000 0.314159 0.000000
vt 0.400000 0.235619 0.000000
vt 0.000000 0.235619 0.000000
vt 0.400000 0.157080 0.000000
vt -0.000000 0.157080 0.000000
vt 0.400000 0.078540 0.000000
vt 0.000000 0.078540 0.000000
vt 0.400000 0.000000 0.000000
vt 0.000000 0.000000 0.000000
vt 0.400000 -0.078540 0.000000
vt 0.000000 -0.078540 0.000000
vt 0.400000 -0.157080 0.000000
vt 0.000000 -0.157080 0.000000
vt 0.400000 -0.235619 0.000000
vt 0.000000 -0.235619 0.000000
vt 0.400000 -0.314159 0.000000
vt 0.000000 -0.314159 0.000000
vt 0.400000 -0.392699 0.000000
vt 0.000000 -0.392699 0.000000
vt 0.400000 -0.471239 0.000000
vt 0.000000 -0.471239 0.000000
vt 0.400000 -0.549779 0.000000
vt 0.000000 -0.549779 0.000000
vt 0.400000 -0.628319 0.000000
vt 0.000000 -0.628319 0.000000
vt 0.400000 -0.706858 0.000000
vt 0.000000 -0.706858 0.000000
vt 0.400000 -0.785398 0.000000
vt 0.000000 -0.785398 0.000000
vt 0.400000 -0.863938 0.000000
vt 0.000000 -0.863938 0.000000
vt 0.400000 -0.942478 0.000000
vt 0.000000 -0.942478 0.000000
vt 0.400000 -1.021018 0.000000
vt 0.000000 -1.021018 0.000000
vt 0.400000 -1.099557 0.000000
vt 0.000000 -1.099557 0.000000
vt 0.400000 -1.178097 0.000000
vt 0.000000 -1.178097 0.000000
vt 0.400000 -1.256637 0.000000
vt 0.000000 -1.256637 0.000000
vt 0.400000 -1.335177 0.000000
vt 0.000000 -1.335177 0.000000
vt 0.400000 -1.413717 0.000000
vt 0.000000 -1.413717 0.000000
vt 0.400000 -1.492257 0.000000
vt 0.000000 -1.492257 0.000000
vt 0.400000 -1.570796 0.000000
vt 0.000000 -1.570796 0.000000
vt 0.400000 1.570796 0.000000
vt 0.000000 1.570796 0.000000
vt 0.400000 1.492257 0.000000
vt 0.000000 1.492257 0.000000
vt 0.400000 1.413717 0.000000
vt 0.000000 1.413717 0.000000
vt 0.400000 1.335177 0.000000
vt 0.000000 1.335177 0.000000
vt 0.400000 1.256637 0.000000
vt 0.000000 1.256637 0.000000
vt 0.400000 1.178097 0.000000
vt 0.000000 1.178097 0.000000
vt 0.400000 1.099557 0.000000
vt 0.000000 1.099557 0.000000
vt 0.400000 1.021018 0.000000
vt 0.000000 1.021018 0.000000
vt 0.400000 0.942478 0.000000
vt 0.000000 0.942478 0.000000
vt 0.400000 0.863938 0.000000
vt 0.000000 0.863938 0.000000
vt 0.400000 0.785398 0.000000
vt 0.000000 0.785398 0.000000
vt 0.400000 0.706858 0.000000
vt 0.000000 0.706858 0.000000
vt 0.400000 0.628319 0.000000
vt -0.000000 0.628319 0.000000
vt 0.400000 0.549779 0.000000
vt 0.000000 0.549779 0.000000
vt 0.400000 0.471239 0.000000
vt 0.000000 0.471239 0.000000
vt 0.400000 0.392699 0.000000
vt 0.000000 0.392699 0.000000
vt 0.400000 0.314159 0.000000
vt -0.000000 0.314159 0.000000
vt 0.400000 0.235619 0.000000
vt 0.000000 0.235619 0.000000
vt 0.400000 0.157080 0.000000
vt -0.000000 0.157080 0.000000
vt 0.400000 0.078540 0.000000
vt 0.000000 0.078540 0.000000
vt 0.400000 0.000000 0.000000
vt 0.000000 0.000000 0.000000
vt 0.400000 -0.078540 0.000000
vt 0.000000 -0.078540 0.000000
vt 0.400000 -0.157080 0.000000
vt 0.000000 -0.157080 0.000000
vt 0.400000 -0.235619 0.000000
vt 0.000000 -0.235619 0.000000
vt 0.400000 -0.314159 0.000000
vt 0.000000 -0.314159 0.000000
vt 0.400000 -0.392699 0.000000
vt 0.000000 -0.392699 0.000000
vt 0.400000 -0.471239 0.000000
vt 0.000000 -0.471239 0.000000
vt 0.400000 -0.549779 0.000000
vt 0.000000 -0.549779 0.000000
vt 0.400000 -0.628319 0.000000
vt 0.000000 -0.628319 0.000000
vt 0.400000 -0.706858 0.000000
vt 0.000000 -0.706858 0.000000
vt 0.400000 -0.785398 0.000000
vt 0.000000 -0.785398 0.000000
vt 0.400000 -0.863938 0.000000
vt 0.000000 -0.863938 0.000000
vt 0.400000 -0.942478 0.000000
vt 0.000000 -0.942478 0.000000
vt 0.400000 -1.021018 0.000000
vt 0.000000 -1.021018 0.000000
vt 0.400000 -1.099557 0.000000
vt 0.000000 -1.099557 0.000000
vt 0.400000 -1.178097 0.000000
vt 0.000000 -1.178097 0.000000
vt 0.400000 -1.256637 0.000000
vt 0.000000 -1.256637 0.000000
vt 0.400000 -1.335177 0.000000
vt 0.000000 -1.335177 0.000000
vt 0.400000 -1.413717 0.000000
vt 0.000000 -1.413717 0.000000
vt 0.300000 -0.431969 0.000000
vt 0.000000 -0.431969 0.000000
vt 0.300000 -0.471239 0.000000
vt 0.000000 -0.471239 0.000000
vt 0.300000 0.471239 0.000000
vt 0.000000 0.471239 0.000000
vt 0.300000 0.431969 0.000000
vt 0.000000 0.431969 0.000000
vt 0.300000 0.392699 0.000000
vt 0.000000 0.392699 0.000000
vt 0.300000 0.353429 0.000000
vt 0.000000 0.353429 0.000000
vt 0.300000 0.314159 0.000000
vt 0.000000 0.314159 0.000000
vt 0.300000 0.274889 0.000000
vt 0.000000 0.274889 0.000000
vt 0.300000 0.235619 0.000000
vt 0.000000 0.235619 0.000000
vt 0.300000 0.196350 0.000000
vt 0.000000 0.196350 0.000000
vt 0.300000 0.157080 0.000000
vt 0.000000 0.157080 0.000000
vt 0.300000 0.117810 0.000000
vt 0.000000 0.117810 0.000000
vt 0.300000 0.078540 0.000000
vt 0.000000 0.078540 0.000000
vt 0.300000 0.039270 0.000000
vt 0.000000 0.039270 0.000000
vt 0.300000 0.000000 0.000000
vt 0.000000 0.000000 0.000000
vt 0.300000 -0.039270 0.000000
vt 0.000000 -0.039270 0.000000
vt 0.300000 -0.078540 0.000000
vt 0.000000 -0.078540 0.000000
vt 0.300000 -0.117810 0.000000
vt 0.000000 -0.117810 0.000000
vt 0.300000 -0.157080 0.000000
vt 0.000000 -0.157080 0.000000
vt 0.300000 -0.196350 0.000000
vt 0.000000 -0.196350 0.000000
vt 0.300000 -0.235619 0.000000
vt 0.000000 -0.235619 0.000000
vt 0.300000 -0.274889 0.000000
vt 0.000000 -0.274889 0.000000
vt 0.300000 -0.314159 0.000000
vt 0.000000 -0.314159 0.000000
vt 0.300000 -0.353429 0.000000
vt 0.000000 -0.353429 0.000000
vt 0.300000 -0.392699 0.000000
vt 0.000000 -0.392699 0.000000
vt -0.144889 -0.038823 0.000000
vt 0.144889 -0.038823 0.000000
vt -0.150000 0.000000 0.000000
vt 0.150000 0.000000 0.000000
vt -0.144889 0.038823 0.000000
vt 0.144889 0.038823 0.000000
vt -0.129904 0.075000 0.000000
vt 0.129904 0.075000 0.000000
vt -0.106066 0.106066 0.000000
vt 0.106066 0.106066 0.000000
vt -0.075000 0.129904 0.000000
vt 0.075000 0.129904 0.000000
vt -0.038823 0.144889 0.000000
vt 0.038823 0.144889 0.000000
vt 0.000000 0.150000 0.000000
vt 0.129904 -0.075000 0.000000
vt -0.129904 -0.075000 0.000000
vt 0.106066 -0.106066 0.000000
vt -0.106066 -0.106066 0.000000
vt 0.075000 -0.129904 0.000000
vt -0.075000 -0.129904 0.000000
vt 0.038823 -0.144889 0.000000
vt -0.038823 -0.144889 0.000000
vt 0.000000 -0.150000 0.000000
vt 0.300000 -0.431969 0.000000
vt 0.000000 -0.431969 0.000000
vt 0.300000 -0.471239 0.000000
vt 0.000000 -0.471239 0.000000
vt 0.300000 0.471239 0.000000
vt 0.000000 0.471239 0.000000
vt 0.300000 0.431969 0.000000
vt 0.000000 0.431969 0.000000
vt 0.300000 0.392699 0.000000
vt 0.000000 0.392699 0.000000
vt 0.300000 0.353429 0.000000
vt 0.000000 0.353429 0.000000
vt 0.300000 0.314159 0.000000
vt 0.000000 0.314159 0.000000
vt 0.300000 0.274889 0.000000
vt 0.000000 0.274889 0.000000
vt 0.300000 0.235619 0.000000
vt 0.000000 0.235619 0.000000
vt 0.300000 0.196350 0.000000
vt 0.000000 0.196350 0.000000
vt 0.300000 0.157080 0.000000
vt 0.000000 0.157080 0.000000
vt 0.300000 0.117810 0.000000
vt 0.000000 0.117810 0.000000
vt 0.300000 0.078540 0.000000
vt 0.000000 0.078540 0.000000
vt 0.300000 0.039270 0.000000
vt 0.000000 0.039270 0.000000
vt 0.300000 0.000000 0.000000
vt 0.000000 0.000000 0.000000
vt 0.300000 -0.039270 0.000000
vt 0.000000 -0.039270 0.000000
vt 0.300000 -0.078540 0.000000
vt 0.000000 -0.078540 0.000000
vt 0.300000 -0.117810 0.000000
vt 0.000000 -0.117810 0.000000
vt 0.300000 -0.157080 0.000000
vt 0.000000 -0.157080 0.000000
vt 0.300000 -0.196350 0.000000
vt 0.000000 -0.196350 0.000000
vt 0.300000 -0.235619 0.000000
vt 0.000000 -0.235619 0.000000
vt 0.300000 -0.274889 0.000000
vt 0.000000 -0.274889 0.000000
vt 0.300000 -0.314159 0.000000
vt 0.000000 -0.314159 0.000000
vt 0.300000 -0.353429 0.000000
vt 0.000000 -0.353429 0.000000
vt 0.300000 -0.392699 0.000000
vt 0.000000 -0.392699 0.000000
vt -0.144889 -0.038823 0.000000
vt 0.144889 -0.038823 0.000000
vt -0.150000 0.000000 0.000000
vt 0.150000 0.000000 0.000000
vt -0.144889 0.038823 0.000000
vt 0.144889 0.038823 0.000000
vt -0.129904 0.075000 0.000000
vt 0.129904 0.075000 0.000000
vt -0.106066 0.106066 0.000000
vt 0.106066 0.106066 0.000000
vt -0.075000 0.129904 0.000000
vt 0.075000 0.129904 0.000000
vt -0.038823 0.144889 0.000000
vt 0.038823 0.144889 0.000000
vt 0.000000 0.150000 0.000000
vt 0.129904 -0.075000 0.000000
vt -0.129904 -0.075000 0.000000
vt 0.106066 -0.106066 0.000000
vt -0.106066 -0.106066 0.000000
vt 0.075000 -0.129904 0.000000
vt -0.075000 -0.129904 0.000000
vt 0.038823 -0.144889 0.000000
vt -0.038823 -0.144889 0.000000
vt 0.000000 -0.150000 0.000000
vt 0.300000 -0.431969 0.000000
vt 0.000000 -0.431969 0.000000
vt 0.300000 -0.471239 0.000000
vt 0.000000 -0.471239 0.000000
vt 0.300000 0.471239 0.000000
vt 0.000000 0.471239 0.000000
vt 0.300000 0.431969 0.000000
vt 0.000000 0.431969 0.000000
vt 0.300000 0.392699 0.000000
vt 0.000000 0.392699 0.000000
vt 0.300000 0.353429 0.000000
vt 0.000000 0.353429 0.000000
vt 0.300000 0.314159 0.000000
vt 0.000000 0.314159 0.000000
vt 0.300000 0.274889 0.000000
vt 0.000000 0.274889 0.000000
vt 0.300000 0.235619 0.000000
vt 0.000000 0.235619 0.000000
vt 0.300000 0.196350 0.000000
vt 0.000000 0.196350 0.000000
vt 0.300000 0.157080 0.000000
vt 0.000000 0.157080 0.000000
vt 0.300000 0.117810 0.000000
vt 0.000000 0.117810 0.000000
vt 0.300000 0.078540 0.000000
vt 0.000000 0.078540 0.000000
vt 0.300000 0.039270 0.000000
vt 0.000000 0.039270 0.000000
vt 0.300000 0.000000 0.000000
vt 0.000000 0.000000 0.000000
vt 0.300000 -0.039270 0.000000
vt 0.000000 -0.039270 0.000000
vt 0.300000 -0.078540 0.000000
vt 0.000000 -0.078540 0.000000
vt 0.300000 -0.117810 0.000000
vt 0.000000 -0.117810 0.000000
vt 0.300000 -0.157080 0.000000
vt 0.000000 -0.157080 0.000000
vt 0.300000 -0.196350 0.000000
vt 0.000000 -0.196350 0.000000
vt 0.300000 -0.235619 0.000000
vt 0.000000 -0.235619 0.000000
vt 0.300000 -0.274889 0.000000
vt 0.000000 -0.274889 0.000000
vt 0.300000 -0.314159 0.000000
vt 0.000000 -0.314159 0.000000
vt 0.300000 -0.353429 0.000000
vt 0.000000 -0.353429 0.000000
vt 0.300000 -0.392699 0.000000
vt 0.000000 -0.392699 0.000000
vt -0.144889 -0.038823 0.000000
vt 0.144889 -0.038823 0.000000
vt -0.150000 0.000000 0.000000
vt 0.150000 0.000000 0.000000
vt -0.144889 0.038823 0.000000
vt 0.144889 0.038823 0.000000
vt -0.129904 0.075000 0.000000
vt 0.129904 0.075000 0.000000
vt -0.106066 0.106066 0.000000
vt 0.106066 0.106066 0.000000
vt -0.075000 0.129904 0.000000
vt 0.075000 0.129904 0.000000
vt -0.038823 0.144889 0.000000
vt 0.038823 0.144889 0.000000
vt 0.000000 0.150000 0.000000
vt 0.129904 -0.075000 0.000000
vt -0.129904 -0.075000 0.000000
vt 0.106066 -0.106066 0.000000
vt -0.106066 -0.106066 0.000000
vt 0.075000 -0.129904 0.000000
vt -0.075000 -0.129904 0.000000
vt 0.038823 -0.144889 0.000000
vt -0.038823 -0.144889 0.000000
vt 0.000000 -0.150000 0.000000
vt 0.147363 -0.028000 0.000000
vt -0.147363 -0.028000 0.000000
vt 0.135762 -0.063786 0.000000
vt -0.135762 -0.063786 0.000000
vt 0.115621 -0.095560 0.000000
vt -0.115621 -0.095560 0.000000
vt 0.088208 -0.121323 0.000000
vt -0.088208 -0.121323 0.000000
vt 0.055246 -0.139456 0.000000
vt -0.055246 -0.139456 0.000000
vt 0.018810 -0.148816 0.000000
vt -0.018810 -0.148816 0.000000
vt 0.267193 -0.466431 0.000000
vt 0.000000 -0.471239 0.000000
vt 0.300000 -0.499404 0.000000
vt 0.300000 0.443074 0.000000
vt 0.000000 0.471239 0.000000
vt 0.000000 0.431969 0.000000
vt 0.300000 0.405355 0.000000
vt 0.000000 0.392699 0.000000
vt 0.300000 0.367636 0.000000
vt 0.000000 0.353429 0.000000
vt 0.300000 0.329917 0.000000
vt 0.000000 0.314159 0.000000
vt 0.300000 0.292198 0.000000
vt 0.000000 0.274889 0.000000
vt 0.300000 0.254479 0.000000
vt 0.000000 0.235619 0.000000
vt 0.300000 0.216760 0.000000
vt 0.000000 0.196350 0.000000
vt 0.300000 0.179041 0.000000
vt 0.000000 0.157080 0.000000
vt 0.300000 0.141322 0.000000
vt 0.000000 0.117810 0.000000
vt 0.300000 0.103603 0.000000
vt 0.000000 0.078540 0.000000
vt 0.300000 0.065884 0.000000
vt 0.000000 0.039270 0.000000
vt 0.300000 0.028165 0.000000
vt 0.000000 0.000000 0.000000
vt 0.267193 -0.004808 0.000000
vt 0.000000 -0.039270 0.000000
vt 0.234617 -0.037781 0.000000
vt 0.203841 -0.070754 0.000000
vt 0.000000 -0.078540 0.000000
vt 0.176344 -0.103727 0.000000
vt 0.000000 -0.117810 0.000000
vt 0.153452 -0.136700 0.000000
vt 0.000000 -0.157080 0.000000
vt 0.136264 -0.169673 0.000000
vt 0.000000 -0.196350 0.000000
vt 0.130081 -0.186160 0.000000
vt 0.125610 -0.202646 0.000000
vt 0.122905 -0.219133 0.000000
vt 0.000000 -0.235619 0.000000
vt 0.122000 -0.235619 0.000000
vt 0.122905 -0.252106 0.000000
vt 0.000000 -0.274889 0.000000
vt 0.125610 -0.268593 0.000000
vt 0.130081 -0.285079 0.000000
vt 0.000000 -0.314159 0.000000
vt 0.136264 -0.301566 0.000000
vt 0.153452 -0.334539 0.000000
vt 0.000000 -0.353429 0.000000
vt 0.176344 -0.367512 0.000000
vt 0.000000 -0.392699 0.000000
vt 0.203841 -0.400485 0.000000
vt 0.000000 -0.431969 0.000000
vt 0.234617 -0.433458 0.000000
vt 0.300000 -0.431969 0.000000
vt 0.000000 -0.431969 0.000000
vt 0.300000 -0.471239 0.000000
vt 0.000000 -0.471239 0.000000
vt 0.300000 0.471239 0.000000
vt 0.000000 0.471239 0.000000
vt 0.300000 0.431969 0.000000
vt 0.000000 0.431969 0.000000
vt 0.300000 0.392699 0.000000
vt 0.000000 0.392699 0.000000
vt 0.300000 0.353429 0.000000
vt 0.000000 0.353429 0.000000
vt 0.300000 0.314159 0.000000
vt 0.000000 0.314159 0.000000
vt 0.300000 0.274889 0.000000
vt 0.000000 0.274889 0.000000
vt 0.300000 0.235619 0.000000
vt 0.000000 0.235619 0.000000
vt 0.300000 0.196350 0.000000
vt 0.000000 0.196350 0.000000
vt 0.300000 0.157080 0.000000
vt 0.000000 0.157080 0.000000
vt 0.300000 0.117810 0.000000
vt 0.000000 0.117810 0.000000
vt 0.300000 0.078540 0.000000
vt 0.000000 0.078540 0.000000
vt 0.300000 0.039270 0.000000
vt 0.000000 0.039270 0.000000
vt 0.300000 0.000000 0.000000
vt 0.000000 0.000000 0.000000
vt 0.300000 -0.039270 0.000000
vt 0.000000 -0.039270 0.000000
vt 0.300000 -0.078540 0.000000
vt 0.000000 -0.078540 0.000000
vt 0.300000 -0.117810 0.000000
vt 0.000000 -0.117810 0.000000
vt 0.300000 -0.157080 0.000000
vt 0.000000 -0.157080 0.000000
vt 0.300000 -0.196350 0.000000
vt 0.000000 -0.196350 0.000000
vt 0.300000 -0.235619 0.000000
vt 0.000000 -0.235619 0.000000
vt 0.300000 -0.274889 0.000000
vt 0.000000 -0.274889 0.000000
vt 0.300000 -0.314159 0.000000
vt 0.000000 -0.314159 0.000000
vt 0.300000 -0.353429 0.000000
vt 0.000000 -0.353429 0.000000
vt 0.300000 -0.392699 0.000000
vt 0.000000 -0.392699 0.000000
vt -0.144889 -0.038823 0.000000
vt 0.144889 -0.038823 0.000000
vt -0.150000 0.000000 0.000000
vt 0.150000 0.000000 0.000000
vt -0.144889 0.038823 0.000000
vt 0.144889 0.038823 0.000000
vt -0.129904 0.075000 0.000000
vt 0.129904 0.075000 0.000000
vt -0.106066 0.106066 0.000000
vt 0.106066 0.106066 0.000000
vt -0.075000 0.129904 0.000000
vt 0.075000 0.129904 0.000000
vt -0.038823 0.144889 0.000000
vt 0.038823 0.144889 0.000000
vt 0.000000 0.150000 0.000000
vt 0.129904 -0.075000 0.000000
vt -0.129904 -0.075000 0.000000
vt 0.106066 -0.106066 0.000000
vt -0.106066 -0.106066 0.000000
vt 0.075000 -0.129904 0.000000
vt -0.075000 -0.129904 0.000000
vt 0.038823 -0.144889 0.000000
vt -0.038823 -0.144889 0.000000
vt 0.000000 -0.150000 0.000000
vt 0.147363 -0.028000 0.000000
vt -0.147363 -0.028000 0.000000
vt 0.135762 -0.063786 0.000000
vt -0.135762 -0.063786 0.000000
vt 0.115621 -0.095560 0.000000
vt -0.115621 -0.095560 0.000000
vt 0.088208 -0.121323 0.000000
vt -0.088208 -0.121323 0.000000
vt 0.055246 -0.139456 0.000000
vt -0.055246 -0.139456 0.000000
vt 0.018810 -0.148816 0.000000
vt -0.018810 -0.148816 0.000000
vt 0.267193 -0.466431 0.000000
vt 0.000000 -0.471239 0.000000
vt 0.300000 -0.499404 0.000000
vt 0.300000 0.443074 0.000000
vt 0.000000 0.471239 0.000000
vt 0.000000 0.431969 0.000000
vt 0.300000 0.405355 0.000000
vt 0.000000 0.392699 0.000000
vt 0.300000 0.367636 0.000000
vt 0.000000 0.353429 0.000000
vt 0.300000 0.329917 0.000000
vt 0.000000 0.314159 0.000000
vt 0.300000 0.292198 0.000000
vt 0.000000 0.274889 0.000000
vt 0.300000 0.254479 0.000000
vt 0.000000 0.235619 0.000000
vt 0.300000 0.216760 0.000000
vt 0.000000 0.196350 0.000000
vt 0.300000 0.179041 0.000000
vt 0.000000 0.157080 0.000000
vt 0.300000 0.141322 0.000000
vt 0.000000 0.117810 0.000000
vt 0.300000 0.103603 0.000000
vt 0.000000 0.078540 0.000000
vt 0.300000 0.065884 0.000000
vt 0.000000 0.039270 0.000000
vt 0.300000 0.028165 0.000000
vt 0.000000 0.000000 0.000000
vt 0.267193 -0.004808 0.000000
vt 0.000000 -0.039270 0.000000
vt 0.234617 -0.037781 0.000000
vt 0.203841 -0.070754 0.000000
vt 0.000000 -0.078540 0.000000
vt 0.176344 -0.103727 0.000000
vt 0.000000 -0.117810 0.000000
vt 0.153452 -0.136700 0.000000
vt 0.000000 -0.157080 0.000000
vt 0.136264 -0.169673 0.000000
vt 0.000000 -0.196350 0.000000
vt 0.130081 -0.186160 0.000000
vt 0.125610 -0.202646 0.000000
vt 0.122905 -0.219133 0.000000
vt 0.000000 -0.235619 0.000000
vt 0.122000 -0.235619 0.000000
vt 0.122905 -0.252106 0.000000
vt 0.000000 -0.274889 0.000000
vt 0.125610 -0.268593 0.000000
vt 0.130081 -0.285079 0.000000
vt 0.000000 -0.314159 0.000000
vt 0.136264 -0.301566 0.000000
vt 0.153452 -0.334539 0.000000
vt 0.000000 -0.353429 0.000000
vt 0.176344 -0.367512 0.000000
vt 0.000000 -0.392699 0.000000
vt 0.203841 -0.400485 0.000000
vt 0.000000 -0.431969 0.000000
vt 0.234617 -0.433458 0.000000
vt -0.876111 0.861177 0.000000
vt 0.866111 0.861177 0.000000
vt -0.871000 0.900000 0.000000
vt 0.861000 0.900000 0.000000
vt -0.876111 0.938823 0.000000
vt 0.866111 0.938823 0.000000
vt -0.891096 0.975000 0.000000
vt 0.881096 0.975000 0.000000
vt -0.914934 1.006066 0.000000
vt 0.904934 1.006066 0.000000
vt -0.946000 1.029904 0.000000
vt 0.936000 1.029904 0.000000
vt -0.982177 1.044889 0.000000
vt 0.972177 1.044889 0.000000
vt -1.275000 1.150000 0.000000
vt 1.275000 1.150000 0.000000
vt 1.011000 1.050000 0.000000
vt 1.049823 1.044889 0.000000
vt 0.881096 0.825000 0.000000
vt -0.891096 0.825000 0.000000
vt 0.904934 0.793934 0.000000
vt -0.914934 0.793934 0.000000
vt 0.904934 -0.771934 0.000000
vt -0.914934 -0.771934 0.000000
vt 0.881096 -0.803000 0.000000
vt -0.891096 -0.803000 0.000000
vt 0.866111 -0.839177 0.000000
vt -0.876111 -0.839177 0.000000
vt 0.861000 -0.878000 0.000000
vt -0.871000 -0.878000 0.000000
vt 0.866111 -0.916823 0.000000
vt -0.876111 -0.916823 0.000000
vt 0.881096 -0.953000 0.000000
vt -0.891096 -0.953000 0.000000
vt 0.904934 -0.984066 0.000000
vt -0.914934 -0.984066 0.000000
vt 0.936000 -1.007904 0.000000
vt -0.946000 -1.007904 0.000000
vt 0.972177 -1.022889 0.000000
vt -0.982177 -1.022889 0.000000
vt -1.275000 -1.150000 0.000000
vt -1.021000 -1.028000 0.000000
vt -1.059823 -1.022889 0.000000
vt -0.946000 0.770096 0.000000
vt -0.946000 -0.748096 0.000000
vt -0.982177 0.755111 0.000000
vt -0.982177 -0.733111 0.000000
vt -1.021000 0.750000 0.000000
vt -1.021000 -0.728000 0.000000
vt -1.059823 -0.733111 0.000000
vt -1.059823 0.755111 0.000000
vt -1.096000 -0.748096 0.000000
vt -1.096000 0.770096 0.000000
vt -1.127066 -0.771934 0.000000
vt -1.127066 0.793934 0.000000
vt -1.150904 -0.803000 0.000000
vt -1.150904 0.825000 0.000000
vt -1.165889 -0.839177 0.000000
vt -1.165889 0.861177 0.000000
vt -1.171000 0.900000 0.000000
vt -1.165889 0.938823 0.000000
vt -1.150904 0.975000 0.000000
vt -1.127066 1.006066 0.000000
vt -1.096000 1.029904 0.000000
vt -1.059823 1.044889 0.000000
vt -1.021000 1.050000 0.000000
vt -1.096000 -1.007904 0.000000
vt -1.127066 -0.984066 0.000000
vt -1.150904 -0.953000 0.000000
vt -1.165889 -0.916823 0.000000
vt -1.171000 -0.878000 0.000000
vt 1.155889 0.938823 0.000000
vt 1.161000 0.900000 0.000000
vt 1.155889 0.861177 0.000000
vt 1.155889 -0.839177 0.000000
vt 1.140904 0.825000 0.000000
vt 1.140904 -0.803000 0.000000
vt 1.117066 0.793934 0.000000
vt 1.117066 -0.771934 0.000000
vt 1.086000 0.770096 0.000000
vt 1.086000 -0.748096 0.000000
vt 1.049823 0.755111 0.000000
vt 1.049823 -0.733111 0.000000
vt 1.011000 0.750000 0.000000
vt 1.011000 -0.728000 0.000000
vt 0.972177 -0.733111 0.000000
vt 0.972177 0.755111 0.000000
vt 0.936000 -0.748096 0.000000
vt 0.936000 0.770096 0.000000
vt 1.086000 1.029904 0.000000
vt 1.117066 1.006066 0.000000
vt 1.140904 0.975000 0.000000
vt 1.161000 -0.878000 0.000000
vt 1.275000 -1.150000 0.000000
vt 1.155889 -0.916823 0.000000
vt 1.140904 -0.953000 0.000000
vt 1.117066 -0.984066 0.000000
vt 1.086000 -1.007904 0.000000
vt 1.049823 -1.022889 0.000000
vt 1.011000 -1.028000 0.000000
vt 2.300000 0.000000 0.000000
vt -0.000000 0.000000 0.000000
vt 0.000000 -2.300000 0.000000
vt 2.445923 -2.874823 0.000000
vt 2.550000 -3.252691 0.000000
vt 2.443363 -2.828427 0.000000
vt 2.550000 0.000000 0.000000
vt 2.148637 -2.828427 0.000000
vt 0.411363 -2.828427 0.000000
vt 2.146077 -2.874823 0.000000
vt 0.413923 -2.874823 0.000000
vt 2.150733 -2.920892 0.000000
vt 0.409267 -2.920892 0.000000
vt 2.162380 -2.964417 0.000000
vt 0.397620 -2.964417 0.000000
vt 2.180458 -3.003303 0.000000
vt 0.379542 -3.003303 0.000000
vt 2.204096 -3.035678 0.000000
vt 0.355904 -3.035678 0.000000
vt 2.232158 -3.059984 0.000000
vt 0.327842 -3.059984 0.000000
vt 2.247432 -3.068729 0.000000
vt 0.312568 -3.068729 0.000000
vt -0.000000 -3.252691 0.000000
vt 0.296708 -3.075053 0.000000
vt 0.280453 -3.078877 0.000000
vt 2.441267 -2.920892 0.000000
vt 2.429620 -2.964417 0.000000
vt 2.411542 -3.003303 0.000000
vt 2.387904 -3.035678 0.000000
vt 2.359842 -3.059984 0.000000
vt 2.344568 -3.068729 0.000000
vt 2.328708 -3.075053 0.000000
vt 2.312453 -3.078877 0.000000
vt 2.296000 -3.080157 0.000000
vt 2.279547 -3.078877 0.000000
vt 2.263292 -3.075053 0.000000
vt 0.264000 -3.080157 0.000000
vt 0.247547 -3.078877 0.000000
vt 0.231292 -3.075053 0.000000
vt 0.215432 -3.068729 0.000000
vt 0.200158 -3.059984 0.000000
vt 0.172096 -3.035678 0.000000
vt 0.148458 -3.003303 0.000000
vt 0.130380 -2.964417 0.000000
vt 0.118733 -2.920892 0.000000
vt 0.114077 -2.874823 0.000000
vt 0.116637 -2.828427 0.000000
vt -0.000000 0.000000 0.000000
vt 2.300000 0.000000 0.000000
vt -0.000000 0.000000 0.000000
vt 2.300000 -2.300000 0.000000
vt 0.200000 -0.460767 0.000000
vt 0.000000 -0.460767 0.000000
vt 0.200000 -0.502655 0.000000
vt 0.000000 -0.502655 0.000000
vt 0.200000 0.502655 0.000000
vt 0.000000 0.502655 0.000000
vt 0.200000 0.460767 0.000000
vt 0.000000 0.460767 0.000000
vt 0.200000 0.418879 0.000000
vt 0.000000 0.418879 0.000000
vt 0.200000 0.376991 0.000000
vt 0.000000 0.376991 0.000000
vt 0.200000 0.335103 0.000000
vt 0.000000 0.335103 0.000000
vt 0.200000 0.293215 0.000000
vt 0.000000 0.293215 0.000000
vt 0.200000 0.251327 0.000000
vt 0.000000 0.251327 0.000000
vt 0.200000 0.209440 0.000000
vt -0.000000 0.209440 0.000000
vt 0.200000 0.167552 0.000000
vt -0.000000 0.167552 0.000000
vt 0.200000 0.125664 0.000000
vt 0.000000 0.125664 0.000000
vt 0.200000 0.083776 0.000000
vt 0.000000 0.083776 0.000000
vt 0.200000 0.041888 0.000000
vt 0.000000 0.041888 0.000000
vt 0.200000 0.000000 0.000000
vt 0.000000 0.000000 0.000000
vt 0.200000 -0.041888 0.000000
vt 0.000000 -0.041888 0.000000
vt 0.200000 -0.083776 0.000000
vt 0.000000 -0.083776 0.000000
vt 0.200000 -0.125664 0.000000
vt 0.000000 -0.125664 0.000000
vt 0.200000 -0.167552 0.000000
vt 0.000000 -0.167552 0.000000
vt 0.200000 -0.209440 0.000000
vt 0.000000 -0.209440 0.000000
vt 0.200000 -0.251327 0.000000
vt 0.000000 -0.251327 0.000000
vt 0.200000 -0.293215 0.000000
vt 0.000000 -0.293215 0.000000
vt 0.200000 -0.335103 0.000000
vt 0.000000 -0.335103 0.000000
vt 0.200000 -0.376991 0.000000
vt 0.000000 -0.376991 0.000000
vt 0.200000 -0.418879 0.000000
vt 0.000000 -0.418879 0.000000
vt -0.106252 -0.028470 0.000000
vt -0.110000 0.000000 0.000000
vt -0.160000 0.000000 0.000000
vt -0.106252 0.028470 0.000000
vt -0.154548 0.041411 0.000000
vt -0.095263 0.055000 0.000000
vt -0.138564 0.080000 0.000000
vt -0.077782 0.077782 0.000000
vt -0.113137 0.113137 0.000000
vt -0.055000 0.095263 0.000000
vt -0.080000 0.138564 0.000000
vt -0.028470 0.106252 0.000000
vt -0.041411 0.154548 0.000000
vt 0.000000 0.110000 0.000000
vt 0.000000 0.160000 0.000000
vt 0.041411 0.154548 0.000000
vt 0.028470 0.106252 0.000000
vt 0.080000 0.138564 0.000000
vt 0.055000 0.095263 0.000000
vt 0.113137 0.113137 0.000000
vt 0.077782 0.077782 0.000000
vt 0.138564 0.080000 0.000000
vt 0.095263 0.055000 0.000000
vt 0.154548 0.041411 0.000000
vt 0.106252 0.028470 0.000000
vt 0.160000 0.000000 0.000000
vt 0.110000 0.000000 0.000000
vt 0.154548 -0.041411 0.000000
vt 0.106252 -0.028470 0.000000
vt 0.095263 -0.055000 0.000000
vt 0.138564 -0.080000 0.000000
vt 0.077782 -0.077782 0.000000
vt 0.113137 -0.113137 0.000000
vt 0.055000 -0.095263 0.000000
vt 0.080000 -0.138564 0.000000
vt 0.028470 -0.106252 0.000000
vt 0.041411 -0.154548 0.000000
vt 0.000000 -0.110000 0.000000
vt 0.000000 -0.160000 0.000000
vt -0.041411 -0.154548 0.000000
vt -0.028470 -0.106252 0.000000
vt -0.080000 -0.138564 0.000000
vt -0.055000 -0.095263 0.000000
vt -0.113137 -0.113137 0.000000
vt -0.077782 -0.077782 0.000000
vt -0.138564 -0.080000 0.000000
vt -0.095263 -0.055000 0.000000
vt -0.154548 -0.041411 0.000000
vt 0.200000 -0.460767 0.000000
vt 0.000000 -0.460767 0.000000
vt 0.200000 -0.502655 0.000000
vt 0.000000 -0.502655 0.000000
vt 0.200000 0.502655 0.000000
vt 0.000000 0.502655 0.000000
vt 0.200000 0.460767 0.000000
vt 0.000000 0.460767 0.000000
vt 0.200000 0.418879 0.000000
vt 0.000000 0.418879 0.000000
vt 0.200000 0.376991 0.000000
vt 0.000000 0.376991 0.000000
vt 0.200000 0.335103 0.000000
vt 0.000000 0.335103 0.000000
vt 0.200000 0.293215 0.000000
vt 0.000000 0.293215 0.000000
vt 0.200000 0.251327 0.000000
vt 0.000000 0.251327 0.000000
vt 0.200000 0.209440 0.000000
vt -0.000000 0.209440 0.000000
vt 0.200000 0.167552 0.000000
vt -0.000000 0.167552 0.000000
vt 0.200000 0.125664 0.000000
vt 0.000000 0.125664 0.000000
vt 0.200000 0.083776 0.000000
vt -0.000000 0.083776 0.000000
vt 0.200000 0.041888 0.000000
vt 0.000000 0.041888 0.000000
vt 0.200000 0.000000 0.000000
vt 0.000000 0.000000 0.000000
vt 0.200000 -0.041888 0.000000
vt 0.000000 -0.041888 0.000000
vt 0.200000 -0.083776 0.000000
vt 0.000000 -0.083776 0.000000
vt 0.200000 -0.125664 0.000000
vt 0.000000 -0.125664 0.000000
vt 0.200000 -0.167552 0.000000
vt 0.000000 -0.167552 0.000000
vt 0.200000 -0.209440 0.000000
vt 0.000000 -0.209440 0.000000
vt 0.200000 -0.251327 0.000000
vt 0.000000 -0.251327 0.000000
vt 0.200000 -0.293215 0.000000
vt 0.000000 -0.293215 0.000000
vt 0.200000 -0.335103 0.000000
vt 0.000000 -0.335103 0.000000
vt 0.200000 -0.376991 0.000000
vt 0.000000 -0.376991 0.000000
vt 0.200000 -0.418879 0.000000
vt 0.000000 -0.418879 0.000000
vt -0.106252 -0.028470 0.000000
vt -0.110000 0.000000 0.000000
vt -0.160000 0.000000 0.000000
vt -0.106252 0.028470 0.000000
vt -0.154548 0.041411 0.000000
vt -0.095263 0.055000 0.000000
vt -0.138564 0.080000 0.000000
vt -0.077782 0.077782 0.000000
vt -0.113137 0.113137 0.000000
vt -0.055000 0.095263 0.000000
vt -0.080000 0.138564 0.000000
vt -0.028470 0.106252 0.000000
vt -0.041411 0.154548 0.000000
vt 0.000000 0.110000 0.000000
vt 0.000000 0.160000 0.000000
vt 0.041411 0.154548 0.000000
vt 0.028470 0.106252 0.000000
vt 0.080000 0.138564 0.000000
vt 0.055000 0.095263 0.000000
vt 0.113137 0.113137 0.000000
vt 0.077782 0.077782 0.000000
vt 0.138564 0.080000 0.000000
vt 0.095263 0.055000 0.000000
vt 0.154548 0.041411 0.000000
vt 0.106252 0.028470 0.000000
vt 0.160000 0.000000 0.000000
vt 0.110000 0.000000 0.000000
vt 0.154548 -0.041411 0.000000
vt 0.106252 -0.028470 0.000000
vt 0.095263 -0.055000 0.000000
vt 0.138564 -0.080000 0.000000
vt 0.077782 -0.077782 0.000000
vt 0.113137 -0.113137 0.000000
vt 0.055000 -0.095263 0.000000
vt 0.080000 -0.138564 0.000000
vt 0.028470 -0.106252 0.000000
vt 0.041411 -0.154548 0.000000
vt 0.000000 -0.110000 0.000000
vt 0.000000 -0.160000 0.000000
vt -0.041411 -0.154548 0.000000
vt -0.028470 -0.106252 0.000000
vt -0.080000 -0.138564 0.000000
vt -0.055000 -0.095263 0.000000
vt -0.113137 -0.113137 0.000000
vt -0.077782 -0.077782 0.000000
vt -0.138564 -0.080000 0.000000
vt -0.095263 -0.055000 0.000000
vt -0.154548 -0.041411 0.000000
vt 0.200000 -0.460767 0.000000
vt 0.000000 -0.460767 0.000000
vt 0.200000 -0.502655 0.000000
vt 0.000000 -0.502655 0.000000
vt 0.200000 0.502655 0.000000
vt 0.000000 0.502655 0.000000
vt 0.200000 0.460767 0.000000
vt 0.000000 0.460767 0.000000
vt 0.200000 0.418879 0.000000
vt 0.000000 0.418879 0.000000
vt 0.200000 0.376991 0.000000
vt 0.000000 0.376991 0.000000
vt 0.200000 0.335103 0.000000
vt 0.000000 0.335103 0.000000
vt 0.200000 0.293215 0.000000
vt 0.000000 0.293215 0.000000
vt 0.200000 0.251327 0.000000
vt 0.000000 0.251327 0.000000
vt 0.200000 0.209440 0.000000
vt 0.000000 0.209440 0.000000
vt 0.200000 0.167552 0.000000
vt -0.000000 0.167552 0.000000
vt 0.200000 0.125664 0.000000
vt 0.000000 0.125664 0.000000
vt 0.200000 0.083776 0.000000
vt 0.000000 0.083776 0.000000
vt 0.200000 0.041888 0.000000
vt 0.000000 0.041888 0.000000
vt 0.200000 0.000000 0.000000
vt 0.000000 0.000000 0.000000
vt 0.200000 -0.041888 0.000000
vt 0.000000 -0.041888 0.000000
vt 0.200000 -0.083776 0.000000
vt 0.000000 -0.083776 0.000000
vt 0.200000 -0.125664 0.000000
vt 0.000000 -0.125664 0.000000
vt 0.200000 -0.167552 0.000000
vt 0.000000 -0.167552 0.000000
vt 0.200000 -0.209440 0.000000
vt 0.000000 -0.209440 0.000000
vt 0.200000 -0.251327 0.000000
vt 0.000000 -0.251327 0.000000
vt 0.200000 -0.293215 0.000000
vt 0.000000 -0.293215 0.000000
vt 0.200000 -0.335103 0.000000
vt 0.000000 -0.335103 0.000000
vt 0.200000 -0.376991 0.000000
vt 0.000000 -0.376991 0.000000
vt 0.200000 -0.418879 0.000000
vt 0.000000 -0.418879 0.000000
vt -0.106252 -0.028470 0.000000
vt -0.110000 0.000000 0.000000
vt -0.160000 0.000000 0.000000
vt -0.106252 0.028470 0.000000
vt -0.154548 0.041411 0.000000
vt -0.095263 0.055000 0.000000
vt -0.138564 0.080000 0.000000
vt -0.077782 0.077782 0.000000
vt -0.113137 0.113137 0.000000
vt -0.055000 0.095263 0.000000
vt -0.080000 0.138564 0.000000
vt -0.028470 0.106252 0.000000
vt -0.041411 0.154548 0.000000
vt 0.000000 0.110000 0.000000
vt 0.000000 0.160000 0.000000
vt 0.041411 0.154548 0.000000
vt 0.028470 0.106252 0.000000
vt 0.080000 0.138564 0.000000
vt 0.055000 0.095263 0.000000
vt 0.113137 0.113137 0.000000
vt 0.077782 0.077782 0.000000
vt 0.138564 0.080000 0.000000
vt 0.095263 0.055000 0.000000
vt 0.154548 0.041411 0.000000
vt 0.106252 0.028470 0.000000
vt 0.160000 0.000000 0.000000
vt 0.110000 0.000000 0.000000
vt 0.154548 -0.041411 0.000000
vt 0.106252 -0.028470 0.000000
vt 0.095263 -0.055000 0.000000
vt 0.138564 -0.080000 0.000000
vt 0.077782 -0.077782 0.000000
vt 0.113137 -0.113137 0.000000
vt 0.055000 -0.095263 0.000000
vt 0.080000 -0.138564 0.000000
vt 0.028470 -0.106252 0.000000
vt 0.041411 -0.154548 0.000000
vt 0.000000 -0.110000 0.000000
vt 0.000000 -0.160000 0.000000
vt -0.041411 -0.154548 0.000000
vt -0.028470 -0.106252 0.000000
vt -0.080000 -0.138564 0.000000
vt -0.055000 -0.095263 0.000000
vt -0.113137 -0.113137 0.000000
vt -0.077782 -0.077782 0.000000
vt -0.138564 -0.080000 0.000000
vt -0.095263 -0.055000 0.000000
vt -0.154548 -0.041411 0.000000
vt 0.200000 -0.460767 0.000000
vt 0.000000 -0.460767 0.000000
vt 0.200000 -0.502655 0.000000
vt 0.000000 -0.502655 0.000000
vt 0.200000 0.502655 0.000000
vt 0.000000 0.502655 0.000000
vt 0.200000 0.460767 0.000000
vt 0.000000 0.460767 0.000000
vt 0.200000 0.418879 0.000000
vt 0.000000 0.418879 0.000000
vt 0.200000 0.376991 0.000000
vt 0.000000 0.376991 0.000000
vt 0.200000 0.335103 0.000000
vt 0.000000 0.335103 0.000000
vt 0.200000 0.293215 0.000000
vt 0.000000 0.293215 0.000000
vt 0.200000 0.251327 0.000000
vt 0.000000 0.251327 0.000000
vt 0.200000 0.209440 0.000000
vt 0.000000 0.209440 0.000000
vt 0.200000 0.167552 0.000000
vt -0.000000 0.167552 0.000000
vt 0.200000 0.125664 0.000000
vt 0.000000 0.125664 0.000000
vt 0.200000 0.083776 0.000000
vt -0.000000 0.083776 0.000000
vt 0.200000 0.041888 0.000000
vt 0.000000 0.041888 0.000000
vt 0.200000 0.000000 0.000000
vt 0.000000 0.000000 0.000000
vt 0.200000 -0.041888 0.000000
vt 0.000000 -0.041888 0.000000
vt 0.200000 -0.083776 0.000000
vt 0.000000 -0.083776 0.000000
vt 0.200000 -0.125664 0.000000
vt 0.000000 -0.125664 0.000000
vt 0.200000 -0.167552 0.000000
vt 0.000000 -0.167552 0.000000
vt 0.200000 -0.209440 0.000000
vt 0.000000 -0.209440 0.000000
vt 0.200000 -0.251327 0.000000
vt 0.000000 -0.251327 0.000000
vt 0.200000 -0.293215 0.000000
vt 0.000000 -0.293215 0.000000
vt 0.200000 -0.335103 0.000000
vt 0.000000 -0.335103 0.000000
vt 0.200000 -0.376991 0.000000
vt 0.000000 -0.376991 0.000000
vt 0.200000 -0.418879 0.000000
vt 0.000000 -0.418879 0.000000
vt -0.106252 -0.028470 0.000000
vt -0.110000 0.000000 0.000000
vt -0.160000 0.000000 0.000000
vt -0.106252 0.028470 0.000000
vt -0.154548 0.041411 0.000000
vt -0.095263 0.055000 0.000000
vt -0.138564 0.080000 0.000000
vt -0.077782 0.077782 0.000000
vt -0.113137 0.113137 0.000000
vt -0.055000 0.095263 0.000000
vt -0.080000 0.138564 0.000000
vt -0.028470 0.106252 0.000000
vt -0.041411 0.154548 0.000000
vt 0.000000 0.110000 0.000000
vt 0.000000 0.160000 0.000000
vt 0.041411 0.154548 0.000000
vt 0.028470 0.106252 0.000000
vt 0.080000 0.138564 0.000000
vt 0.055000 0.095263 0.000000
vt 0.113137 0.113137 0.000000
vt 0.077782 0.077782 0.000000
vt 0.138564 0.080000 0.000000
vt 0.095263 0.055000 0.000000
vt 0.154548 0.041411 0.000000
vt 0.106252 0.028470 0.000000
vt 0.160000 0.000000 0.000000
vt 0.110000 0.000000 0.000000
vt 0.154548 -0.041411 0.000000
vt 0.106252 -0.028470 0.000000
vt 0.095263 -0.055000 0.000000
vt 0.138564 -0.080000 0.000000
vt 0.077782 -0.077782 0.000000
vt 0.113137 -0.113137 0.000000
vt 0.055000 -0.095263 0.000000
vt 0.080000 -0.138564 0.000000
vt 0.028470 -0.106252 0.000000
vt 0.041411 -0.154548 0.000000
vt 0.000000 -0.110000 0.000000
vt 0.000000 -0.160000 0.000000
vt -0.041411 -0.154548 0.000000
vt -0.028470 -0.106252 0.000000
vt -0.080000 -0.138564 0.000000
vt -0.055000 -0.095263 0.000000
vt -0.113137 -0.113137 0.000000
vt -0.077782 -0.077782 0.000000
vt -0.138564 -0.080000 0.000000
vt -0.095263 -0.055000 0.000000
vt -0.154548 -0.041411 0.000000
vt 0.200000 0.028798 0.000000
vt 0.000000 0.028798 0.000000
vt 0.200000 0.000000 0.000000
vt 0.000000 0.000000 0.000000
vt 0.200000 -0.028798 0.000000
vt 0.000000 -0.028798 0.000000
vt 0.200000 -0.057596 0.000000
vt 0.000000 -0.057596 0.000000
vt 0.200000 -0.086394 0.000000
vt 0.000000 -0.086394 0.000000
vt 0.200000 -0.115192 0.000000
vt 0.000000 -0.115192 0.000000
vt 0.200000 -0.143990 0.000000
vt 0.000000 -0.143990 0.000000
vt 0.200000 -0.172788 0.000000
vt 0.000000 -0.172788 0.000000
vt 0.200000 -0.201586 0.000000
vt 0.000000 -0.201586 0.000000
vt 0.200000 -0.230383 0.000000
vt 0.000000 -0.230383 0.000000
vt 0.200000 -0.259181 0.000000
vt 0.000000 -0.259181 0.000000
vt 0.200000 -0.287979 0.000000
vt 0.000000 -0.287979 0.000000
vt 0.200000 -0.316777 0.000000
vt 0.000000 -0.316777 0.000000
vt 0.200000 -0.345575 0.000000
vt 0.000000 -0.345575 0.000000
vt 0.200000 0.345575 0.000000
vt 0.000000 0.345575 0.000000
vt 0.200000 0.316777 0.000000
vt 0.000000 0.316777 0.000000
vt 0.200000 0.287979 0.000000
vt 0.000000 0.287979 0.000000
vt 0.200000 0.259181 0.000000
vt 0.000000 0.259181 0.000000
vt 0.200000 0.230383 0.000000
vt 0.000000 0.230383 0.000000
vt 0.200000 0.201586 0.000000
vt 0.000000 0.201586 0.000000
vt 0.200000 0.172788 0.000000
vt 0.000000 0.172788 0.000000
vt 0.200000 0.143990 0.000000
vt 0.000000 0.143990 0.000000
vt 0.200000 0.115192 0.000000
vt 0.000000 0.115192 0.000000
vt 0.200000 0.086394 0.000000
vt 0.000000 0.086394 0.000000
vt 0.200000 0.057596 0.000000
vt 0.000000 0.057596 0.000000
vt 0.200000 0.028798 0.000000
vt 0.000000 0.028798 0.000000
vt 0.200000 0.000000 0.000000
vt 0.000000 0.000000 0.000000
vt 0.200000 -0.028798 0.000000
vt 0.000000 -0.028798 0.000000
vt 0.200000 -0.057596 0.000000
vt 0.000000 -0.057596 0.000000
vt 0.200000 -0.086394 0.000000
vt 0.000000 -0.086394 0.000000
vt 0.200000 -0.115192 0.000000
vt 0.000000 -0.115192 0.000000
vt 0.200000 -0.143990 0.000000
vt 0.000000 -0.143990 0.000000
vt 0.200000 -0.172788 0.000000
vt 0.000000 -0.172788 0.000000
vt 0.200000 -0.201586 0.000000
vt 0.000000 -0.201586 0.000000
vt 0.200000 -0.230383 0.000000
vt 0.000000 -0.230383 0.000000
vt 0.200000 -0.259181 0.000000
vt 0.000000 -0.259181 0.000000
vt 0.200000 -0.287979 0.000000
vt 0.000000 -0.287979 0.000000
vt 0.200000 -0.316777 0.000000
vt 0.000000 -0.316777 0.000000
vt 0.200000 -0.345575 0.000000
vt 0.000000 -0.345575 0.000000
vt 0.200000 0.345575 0.000000
vt 0.000000 0.345575 0.000000
vt 0.200000 0.316777 0.000000
vt 0.000000 0.316777 0.000000
vt 0.200000 0.287979 0.000000
vt 0.000000 0.287979 0.000000
vt 0.200000 0.259181 0.000000
vt 0.000000 0.259181 0.000000
vt 0.200000 0.230383 0.000000
vt 0.000000 0.230383 0.000000
vt 0.200000 0.201586 0.000000
vt 0.000000 0.201586 0.000000
vt 0.200000 0.172788 0.000000
vt 0.000000 0.172788 0.000000
vt 0.200000 0.143990 0.000000
vt 0.000000 0.143990 0.000000
vt 0.200000 0.115192 0.000000
vt 0.000000 0.115192 0.000000
vt 0.200000 0.086394 0.000000
vt 0.000000 0.086394 0.000000
vt 0.200000 0.057596 0.000000
vt 0.000000 0.057596 0.000000
vt 0.200000 0.028798 0.000000
vt 0.000000 0.028798 0.000000
vt 0.200000 0.000000 0.000000
vt 0.000000 0.000000 0.000000
vt 0.200000 -0.028798 0.000000
vt 0.000000 -0.028798 0.000000
vt 0.200000 -0.057596 0.000000
vt 0.000000 -0.057596 0.000000
vt 0.200000 -0.086394 0.000000
vt 0.000000 -0.086394 0.000000
vt 0.200000 -0.115192 0.000000
vt 0.000000 -0.115192 0.000000
vt 0.200000 -0.143990 0.000000
vt 0.000000 -0.143990 0.000000
vt 0.200000 -0.172788 0.000000
vt 0.000000 -0.172788 0.000000
vt 0.200000 -0.201586 0.000000
vt 0.000000 -0.201586 0.000000
vt 0.200000 -0.230383 0.000000
vt 0.000000 -0.230383 0.000000
vt 0.200000 -0.259181 0.000000
vt 0.000000 -0.259181 0.000000
vt 0.200000 -0.287979 0.000000
vt 0.000000 -0.287979 0.000000
vt 0.200000 -0.316777 0.000000
vt 0.000000 -0.316777 0.000000
vt 0.200000 -0.345575 0.000000
vt 0.000000 -0.345575 0.000000
vt 0.200000 0.345575 0.000000
vt 0.000000 0.345575 0.000000
vt 0.200000 0.316777 0.000000
vt 0.000000 0.316777 0.000000
vt 0.200000 0.287979 0.000000
vt 0.000000 0.287979 0.000000
vt 0.200000 0.259181 0.000000
vt 0.000000 0.259181 0.000000
vt 0.200000 0.230383 0.000000
vt 0.000000 0.230383 0.000000
vt 0.200000 0.201586 0.000000
vt 0.000000 0.201586 0.000000
vt 0.200000 0.172788 0.000000
vt 0.000000 0.172788 0.000000
vt 0.200000 0.143990 0.000000
vt 0.000000 0.143990 0.000000
vt 0.200000 0.115192 0.000000
vt 0.000000 0.115192 0.000000
vt 0.200000 0.086394 0.000000
vt 0.000000 0.086394 0.000000
vt 0.200000 0.057596 0.000000
vt 0.000000 0.057596 0.000000
vt 0.200000 0.028798 0.000000
vt 0.000000 0.028798 0.000000
vt 0.200000 0.000000 0.000000
vt 0.000000 0.000000 0.000000
vt 0.200000 -0.028798 0.000000
vt 0.000000 -0.028798 0.000000
vt 0.200000 -0.057596 0.000000
vt 0.000000 -0.057596 0.000000
vt 0.200000 -0.086394 0.000000
vt 0.000000 -0.086394 0.000000
vt 0.200000 -0.115192 0.000000
vt 0.000000 -0.115192 0.000000
vt 0.200000 -0.143990 0.000000
vt 0.000000 -0.143990 0.000000
vt 0.200000 -0.172788 0.000000
vt 0.000000 -0.172788 0.000000
vt 0.200000 -0.201586 0.000000
vt 0.000000 -0.201586 0.000000
vt 0.200000 -0.230383 0.000000
vt 0.000000 -0.230383 0.000000
vt 0.200000 -0.259181 0.000000
vt 0.000000 -0.259181 0.000000
vt 0.200000 -0.287979 0.000000
vt 0.000000 -0.287979 0.000000
vt 0.200000 -0.316777 0.000000
vt 0.000000 -0.316777 0.000000
vt 0.200000 -0.345575 0.000000
vt 0.000000 -0.345575 0.000000
vt 0.200000 0.345575 0.000000
vt 0.000000 0.345575 0.000000
vt 0.200000 0.316777 0.000000
vt 0.000000 0.316777 0.000000
vt 0.200000 0.287979 0.000000
vt 0.000000 0.287979 0.000000
vt 0.200000 0.259181 0.000000
vt 0.000000 0.259181 0.000000
vt 0.200000 0.230383 0.000000
vt 0.000000 0.230383 0.000000
vt 0.200000 0.201586 0.000000
vt 0.000000 0.201586 0.000000
vt 0.200000 0.172788 0.000000
vt 0.000000 0.172788 0.000000
vt 0.200000 0.143990 0.000000
vt 0.000000 0.143990 0.000000
vt 0.200000 0.115192 0.000000
vt 0.000000 0.115192 0.000000
vt 0.200000 0.086394 0.000000
vt 0.000000 0.086394 0.000000
vt 0.200000 0.057596 0.000000
vt 0.000000 0.057596 0.000000
vt 0.400000 5.000000 0.000000
vt 0.000000 5.000000 0.000000
vt 0.400000 0.000000 0.000000
vt 0.000000 0.000000 0.000000
vt 0.000000 5.000000 0.000000
vt 5.721783 4.193844 0.000000
vt 8.000000 5.000000 0.000000
vt 5.800000 4.200000 0.000000
vt 7.722218 4.727782 0.000000
vt 5.878217 4.193844 0.000000
vt 7.704737 4.705000 0.000000
vt 6.921783 4.193844 0.000000
vt 7.693748 4.678470 0.000000
vt 7.000000 4.200000 0.000000
vt 7.690000 4.650000 0.000000
vt 7.693748 4.621530 0.000000
vt 7.078217 4.193844 0.000000
vt 7.704737 4.595000 0.000000
vt 7.154508 4.175528 0.000000
vt 7.722218 4.572218 0.000000
vt 7.745000 4.554737 0.000000
vt 7.226995 4.145503 0.000000
vt 7.771530 4.543748 0.000000
vt 7.293893 4.104508 0.000000
vt 7.800000 4.540000 0.000000
vt 7.353553 4.053553 0.000000
vt 7.404508 3.993893 0.000000
vt 0.000000 0.000000 0.000000
vt 0.093748 4.621530 0.000000
vt 0.090000 4.650000 0.000000
vt 0.093748 4.678470 0.000000
vt 8.000000 0.000000 0.000000
vt 2.278217 0.806156 0.000000
vt 2.200000 0.800000 0.000000
vt 0.277782 0.272218 0.000000
vt 2.121783 0.806156 0.000000
vt 0.295263 0.295000 0.000000
vt 1.078217 0.806156 0.000000
vt 0.306252 0.321530 0.000000
vt 1.000000 0.800000 0.000000
vt 0.310000 0.350000 0.000000
vt 0.306252 0.378470 0.000000
vt 0.921783 0.806156 0.000000
vt 0.295263 0.405000 0.000000
vt 0.845492 0.824472 0.000000
vt 0.277782 0.427782 0.000000
vt 0.255000 0.445263 0.000000
vt 0.773005 0.854497 0.000000
vt 0.228470 0.456252 0.000000
vt 0.706107 0.895492 0.000000
vt 0.200000 0.460000 0.000000
vt 0.646447 0.946447 0.000000
vt 0.595492 1.006107 0.000000
vt 7.906252 4.621530 0.000000
vt 7.906252 0.378470 0.000000
vt 7.910000 0.350000 0.000000
vt 0.306252 4.678470 0.000000
vt 0.310000 4.650000 0.000000
vt 1.000000 4.200000 0.000000
vt 0.306252 4.621530 0.000000
vt 0.921783 4.193844 0.000000
vt 0.295263 4.595000 0.000000
vt 0.845492 4.175528 0.000000
vt 0.277782 4.572218 0.000000
vt 0.255000 4.554737 0.000000
vt 0.773005 4.145503 0.000000
vt 0.228470 4.543748 0.000000
vt 0.706107 4.104508 0.000000
vt 0.200000 4.540000 0.000000
vt 0.646447 4.053553 0.000000
vt 0.595492 3.993893 0.000000
vt 0.171530 4.543748 0.000000
vt 0.554497 3.926995 0.000000
vt 0.145000 4.554737 0.000000
vt 0.524472 3.854508 0.000000
vt 0.506156 3.778217 0.000000
vt 0.122218 4.572218 0.000000
vt 0.500000 3.700000 0.000000
vt 0.506156 3.621783 0.000000
vt 0.104737 4.595000 0.000000
vt 0.506156 2.578217 0.000000
vt 0.500000 2.500000 0.000000
vt 0.093748 0.378470 0.000000
vt 0.090000 0.350000 0.000000
vt 0.093748 0.321530 0.000000
vt 0.104737 0.295000 0.000000
vt 0.122218 0.272218 0.000000
vt 0.145000 0.254737 0.000000
vt 0.171530 0.243748 0.000000
vt 0.200000 0.240000 0.000000
vt 0.228470 0.243748 0.000000
vt 0.255000 0.254737 0.000000
vt 0.104737 4.705000 0.000000
vt 0.122218 4.727782 0.000000
vt 0.145000 4.745263 0.000000
vt 0.171530 4.756252 0.000000
vt 0.200000 4.760000 0.000000
vt 0.228470 4.756252 0.000000
vt 0.255000 4.745263 0.000000
vt 0.277782 4.727782 0.000000
vt 2.200000 4.200000 0.000000
vt 2.121783 4.193844 0.000000
vt 0.295263 4.705000 0.000000
vt 1.078217 4.193844 0.000000
vt 7.906252 4.678470 0.000000
vt 7.910000 4.650000 0.000000
vt 7.500000 2.500000 0.000000
vt 7.895263 4.595000 0.000000
vt 7.493844 2.578217 0.000000
vt 7.493844 3.621783 0.000000
vt 7.475528 3.545492 0.000000
vt 7.877782 4.572218 0.000000
vt 7.500000 3.700000 0.000000
vt 7.493844 3.778217 0.000000
vt 7.855000 4.554737 0.000000
vt 7.475528 3.854508 0.000000
vt 7.445503 3.926995 0.000000
vt 7.828470 4.543748 0.000000
vt 7.745000 4.745263 0.000000
vt 7.771530 4.756252 0.000000
vt 7.800000 4.760000 0.000000
vt 7.828470 4.756252 0.000000
vt 7.855000 4.745263 0.000000
vt 7.877782 4.727782 0.000000
vt 7.895263 4.705000 0.000000
vt 0.104737 0.405000 0.000000
vt 0.506156 2.421783 0.000000
vt 0.506156 1.378217 0.000000
vt 0.524472 1.454508 0.000000
vt 0.122218 0.427782 0.000000
vt 0.500000 1.300000 0.000000
vt 0.506156 1.221783 0.000000
vt 0.145000 0.445263 0.000000
vt 0.524472 1.145492 0.000000
vt 0.554497 1.073005 0.000000
vt 0.171530 0.456252 0.000000
vt 7.906252 0.321530 0.000000
vt 7.895263 0.295000 0.000000
vt 7.877782 0.272218 0.000000
vt 7.855000 0.254737 0.000000
vt 7.828470 0.243748 0.000000
vt 7.800000 0.240000 0.000000
vt 7.771530 0.243748 0.000000
vt 7.745000 0.254737 0.000000
vt 7.722218 0.272218 0.000000
vt 7.704737 0.295000 0.000000
vt 5.878217 0.806156 0.000000
vt 5.800000 0.800000 0.000000
vt 5.721783 0.806156 0.000000
vt 2.354508 0.824472 0.000000
vt 5.645492 0.824472 0.000000
vt 2.426995 0.854497 0.000000
vt 5.573005 0.854497 0.000000
vt 2.493893 0.895492 0.000000
vt 5.506107 0.895492 0.000000
vt 2.553553 0.946447 0.000000
vt 5.446447 0.946447 0.000000
vt 2.604508 1.006107 0.000000
vt 5.395492 1.006107 0.000000
vt 2.645503 1.073005 0.000000
vt 5.354497 1.073005 0.000000
vt 2.675528 1.145492 0.000000
vt 5.324472 1.145492 0.000000
vt 2.693844 1.221783 0.000000
vt 5.306156 1.221783 0.000000
vt 2.725000 1.350000 0.000000
vt 5.275000 1.350000 0.000000
vt 5.300000 1.300000 0.000000
vt 5.306156 1.378217 0.000000
vt 6.921783 0.806156 0.000000
vt 7.693748 0.321530 0.000000
vt 7.000000 0.800000 0.000000
vt 7.690000 0.350000 0.000000
vt 7.693748 0.378470 0.000000
vt 7.078217 0.806156 0.000000
vt 7.704737 0.405000 0.000000
vt 7.154508 0.824472 0.000000
vt 7.722218 0.427782 0.000000
vt 7.745000 0.445263 0.000000
vt 7.226995 0.854497 0.000000
vt 7.771530 0.456252 0.000000
vt 7.293893 0.895492 0.000000
vt 7.800000 0.460000 0.000000
vt 7.353553 0.946447 0.000000
vt 7.404508 1.006107 0.000000
vt 7.828470 0.456252 0.000000
vt 7.445503 1.073005 0.000000
vt 7.855000 0.445263 0.000000
vt 7.475528 1.145492 0.000000
vt 7.493844 1.221783 0.000000
vt 7.877782 0.427782 0.000000
vt 7.500000 1.300000 0.000000
vt 7.493844 1.378217 0.000000
vt 7.895263 0.405000 0.000000
vt 7.493844 2.421783 0.000000
vt 5.275000 3.650000 0.000000
vt 2.693844 3.778217 0.000000
vt 2.725000 3.650000 0.000000
vt 2.700000 3.700000 0.000000
vt 2.693844 3.621783 0.000000
vt 5.300000 2.500000 0.000000
vt 5.306156 2.578217 0.000000
vt 5.324472 2.654508 0.000000
vt 2.700000 2.500000 0.000000
vt 2.693844 2.421783 0.000000
vt 2.675528 2.345492 0.000000
vt 6.506156 3.778217 0.000000
vt 6.293844 3.778217 0.000000
vt 6.500000 3.700000 0.000000
vt 6.300000 3.700000 0.000000
vt 6.506156 3.621783 0.000000
vt 6.293844 3.621783 0.000000
vt 6.524472 3.545492 0.000000
vt 6.275528 3.545492 0.000000
vt 6.554497 3.473005 0.000000
vt 6.245503 3.473005 0.000000
vt 6.595492 3.406107 0.000000
vt 6.204508 3.406107 0.000000
vt 6.646447 3.346447 0.000000
vt 6.153553 3.346447 0.000000
vt 6.706107 3.295492 0.000000
vt 6.093893 3.295492 0.000000
vt 6.706107 2.904508 0.000000
vt 6.093893 2.904508 0.000000
vt 6.646447 2.853553 0.000000
vt 6.153553 2.853553 0.000000
vt 6.595492 2.793893 0.000000
vt 6.204508 2.793893 0.000000
vt 6.554497 2.726995 0.000000
vt 6.245503 2.726995 0.000000
vt 6.524472 2.654508 0.000000
vt 6.275528 2.654508 0.000000
vt 6.506156 2.578217 0.000000
vt 6.293844 2.578217 0.000000
vt 6.500000 2.500000 0.000000
vt 6.300000 2.500000 0.000000
vt 6.506156 2.421783 0.000000
vt 6.293844 2.421783 0.000000
vt 6.524472 2.345492 0.000000
vt 6.275528 2.345492 0.000000
vt 6.554497 2.273005 0.000000
vt 6.245503 2.273005 0.000000
vt 6.595492 2.206107 0.000000
vt 6.204508 2.206107 0.000000
vt 6.646447 2.146447 0.000000
vt 6.153553 2.146447 0.000000
vt 6.706107 2.095492 0.000000
vt 6.093893 2.095492 0.000000
vt 6.706107 1.704508 0.000000
vt 6.093893 1.704508 0.000000
vt 6.646447 1.653553 0.000000
vt 6.153553 1.653553 0.000000
vt 6.595492 1.593893 0.000000
vt 6.204508 1.593893 0.000000
vt 6.554497 1.526995 0.000000
vt 6.245503 1.526995 0.000000
vt 6.524472 1.454508 0.000000
vt 6.275528 1.454508 0.000000
vt 6.506156 1.378217 0.000000
vt 6.293844 1.378217 0.000000
vt 6.500000 1.300000 0.000000
vt 6.300000 1.300000 0.000000
vt 6.506156 1.221783 0.000000
vt 6.293844 1.221783 0.000000
vt 6.524472 1.145492 0.000000
vt 6.275528 1.145492 0.000000
vt 6.554497 1.073005 0.000000
vt 6.245503 1.073005 0.000000
vt 6.595492 1.006107 0.000000
vt 6.204508 1.006107 0.000000
vt 6.646447 0.946447 0.000000
vt 6.153553 0.946447 0.000000
vt 6.706107 0.895492 0.000000
vt 6.093893 0.895492 0.000000
vt 6.773005 0.854497 0.000000
vt 6.026995 0.854497 0.000000
vt 6.845492 0.824472 0.000000
vt 5.954508 0.824472 0.000000
vt 6.275528 3.854508 0.000000
vt 6.524472 3.854508 0.000000
vt 6.245503 3.926995 0.000000
vt 6.554497 3.926995 0.000000
vt 6.204508 3.993893 0.000000
vt 6.595492 3.993893 0.000000
vt 6.153553 4.053553 0.000000
vt 6.646447 4.053553 0.000000
vt 6.093893 4.104508 0.000000
vt 6.706107 4.104508 0.000000
vt 6.026995 4.145503 0.000000
vt 6.773005 4.145503 0.000000
vt 5.954508 4.175528 0.000000
vt 6.845492 4.175528 0.000000
vt 7.475528 2.654508 0.000000
vt 7.445503 3.473005 0.000000
vt 7.445503 2.726995 0.000000
vt 7.404508 3.406107 0.000000
vt 7.404508 2.793893 0.000000
vt 7.353553 3.346447 0.000000
vt 7.353553 2.853553 0.000000
vt 7.293893 3.295492 0.000000
vt 7.293893 2.904508 0.000000
vt 7.226995 3.254497 0.000000
vt 7.226995 2.945503 0.000000
vt 7.154508 3.224472 0.000000
vt 7.154508 2.975528 0.000000
vt 7.078217 3.206156 0.000000
vt 7.078217 2.993844 0.000000
vt 7.000000 3.200000 0.000000
vt 7.000000 3.000000 0.000000
vt 6.921783 2.993844 0.000000
vt 6.921783 3.206156 0.000000
vt 6.845492 2.975528 0.000000
vt 6.845492 3.224472 0.000000
vt 6.773005 2.945503 0.000000
vt 6.773005 3.254497 0.000000
vt 6.773005 1.745503 0.000000
vt 6.773005 2.054497 0.000000
vt 6.845492 2.024472 0.000000
vt 6.845492 1.775528 0.000000
vt 6.921783 2.006156 0.000000
vt 6.921783 1.793844 0.000000
vt 7.000000 2.000000 0.000000
vt 7.000000 1.800000 0.000000
vt 7.078217 1.793844 0.000000
vt 7.078217 2.006156 0.000000
vt 7.154508 1.775528 0.000000
vt 7.154508 2.024472 0.000000
vt 7.226995 1.745503 0.000000
vt 7.226995 2.054497 0.000000
vt 7.293893 1.704508 0.000000
vt 7.293893 2.095492 0.000000
vt 7.353553 1.653553 0.000000
vt 7.353553 2.146447 0.000000
vt 7.404508 1.593893 0.000000
vt 7.404508 2.206107 0.000000
vt 7.445503 1.526995 0.000000
vt 7.445503 2.273005 0.000000
vt 7.475528 1.454508 0.000000
vt 7.475528 2.345492 0.000000
vt 0.524472 3.545492 0.000000
vt 0.524472 2.654508 0.000000
vt 0.554497 3.473005 0.000000
vt 0.554497 2.726995 0.000000
vt 0.595492 3.406107 0.000000
vt 0.595492 2.793893 0.000000
vt 0.646447 3.346447 0.000000
vt 0.646447 2.853553 0.000000
vt 0.706107 3.295492 0.000000
vt 0.706107 2.904508 0.000000
vt 0.773005 3.254497 0.000000
vt 0.773005 2.945503 0.000000
vt 0.845492 3.224472 0.000000
vt 0.845492 2.975528 0.000000
vt 0.921783 3.206156 0.000000
vt 0.921783 2.993844 0.000000
vt 1.000000 3.200000 0.000000
vt 1.000000 3.000000 0.000000
vt 1.078217 2.993844 0.000000
vt 1.078217 3.206156 0.000000
vt 1.154508 2.975528 0.000000
vt 1.154508 3.224472 0.000000
vt 1.226995 2.945503 0.000000
vt 1.226995 3.254497 0.000000
vt 1.293893 2.904508 0.000000
vt 1.293893 3.295492 0.000000
vt 1.906107 2.904508 0.000000
vt 1.906107 3.295492 0.000000
vt 1.973005 2.945503 0.000000
vt 1.973005 3.254497 0.000000
vt 2.045492 3.224472 0.000000
vt 2.045492 2.975528 0.000000
vt 2.121783 3.206156 0.000000
vt 2.121783 2.993844 0.000000
vt 2.200000 3.200000 0.000000
vt 2.200000 3.000000 0.000000
vt 2.278217 2.993844 0.000000
vt 1.846447 2.853553 0.000000
vt 1.353553 2.853553 0.000000
vt 1.795492 2.793893 0.000000
vt 1.404508 2.793893 0.000000
vt 1.754497 2.726995 0.000000
vt 1.445503 2.726995 0.000000
vt 1.724472 2.654508 0.000000
vt 1.475528 2.654508 0.000000
vt 1.706156 2.578217 0.000000
vt 1.493844 2.578217 0.000000
vt 1.700000 2.500000 0.000000
vt 1.500000 2.500000 0.000000
vt 1.706156 2.421783 0.000000
vt 1.493844 2.421783 0.000000
vt 1.724472 2.345492 0.000000
vt 1.475528 2.345492 0.000000
vt 1.754497 2.273005 0.000000
vt 1.445503 2.273005 0.000000
vt 1.795492 2.206107 0.000000
vt 1.404508 2.206107 0.000000
vt 1.846447 2.146447 0.000000
vt 1.353553 2.146447 0.000000
vt 1.906107 2.095492 0.000000
vt 1.293893 2.095492 0.000000
vt 1.906107 1.704508 0.000000
vt 1.293893 1.704508 0.000000
vt 1.846447 1.653553 0.000000
vt 1.353553 1.653553 0.000000
vt 1.795492 1.593893 0.000000
vt 1.404508 1.593893 0.000000
vt 1.754497 1.526995 0.000000
vt 1.445503 1.526995 0.000000
vt 1.724472 1.454508 0.000000
vt 1.475528 1.454508 0.000000
vt 1.706156 1.378217 0.000000
vt 1.493844 1.378217 0.000000
vt 1.700000 1.300000 0.000000
vt 1.500000 1.300000 0.000000
vt 1.706156 1.221783 0.000000
vt 1.493844 1.221783 0.000000
vt 1.724472 1.145492 0.000000
vt 1.475528 1.145492 0.000000
vt 1.754497 1.073005 0.000000
vt 1.445503 1.073005 0.000000
vt 1.795492 1.006107 0.000000
vt 1.404508 1.006107 0.000000
vt 1.846447 0.946447 0.000000
vt 1.353553 0.946447 0.000000
vt 1.906107 0.895492 0.000000
vt 1.293893 0.895492 0.000000
vt 1.973005 0.854497 0.000000
vt 1.226995 0.854497 0.000000
vt 2.045492 0.824472 0.000000
vt 1.154508 0.824472 0.000000
vt 1.226995 2.054497 0.000000
vt 1.226995 1.745503 0.000000
vt 1.154508 2.024472 0.000000
vt 1.154508 1.775528 0.000000
vt 1.078217 2.006156 0.000000
vt 1.078217 1.793844 0.000000
vt 1.000000 2.000000 0.000000
vt 1.000000 1.800000 0.000000
vt 0.921783 1.793844 0.000000
vt 0.921783 2.006156 0.000000
vt 0.845492 1.775528 0.000000
vt 0.845492 2.024472 0.000000
vt 0.773005 1.745503 0.000000
vt 0.773005 2.054497 0.000000
vt 0.706107 1.704508 0.000000
vt 0.706107 2.095492 0.000000
vt 0.646447 1.653553 0.000000
vt 0.646447 2.146447 0.000000
vt 0.595492 1.593893 0.000000
vt 0.595492 2.206107 0.000000
vt 0.554497 1.526995 0.000000
vt 0.554497 2.273005 0.000000
vt 0.524472 2.345492 0.000000
vt 2.045492 4.175528 0.000000
vt 1.154508 4.175528 0.000000
vt 1.973005 4.145503 0.000000
vt 1.226995 4.145503 0.000000
vt 1.906107 4.104508 0.000000
vt 1.293893 4.104508 0.000000
vt 1.846447 4.053553 0.000000
vt 1.353553 4.053553 0.000000
vt 1.795492 3.993893 0.000000
vt 1.404508 3.993893 0.000000
vt 1.754497 3.926995 0.000000
vt 1.445503 3.926995 0.000000
vt 1.724472 3.854508 0.000000
vt 1.475528 3.854508 0.000000
vt 1.706156 3.778217 0.000000
vt 1.493844 3.778217 0.000000
vt 1.700000 3.700000 0.000000
vt 1.500000 3.700000 0.000000
vt 1.706156 3.621783 0.000000
vt 1.493844 3.621783 0.000000
vt 1.724472 3.545492 0.000000
vt 1.475528 3.545492 0.000000
vt 1.754497 3.473005 0.000000
vt 1.445503 3.473005 0.000000
vt 1.795492 3.406107 0.000000
vt 1.404508 3.406107 0.000000
vt 1.846447 3.346447 0.000000
vt 1.353553 3.346447 0.000000
vt 5.306156 3.621783 0.000000
vt 5.300000 3.700000 0.000000
vt 5.306156 3.778217 0.000000
vt 2.675528 3.854508 0.000000
vt 5.324472 3.854508 0.000000
vt 2.645503 3.926995 0.000000
vt 5.354497 3.926995 0.000000
vt 2.604508 3.993893 0.000000
vt 5.395492 3.993893 0.000000
vt 2.553553 4.053553 0.000000
vt 5.446447 4.053553 0.000000
vt 2.493893 4.104508 0.000000
vt 5.506107 4.104508 0.000000
vt 2.426995 4.145503 0.000000
vt 5.573005 4.145503 0.000000
vt 2.354508 4.175528 0.000000
vt 5.645492 4.175528 0.000000
vt 2.278217 4.193844 0.000000
vt 6.026995 3.254497 0.000000
vt 6.026995 2.945503 0.000000
vt 5.954508 3.224472 0.000000
vt 5.954508 2.975528 0.000000
vt 5.878217 3.206156 0.000000
vt 5.878217 2.993844 0.000000
vt 5.800000 3.200000 0.000000
vt 5.800000 3.000000 0.000000
vt 5.721783 2.993844 0.000000
vt 5.721783 3.206156 0.000000
vt 5.645492 2.975528 0.000000
vt 5.645492 3.224472 0.000000
vt 5.573005 2.945503 0.000000
vt 5.573005 3.254497 0.000000
vt 5.506107 2.904508 0.000000
vt 5.506107 3.295492 0.000000
vt 5.446447 2.853553 0.000000
vt 5.446447 3.346447 0.000000
vt 5.395492 2.793893 0.000000
vt 5.395492 3.406107 0.000000
vt 5.354497 2.726995 0.000000
vt 5.354497 3.473005 0.000000
vt 5.324472 3.545492 0.000000
vt 5.324472 1.454508 0.000000
vt 5.324472 2.345492 0.000000
vt 5.306156 2.421783 0.000000
vt 5.354497 1.526995 0.000000
vt 5.354497 2.273005 0.000000
vt 5.395492 2.206107 0.000000
vt 5.395492 1.593893 0.000000
vt 5.446447 2.146447 0.000000
vt 5.446447 1.653553 0.000000
vt 5.506107 2.095492 0.000000
vt 5.506107 1.704508 0.000000
vt 5.573005 2.054497 0.000000
vt 5.573005 1.745503 0.000000
vt 5.645492 2.024472 0.000000
vt 5.645492 1.775528 0.000000
vt 5.721783 2.006156 0.000000
vt 5.721783 1.793844 0.000000
vt 5.800000 2.000000 0.000000
vt 5.800000 1.800000 0.000000
vt 5.878217 1.793844 0.000000
vt 5.878217 2.006156 0.000000
vt 5.954508 1.775528 0.000000
vt 5.954508 2.024472 0.000000
vt 6.026995 1.745503 0.000000
vt 6.026995 2.054497 0.000000
vt 2.278217 3.206156 0.000000
vt 2.354508 2.975528 0.000000
vt 2.354508 3.224472 0.000000
vt 2.426995 2.945503 0.000000
vt 2.426995 3.254497 0.000000
vt 2.493893 2.904508 0.000000
vt 2.493893 3.295492 0.000000
vt 2.553553 2.853553 0.000000
vt 2.553553 3.346447 0.000000
vt 2.604508 2.793893 0.000000
vt 2.604508 3.406107 0.000000
vt 2.645503 2.726995 0.000000
vt 2.645503 3.473005 0.000000
vt 2.675528 2.654508 0.000000
vt 2.675528 3.545492 0.000000
vt 2.693844 2.578217 0.000000
vt 2.645503 2.273005 0.000000
vt 2.645503 1.526995 0.000000
vt 2.675528 1.454508 0.000000
vt 2.693844 1.378217 0.000000
vt 2.700000 1.300000 0.000000
vt 2.604508 2.206107 0.000000
vt 2.604508 1.593893 0.000000
vt 2.553553 2.146447 0.000000
vt 2.553553 1.653553 0.000000
vt 2.493893 2.095492 0.000000
vt 2.493893 1.704508 0.000000
vt 2.426995 2.054497 0.000000
vt 2.426995 1.745503 0.000000
vt 2.354508 2.024472 0.000000
vt 2.354508 1.775528 0.000000
vt 2.278217 2.006156 0.000000
vt 2.278217 1.793844 0.000000
vt 2.200000 2.000000 0.000000
vt 2.200000 1.800000 0.000000
vt 2.121783 1.793844 0.000000
vt 2.121783 2.006156 0.000000
vt 2.045492 1.775528 0.000000
vt 2.045492 2.024472 0.000000
vt 1.973005 1.745503 0.000000
vt 1.973005 2.054497 0.000000
vt 0.400000 5.000000 0.000000
vt 0.000000 5.000000 0.000000
vt 0.400000 0.000000 0.000000
vt -0.000000 0.000000 0.000000
vt 7.954548 0.308589 0.000000
vt 8.000000 0.000000 0.000000
vt 7.960000 0.350000 0.000000
vt 7.960000 4.650000 0.000000
vt 7.954548 4.608589 0.000000
vt 7.938564 0.270000 0.000000
vt 7.913137 0.236863 0.000000
vt 7.880000 0.211436 0.000000
vt 7.841411 0.195452 0.000000
vt 7.800000 0.190000 0.000000
vt 7.758589 0.195452 0.000000
vt 7.720000 0.211436 0.000000
vt 5.800000 0.800000 0.000000
vt 5.721783 0.806156 0.000000
vt 7.686863 0.236863 0.000000
vt 5.878217 0.806156 0.000000
vt 7.661436 0.270000 0.000000
vt 5.954508 0.824472 0.000000
vt 6.845492 0.824472 0.000000
vt 6.026995 0.854497 0.000000
vt 6.773005 0.854497 0.000000
vt 6.093893 0.895492 0.000000
vt 6.706107 0.895492 0.000000
vt 6.153553 0.946447 0.000000
vt 6.646447 0.946447 0.000000
vt 6.204508 1.006107 0.000000
vt 6.595492 1.006107 0.000000
vt 6.245503 1.073005 0.000000
vt 6.554497 1.073005 0.000000
vt 6.275528 1.145492 0.000000
vt 6.524472 1.145492 0.000000
vt 6.293844 1.221783 0.000000
vt 6.506156 1.221783 0.000000
vt 6.300000 1.300000 0.000000
vt 6.500000 1.300000 0.000000
vt 6.293844 1.378217 0.000000
vt 6.506156 1.378217 0.000000
vt 6.275528 1.454508 0.000000
vt 6.524472 1.454508 0.000000
vt 6.245503 1.526995 0.000000
vt 6.554497 1.526995 0.000000
vt 6.204508 1.593893 0.000000
vt 6.595492 1.593893 0.000000
vt 6.153553 1.653553 0.000000
vt 6.646447 1.653553 0.000000
vt 6.093893 1.704508 0.000000
vt 6.706107 1.704508 0.000000
vt 6.093893 2.095492 0.000000
vt 6.706107 2.095492 0.000000
vt 6.153553 2.146447 0.000000
vt 6.646447 2.146447 0.000000
vt 6.204508 2.206107 0.000000
vt 6.595492 2.206107 0.000000
vt 6.245503 2.273005 0.000000
vt 6.554497 2.273005 0.000000
vt 6.275528 2.345492 0.000000
vt 6.524472 2.345492 0.000000
vt 6.293844 2.421783 0.000000
vt 6.506156 2.421783 0.000000
vt 6.300000 2.500000 0.000000
vt 6.500000 2.500000 0.000000
vt 6.293844 2.578217 0.000000
vt 6.506156 2.578217 0.000000
vt 6.275528 2.654508 0.000000
vt 6.524472 2.654508 0.000000
vt 6.245503 2.726995 0.000000
vt 6.554497 2.726995 0.000000
vt 6.204508 2.793893 0.000000
vt 6.595492 2.793893 0.000000
vt 6.153553 2.853553 0.000000
vt 6.646447 2.853553 0.000000
vt 6.093893 2.904508 0.000000
vt 6.706107 2.904508 0.000000
vt 6.093893 3.295492 0.000000
vt 6.706107 3.295492 0.000000
vt 6.153553 3.346447 0.000000
vt 6.646447 3.346447 0.000000
vt 6.204508 3.406107 0.000000
vt 6.595492 3.406107 0.000000
vt 6.245503 3.473005 0.000000
vt 6.554497 3.473005 0.000000
vt 6.275528 3.545492 0.000000
vt 6.524472 3.545492 0.000000
vt 6.293844 3.621783 0.000000
vt 6.506156 3.621783 0.000000
vt 6.300000 3.700000 0.000000
vt 6.500000 3.700000 0.000000
vt 6.293844 3.778217 0.000000
vt 6.506156 3.778217 0.000000
vt 6.275528 3.854508 0.000000
vt 6.524472 3.854508 0.000000
vt 6.245503 3.926995 0.000000
vt 6.554497 3.926995 0.000000
vt 6.204508 3.993893 0.000000
vt 6.595492 3.993893 0.000000
vt 6.153553 4.053553 0.000000
vt 6.646447 4.053553 0.000000
vt 6.093893 4.104508 0.000000
vt 6.706107 4.104508 0.000000
vt 6.026995 4.145503 0.000000
vt 6.773005 4.145503 0.000000
vt 5.954508 4.175528 0.000000
vt 6.845492 4.175528 0.000000
vt 7.661436 4.730000 0.000000
vt 6.921783 4.193844 0.000000
vt 7.645452 4.691411 0.000000
vt 7.640000 4.650000 0.000000
vt 7.000000 4.200000 0.000000
vt 7.645452 4.608589 0.000000
vt 7.078217 4.193844 0.000000
vt 7.661436 4.570000 0.000000
vt 7.154508 4.175528 0.000000
vt 7.686863 4.536863 0.000000
vt 7.720000 4.511436 0.000000
vt 7.226995 4.145503 0.000000
vt 7.758589 4.495452 0.000000
vt 7.293893 4.104508 0.000000
vt 7.353553 4.053553 0.000000
vt 6.921783 0.806156 0.000000
vt 7.645452 0.308589 0.000000
vt 7.640000 0.350000 0.000000
vt 7.000000 0.800000 0.000000
vt 7.645452 0.391411 0.000000
vt 7.078217 0.806156 0.000000
vt 7.661436 0.430000 0.000000
vt 7.154508 0.824472 0.000000
vt 7.686863 0.463137 0.000000
vt 7.720000 0.488564 0.000000
vt 7.226995 0.854497 0.000000
vt 7.758589 0.504548 0.000000
vt 7.293893 0.895492 0.000000
vt 7.353553 0.946447 0.000000
vt 7.800000 0.510000 0.000000
vt 7.404508 1.006107 0.000000
vt 7.841411 0.504548 0.000000
vt 7.445503 1.073005 0.000000
vt 7.475528 1.145492 0.000000
vt 7.880000 0.488564 0.000000
vt 7.493844 1.221783 0.000000
vt 7.913137 0.463137 0.000000
vt 7.500000 1.300000 0.000000
vt 7.493844 1.378217 0.000000
vt 7.938564 0.430000 0.000000
vt 7.493844 2.421783 0.000000
vt 7.500000 2.500000 0.000000
vt 7.938564 4.570000 0.000000
vt 7.493844 2.578217 0.000000
vt 7.493844 3.621783 0.000000
vt 7.475528 3.545492 0.000000
vt 7.954548 0.391411 0.000000
vt 0.354548 0.308589 0.000000
vt 1.078217 0.806156 0.000000
vt 0.360000 0.350000 0.000000
vt 1.000000 0.800000 0.000000
vt 0.354548 0.391411 0.000000
vt 0.921783 0.806156 0.000000
vt 0.338564 0.430000 0.000000
vt 0.845492 0.824472 0.000000
vt 0.313137 0.463137 0.000000
vt 0.280000 0.488564 0.000000
vt 0.773005 0.854497 0.000000
vt 0.241411 0.504548 0.000000
vt 0.706107 0.895492 0.000000
vt 0.646447 0.946447 0.000000
vt 0.338564 0.270000 0.000000
vt 1.154508 0.824472 0.000000
vt 2.045492 0.824472 0.000000
vt 1.226995 0.854497 0.000000
vt 1.973005 0.854497 0.000000
vt 1.293893 0.895492 0.000000
vt 1.906107 0.895492 0.000000
vt 1.353553 0.946447 0.000000
vt 1.846447 0.946447 0.000000
vt 1.404508 1.006107 0.000000
vt 1.795492 1.006107 0.000000
vt 1.445503 1.073005 0.000000
vt 1.754497 1.073005 0.000000
vt 1.475528 1.145492 0.000000
vt 1.724472 1.145492 0.000000
vt 1.493844 1.221783 0.000000
vt 1.706156 1.221783 0.000000
vt 1.500000 1.300000 0.000000
vt 1.700000 1.300000 0.000000
vt 1.493844 1.378217 0.000000
vt 1.706156 1.378217 0.000000
vt 1.475528 1.454508 0.000000
vt 1.724472 1.454508 0.000000
vt 1.445503 1.526995 0.000000
vt 1.754497 1.526995 0.000000
vt 1.404508 1.593893 0.000000
vt 1.795492 1.593893 0.000000
vt 1.353553 1.653553 0.000000
vt 1.846447 1.653553 0.000000
vt 1.293893 1.704508 0.000000
vt 1.906107 1.704508 0.000000
vt 1.293893 2.095492 0.000000
vt 1.906107 2.095492 0.000000
vt 1.353553 2.146447 0.000000
vt 1.846447 2.146447 0.000000
vt 1.404508 2.206107 0.000000
vt 1.795492 2.206107 0.000000
vt 1.445503 2.273005 0.000000
vt 1.754497 2.273005 0.000000
vt 1.475528 2.345492 0.000000
vt 1.724472 2.345492 0.000000
vt 1.493844 2.421783 0.000000
vt 1.706156 2.421783 0.000000
vt 1.500000 2.500000 0.000000
vt 1.700000 2.500000 0.000000
vt 1.493844 2.578217 0.000000
vt 1.706156 2.578217 0.000000
vt 1.475528 2.654508 0.000000
vt 1.724472 2.654508 0.000000
vt 1.445503 2.726995 0.000000
vt 1.754497 2.726995 0.000000
vt 1.404508 2.793893 0.000000
vt 1.795492 2.793893 0.000000
vt 1.353553 2.853553 0.000000
vt 1.846447 2.853553 0.000000
vt 1.293893 2.904508 0.000000
vt 1.906107 2.904508 0.000000
vt 1.293893 3.295492 0.000000
vt 1.906107 3.295492 0.000000
vt 1.353553 3.346447 0.000000
vt 1.846447 3.346447 0.000000
vt 1.404508 3.406107 0.000000
vt 1.795492 3.406107 0.000000
vt 1.445503 3.473005 0.000000
vt 1.754497 3.473005 0.000000
vt 1.475528 3.545492 0.000000
vt 1.724472 3.545492 0.000000
vt 1.493844 3.621783 0.000000
vt 1.706156 3.621783 0.000000
vt 1.500000 3.700000 0.000000
vt 1.700000 3.700000 0.000000
vt 1.493844 3.778217 0.000000
vt 1.706156 3.778217 0.000000
vt 1.475528 3.854508 0.000000
vt 1.724472 3.854508 0.000000
vt 1.445503 3.926995 0.000000
vt 1.754497 3.926995 0.000000
vt 1.404508 3.993893 0.000000
vt 1.795492 3.993893 0.000000
vt 1.353553 4.053553 0.000000
vt 1.846447 4.053553 0.000000
vt 1.293893 4.104508 0.000000
vt 1.906107 4.104508 0.000000
vt 1.226995 4.145503 0.000000
vt 1.973005 4.145503 0.000000
vt 1.154508 4.175528 0.000000
vt 2.045492 4.175528 0.000000
vt 0.338564 4.730000 0.000000
vt 2.121783 4.193844 0.000000
vt 0.313137 4.763137 0.000000
vt 2.200000 4.200000 0.000000
vt 0.280000 4.788564 0.000000
vt -0.000000 5.000000 0.000000
vt 0.241411 4.804548 0.000000
vt 0.200000 4.810000 0.000000
vt 0.158589 4.804548 0.000000
vt 0.120000 4.788564 0.000000
vt 0.086863 4.763137 0.000000
vt 0.061436 4.730000 0.000000
vt 0.045452 4.691411 0.000000
vt 0.040000 4.650000 0.000000
vt -0.000000 0.000000 0.000000
vt 0.040000 0.350000 0.000000
vt 0.045452 0.308589 0.000000
vt 0.061436 0.270000 0.000000
vt 0.086863 0.236863 0.000000
vt 0.120000 0.211436 0.000000
vt 0.158589 0.195452 0.000000
vt 0.200000 0.190000 0.000000
vt 0.241411 0.195452 0.000000
vt 0.280000 0.211436 0.000000
vt 2.200000 0.800000 0.000000
vt 0.313137 0.236863 0.000000
vt 2.121783 0.806156 0.000000
vt 0.045452 4.608589 0.000000
vt 0.045452 0.391411 0.000000
vt 0.061436 4.570000 0.000000
vt 0.061436 0.430000 0.000000
vt 0.500000 2.500000 0.000000
vt 0.506156 2.421783 0.000000
vt 0.506156 1.378217 0.000000
vt 0.524472 1.454508 0.000000
vt 0.086863 0.463137 0.000000
vt 0.500000 1.300000 0.000000
vt 0.506156 1.221783 0.000000
vt 0.120000 0.488564 0.000000
vt 0.524472 1.145492 0.000000
vt 0.158589 0.504548 0.000000
vt 0.554497 1.073005 0.000000
vt 0.595492 1.006107 0.000000
vt 0.200000 0.510000 0.000000
vt 7.913137 4.536863 0.000000
vt 7.500000 3.700000 0.000000
vt 7.493844 3.778217 0.000000
vt 7.880000 4.511436 0.000000
vt 7.475528 3.854508 0.000000
vt 7.841411 4.495452 0.000000
vt 7.445503 3.926995 0.000000
vt 7.404508 3.993893 0.000000
vt 7.800000 4.490000 0.000000
vt 5.878217 4.193844 0.000000
vt 7.686863 4.763137 0.000000
vt 5.800000 4.200000 0.000000
vt 7.720000 4.788564 0.000000
vt 8.000000 5.000000 0.000000
vt 7.758589 4.804548 0.000000
vt 7.800000 4.810000 0.000000
vt 7.841411 4.804548 0.000000
vt 7.880000 4.788564 0.000000
vt 7.913137 4.763137 0.000000
vt 7.938564 4.730000 0.000000
vt 7.954548 4.691411 0.000000
vt 0.354548 4.608589 0.000000
vt 1.000000 4.200000 0.000000
vt 0.360000 4.650000 0.000000
vt 1.078217 4.193844 0.000000
vt 0.354548 4.691411 0.000000
vt 0.921783 4.193844 0.000000
vt 0.338564 4.570000 0.000000
vt 0.845492 4.175528 0.000000
vt 0.313137 4.536863 0.000000
vt 0.280000 4.511436 0.000000
vt 0.773005 4.145503 0.000000
vt 0.241411 4.495452 0.000000
vt 0.706107 4.104508 0.000000
vt 0.646447 4.053553 0.000000
vt 0.200000 4.490000 0.000000
vt 0.595492 3.993893 0.000000
vt 0.158589 4.495452 0.000000
vt 0.554497 3.926995 0.000000
vt 0.524472 3.854508 0.000000
vt 0.120000 4.511436 0.000000
vt 0.506156 3.778217 0.000000
vt 0.086863 4.536863 0.000000
vt 0.500000 3.700000 0.000000
vt 0.506156 3.621783 0.000000
vt 0.506156 2.578217 0.000000
vt 5.721783 4.193844 0.000000
vt 2.278217 4.193844 0.000000
vt 2.278217 0.806156 0.000000
vt 1.226995 3.254497 0.000000
vt 1.226995 2.945503 0.000000
vt 1.154508 3.224472 0.000000
vt 1.154508 2.975528 0.000000
vt 1.078217 3.206156 0.000000
vt 1.078217 2.993844 0.000000
vt 1.000000 3.200000 0.000000
vt 1.000000 3.000000 0.000000
vt 0.921783 2.993844 0.000000
vt 0.921783 3.206156 0.000000
vt 0.845492 2.975528 0.000000
vt 0.845492 3.224472 0.000000
vt 0.773005 2.945503 0.000000
vt 0.773005 3.254497 0.000000
vt 0.706107 2.904508 0.000000
vt 0.706107 3.295492 0.000000
vt 0.646447 2.853553 0.000000
vt 0.646447 3.346447 0.000000
vt 0.595492 2.793893 0.000000
vt 0.595492 3.406107 0.000000
vt 0.554497 2.726995 0.000000
vt 0.554497 3.473005 0.000000
vt 0.524472 2.654508 0.000000
vt 0.524472 3.545492 0.000000
vt 0.524472 2.345492 0.000000
vt 0.554497 1.526995 0.000000
vt 0.554497 2.273005 0.000000
vt 0.595492 2.206107 0.000000
vt 0.595492 1.593893 0.000000
vt 0.646447 2.146447 0.000000
vt 0.646447 1.653553 0.000000
vt 0.706107 2.095492 0.000000
vt 0.706107 1.704508 0.000000
vt 0.773005 2.054497 0.000000
vt 0.773005 1.745503 0.000000
vt 0.845492 2.024472 0.000000
vt 0.845492 1.775528 0.000000
vt 0.921783 2.006156 0.000000
vt 0.921783 1.793844 0.000000
vt 1.000000 2.000000 0.000000
vt 1.000000 1.800000 0.000000
vt 1.078217 1.793844 0.000000
vt 1.078217 2.006156 0.000000
vt 1.154508 1.775528 0.000000
vt 1.154508 2.024472 0.000000
vt 1.226995 1.745503 0.000000
vt 1.226995 2.054497 0.000000
vt 7.475528 1.454508 0.000000
vt 7.475528 2.345492 0.000000
vt 7.445503 1.526995 0.000000
vt 7.445503 2.273005 0.000000
vt 7.404508 2.206107 0.000000
vt 7.404508 1.593893 0.000000
vt 7.353553 2.146447 0.000000
vt 7.353553 1.653553 0.000000
vt 7.293893 2.095492 0.000000
vt 7.293893 1.704508 0.000000
vt 7.226995 2.054497 0.000000
vt 7.226995 1.745503 0.000000
vt 7.154508 2.024472 0.000000
vt 7.154508 1.775528 0.000000
vt 7.078217 2.006156 0.000000
vt 7.078217 1.793844 0.000000
vt 7.000000 2.000000 0.000000
vt 7.000000 1.800000 0.000000
vt 6.921783 1.793844 0.000000
vt 6.921783 2.006156 0.000000
vt 6.845492 1.775528 0.000000
vt 6.845492 2.024472 0.000000
vt 6.773005 1.745503 0.000000
vt 6.773005 2.054497 0.000000
vt 6.773005 2.945503 0.000000
vt 6.773005 3.254497 0.000000
vt 6.845492 3.224472 0.000000
vt 6.845492 2.975528 0.000000
vt 6.921783 3.206156 0.000000
vt 6.921783 2.993844 0.000000
vt 7.000000 3.200000 0.000000
vt 7.000000 3.000000 0.000000
vt 7.078217 2.993844 0.000000
vt 7.078217 3.206156 0.000000
vt 7.154508 2.975528 0.000000
vt 7.154508 3.224472 0.000000
vt 7.226995 2.945503 0.000000
vt 7.226995 3.254497 0.000000
vt 7.293893 2.904508 0.000000
vt 7.293893 3.295492 0.000000
vt 7.353553 2.853553 0.000000
vt 7.353553 3.346447 0.000000
vt 7.404508 2.793893 0.000000
vt 7.404508 3.406107 0.000000
vt 7.445503 2.726995 0.000000
vt 7.445503 3.473005 0.000000
vt 7.475528 2.654508 0.000000
vt 2.693844 3.621783 0.000000
vt 5.306156 3.621783 0.000000
vt 2.700000 3.700000 0.000000
vt 5.300000 3.700000 0.000000
vt 2.693844 3.778217 0.000000
vt 5.306156 3.778217 0.000000
vt 2.675528 3.854508 0.000000
vt 5.324472 3.854508 0.000000
vt 2.645503 3.926995 0.000000
vt 5.354497 3.926995 0.000000
vt 2.604508 3.993893 0.000000
vt 5.395492 3.993893 0.000000
vt 2.553553 4.053553 0.000000
vt 5.446447 4.053553 0.000000
vt 2.493893 4.104508 0.000000
vt 5.506107 4.104508 0.000000
vt 2.426995 4.145503 0.000000
vt 5.573005 4.145503 0.000000
vt 2.354508 4.175528 0.000000
vt 5.645492 4.175528 0.000000
vt 5.324472 3.545492 0.000000
vt 2.675528 3.545492 0.000000
vt 5.354497 3.473005 0.000000
vt 2.645503 3.473005 0.000000
vt 5.395492 3.406107 0.000000
vt 2.604508 3.406107 0.000000
vt 5.395492 2.793893 0.000000
vt 2.604508 2.793893 0.000000
vt 5.354497 2.726995 0.000000
vt 2.645503 2.726995 0.000000
vt 5.324472 2.654508 0.000000
vt 2.675528 2.654508 0.000000
vt 5.306156 2.578217 0.000000
vt 2.693844 2.578217 0.000000
vt 5.300000 2.500000 0.000000
vt 2.700000 2.500000 0.000000
vt 5.306156 2.421783 0.000000
vt 2.693844 2.421783 0.000000
vt 5.324472 2.345492 0.000000
vt 2.675528 2.345492 0.000000
vt 5.354497 2.273005 0.000000
vt 2.645503 2.273005 0.000000
vt 5.395492 2.206107 0.000000
vt 2.604508 2.206107 0.000000
vt 5.395492 1.593893 0.000000
vt 2.604508 1.593893 0.000000
vt 5.354497 1.526995 0.000000
vt 2.645503 1.526995 0.000000
vt 5.324472 1.454508 0.000000
vt 2.675528 1.454508 0.000000
vt 5.306156 1.378217 0.000000
vt 2.693844 1.378217 0.000000
vt 5.300000 1.300000 0.000000
vt 2.700000 1.300000 0.000000
vt 5.306156 1.221783 0.000000
vt 2.693844 1.221783 0.000000
vt 5.324472 1.145492 0.000000
vt 2.675528 1.145492 0.000000
vt 5.354497 1.073005 0.000000
vt 2.645503 1.073005 0.000000
vt 5.395492 1.006107 0.000000
vt 2.604508 1.006107 0.000000
vt 5.446447 0.946447 0.000000
vt 2.553553 0.946447 0.000000
vt 5.506107 0.895492 0.000000
vt 2.493893 0.895492 0.000000
vt 5.573005 0.854497 0.000000
vt 2.426995 0.854497 0.000000
vt 5.645492 0.824472 0.000000
vt 2.354508 0.824472 0.000000
vt 2.553553 3.346447 0.000000
vt 2.553553 2.853553 0.000000
vt 2.493893 3.295492 0.000000
vt 2.493893 2.904508 0.000000
vt 2.426995 3.254497 0.000000
vt 2.426995 2.945503 0.000000
vt 2.354508 3.224472 0.000000
vt 2.354508 2.975528 0.000000
vt 2.278217 3.206156 0.000000
vt 2.278217 2.993844 0.000000
vt 2.200000 3.200000 0.000000
vt 2.200000 3.000000 0.000000
vt 2.121783 2.993844 0.000000
vt 2.121783 3.206156 0.000000
vt 2.045492 2.975528 0.000000
vt 2.045492 3.224472 0.000000
vt 1.973005 2.945503 0.000000
vt 1.973005 3.254497 0.000000
vt 1.973005 1.745503 0.000000
vt 1.973005 2.054497 0.000000
vt 2.045492 2.024472 0.000000
vt 2.045492 1.775528 0.000000
vt 2.121783 2.006156 0.000000
vt 2.121783 1.793844 0.000000
vt 2.200000 2.000000 0.000000
vt 2.200000 1.800000 0.000000
vt 2.278217 1.793844 0.000000
vt 2.278217 2.006156 0.000000
vt 2.354508 1.775528 0.000000
vt 2.354508 2.024472 0.000000
vt 2.426995 1.745503 0.000000
vt 2.426995 2.054497 0.000000
vt 2.493893 1.704508 0.000000
vt 2.493893 2.095492 0.000000
vt 2.553553 1.653553 0.000000
vt 2.553553 2.146447 0.000000
vt 6.026995 2.054497 0.000000
vt 6.026995 1.745503 0.000000
vt 5.954508 2.024472 0.000000
vt 5.954508 1.775528 0.000000
vt 5.878217 2.006156 0.000000
vt 5.878217 1.793844 0.000000
vt 5.800000 2.000000 0.000000
vt 5.800000 1.800000 0.000000
vt 5.721783 1.793844 0.000000
vt 5.721783 2.006156 0.000000
vt 5.645492 1.775528 0.000000
vt 5.645492 2.024472 0.000000
vt 5.573005 1.745503 0.000000
vt 5.573005 2.054497 0.000000
vt 5.506107 1.704508 0.000000
vt 5.506107 2.095492 0.000000
vt 5.446447 2.146447 0.000000
vt 5.446447 1.653553 0.000000
vt 5.446447 2.853553 0.000000
vt 5.446447 3.346447 0.000000
vt 5.506107 2.904508 0.000000
vt 5.506107 3.295492 0.000000
vt 5.573005 3.254497 0.000000
vt 5.573005 2.945503 0.000000
vt 5.645492 3.224472 0.000000
vt 5.645492 2.975528 0.000000
vt 5.721783 3.206156 0.000000
vt 5.721783 2.993844 0.000000
vt 5.800000 3.200000 0.000000
vt 5.800000 3.000000 0.000000
vt 5.878217 2.993844 0.000000
vt 5.878217 3.206156 0.000000
vt 5.954508 2.975528 0.000000
vt 5.954508 3.224472 0.000000
vt 6.026995 2.945503 0.000000
vt 6.026995 3.254497 0.000000
vt 4.000000 0.200000 0.000000
vt -4.000000 0.200000 0.000000
vt 4.000000 -0.200000 0.000000
vt -4.000000 -0.200000 0.000000
vt 3.344889 -0.038823 0.000000
vt 4.000000 -0.200000 0.000000
vt 3.350000 -0.000000 0.000000
vt 4.000000 0.200000 0.000000
vt 3.344889 0.038823 0.000000
vt 3.329904 0.075000 0.000000
vt 3.306066 0.106066 0.000000
vt 3.275000 0.129904 0.000000
vt 3.238823 0.144889 0.000000
vt 3.200000 0.150000 0.000000
vt -4.000000 0.200000 0.000000
vt -3.200000 0.150000 0.000000
vt -3.238823 0.144889 0.000000
vt -3.275000 0.129904 0.000000
vt -3.306066 0.106066 0.000000
vt -3.329904 0.075000 0.000000
vt -3.344889 0.038823 0.000000
vt -3.350000 -0.000000 0.000000
vt -4.000000 -0.200000 0.000000
vt -3.344889 -0.038823 0.000000
vt -3.329904 -0.075000 0.000000
vt -3.306066 -0.106066 0.000000
vt -3.275000 -0.129904 0.000000
vt -3.238823 -0.144889 0.000000
vt -3.200000 -0.150000 0.000000
vt 3.200000 -0.150000 0.000000
vt 3.238823 -0.144889 0.000000
vt 3.275000 -0.129904 0.000000
vt 3.306066 -0.106066 0.000000
vt 3.329904 -0.075000 0.000000
vt -3.161177 -0.144889 0.000000
vt 3.161177 -0.144889 0.000000
vt -3.125000 -0.129904 0.000000
vt 3.125000 -0.129904 0.000000
vt -3.093934 -0.106066 0.000000
vt 3.093934 -0.106066 0.000000
vt -3.070096 -0.075000 0.000000
vt 3.070096 -0.075000 0.000000
vt -3.055111 -0.038823 0.000000
vt 3.055111 -0.038823 0.000000
vt -3.050000 -0.000000 0.000000
vt 3.050000 -0.000000 0.000000
vt -3.055111 0.038823 0.000000
vt 3.055111 0.038823 0.000000
vt -3.070096 0.075000 0.000000
vt 3.070096 0.075000 0.000000
vt -3.093934 0.106066 0.000000
vt 3.093934 0.106066 0.000000
vt -3.125000 0.129904 0.000000
vt 3.125000 0.129904 0.000000
vt -3.161177 0.144889 0.000000
vt 3.161177 0.144889 0.000000
vn -0.098769 0.000000 -0.015643
vn -0.098769 0.000000 -0.015643
vn -0.100000 0.000000 -0.000000
vn -0.100000 0.000000 -0.000000
vn -0.098769 0.000000 0.015643
vn -0.098769 0.000000 0.015643
vn -0.095106 0.000000 0.030902
vn -0.095106 0.000000 0.030902
vn -0.089101 0.000000 0.045399
vn -0.089101 0.000000 0.045399
vn -0.080902 0.000000 0.058779
vn -0.080902 0.000000 0.058779
vn -0.070711 0.000000 0.070711
vn -0.070711 0.000000 0.070711
vn -0.058779 0.000000 0.080902
vn -0.058779 0.000000 0.080902
vn -0.045399 0.000000 0.089101
vn -0.045399 0.000000 0.089101
vn -0.030902 0.000000 0.095106
vn -0.030902 0.000000 0.095106
vn -0.015643 0.000000 0.098769
vn -0.015643 0.000000 0.098769
vn 0.000000 0.000000 0.100000
vn 0.000000 0.000000 0.100000
vn 0.015643 0.000000 0.098769
vn 0.015643 0.000000 0.098769
vn 0.030902 0.000000 0.095106
vn 0.030902 0.000000 0.095106
vn 0.045399 0.000000 0.089101
vn 0.045399 0.000000 0.089101
vn 0.058779 0.000000 0.080902
vn 0.058779 0.000000 0.080902
vn 0.070711 0.000000 0.070711
vn 0.070711 0.000000 0.070711
vn 0.080902 0.000000 0.058779
vn 0.080902 0.000000 0.058779
vn 0.089101 0.000000 0.045399
vn 0.089101 0.000000 0.045399
vn 0.095106 0.000000 0.030902
vn 0.095106 0.000000 0.030902
vn 0.098769 0.000000 0.015643
vn 0.098769 0.000000 0.015643
vn 0.100000 0.000000 0.000000
vn 0.100000 0.000000 0.000000
vn 0.098769 0.000000 -0.015643
vn 0.098769 0.000000 -0.015643
vn 0.095106 0.000000 -0.030902
vn 0.095106 0.000000 -0.030902
vn 0.089101 0.000000 -0.045399
vn 0.089101 0.000000 -0.045399
vn 0.080902 0.000000 -0.058779
vn 0.080902 0.000000 -0.058779
vn 0.070711 0.000000 -0.070711
vn 0.070711 0.000000 -0.070711
vn 0.058779 0.000000 -0.080902
vn 0.058779 0.000000 -0.080902
vn 0.045399 0.000000 -0.089101
vn 0.045399 0.000000 -0.089101
vn 0.030902 0.000000 -0.095106
vn 0.030902 0.000000 -0.095106
vn 0.015643 0.000000 -0.098769
vn 0.015643 0.000000 -0.098769
vn 0.000000 0.000000 -0.100000
vn 0.000000 0.000000 -0.100000
vn -0.015643 0.000000 -0.098769
vn -0.015643 0.000000 -0.098769
vn -0.030902 0.000000 -0.095106
vn -0.030902 0.000000 -0.095106
vn -0.045399 0.000000 -0.089101
vn -0.045399 0.000000 -0.089101
vn -0.058779 0.000000 -0.080902
vn -0.058779 0.000000 -0.080902
vn -0.070711 0.000000 -0.070711
vn -0.070711 0.000000 -0.070711
vn -0.080902 0.000000 -0.058779
vn -0.080902 0.000000 -0.058779
vn -0.089101 0.000000 -0.045399
vn -0.089101 0.000000 -0.045399
vn -0.095106 0.000000 -0.030902
vn -0.095106 0.000000 -0.030902
vn -0.098769 0.000000 -0.015643
vn -0.098769 0.000000 -0.015643
vn -0.100000 0.000000 -0.000000
vn -0.100000 0.000000 -0.000000
vn -0.098769 0.000000 0.015643
vn -0.098769 0.000000 0.015643
vn -0.095106 0.000000 0.030902
vn -0.095106 0.000000 0.030902
vn -0.089101 0.000000 0.045399
vn -0.089101 0.000000 0.045399
vn -0.080902 0.000000 0.058779
vn -0.080902 0.000000 0.058779
vn -0.070711 0.000000 0.070711
vn -0.070711 0.000000 0.070711
vn -0.058779 0.000000 0.080902
vn -0.058779 0.000000 0.080902
vn -0.045399 0.000000 0.089101
vn -0.045399 0.000000 0.089101
vn -0.030902 0.000000 0.095106
vn -0.030902 0.000000 0.095106
vn -0.015643 0.000000 0.098769
vn -0.015643 0.000000 0.098769
vn 0.000000 0.000000 0.100000
vn 0.000000 0.000000 0.100000
vn 0.015643 0.000000 0.098769
vn 0.015643 0.000000 0.098769
vn 0.030902 0.000000 0.095106
vn 0.030902 0.000000 0.095106
vn 0.045399 0.000000 0.089101
vn 0.045399 0.000000 0.089101
vn 0.058779 0.000000 0.080902
vn 0.058779 0.000000 0.080902
vn 0.070711 0.000000 0.070711
vn 0.070711 0.000000 0.070711
vn 0.080902 0.000000 0.058779
vn 0.080902 0.000000 0.058779
vn 0.089101 0.000000 0.045399
vn 0.089101 0.000000 0.045399
vn 0.095106 0.000000 0.030902
vn 0.095106 0.000000 0.030902
vn 0.098769 0.000000 0.015643
vn 0.098769 0.000000 0.015643
vn 0.100000 0.000000 0.000000
vn 0.100000 0.000000 0.000000
vn 0.098769 0.000000 -0.015643
vn 0.098769 0.000000 -0.015643
vn 0.095106 0.000000 -0.030902
vn 0.095106 0.000000 -0.030902
vn 0.089101 0.000000 -0.045399
vn 0.089101 0.000000 -0.045399
vn 0.080902 0.000000 -0.058779
vn 0.080902 0.000000 -0.058779
vn 0.070711 0.000000 -0.070711
vn 0.070711 0.000000 -0.070711
vn 0.058779 0.000000 -0.080902
vn 0.058779 0.000000 -0.080902
vn 0.045399 0.000000 -0.089101
vn 0.045399 0.000000 -0.089101
vn 0.030902 0.000000 -0.095106
vn 0.030902 0.000000 -0.095106
vn 0.015643 0.000000 -0.098769
vn 0.015643 0.000000 -0.098769
vn 0.000000 0.000000 -0.100000
vn 0.000000 0.000000 -0.100000
vn -0.015643 0.000000 -0.098769
vn -0.015643 0.000000 -0.098769
vn -0.030902 0.000000 -0.095106
vn -0.030902 0.000000 -0.095106
vn -0.045399 0.000000 -0.089101
vn -0.045399 0.000000 -0.089101
vn -0.058779 0.000000 -0.080902
vn -0.058779 0.000000 -0.080902
vn -0.070711 0.000000 -0.070711
vn -0.070711 0.000000 -0.070711
vn -0.080902 0.000000 -0.058779
vn -0.080902 0.000000 -0.058779
vn -0.089101 0.000000 -0.045399
vn -0.089101 0.000000 -0.045399
vn -0.095106 0.000000 -0.030902
vn -0.095106 0.000000 -0.030902
vn -0.098769 0.000000 -0.015643
vn -0.098769 0.000000 -0.015643
vn -0.100000 0.000000 -0.000000
vn -0.100000 0.000000 -0.000000
vn -0.098769 0.000000 0.015643
vn -0.098769 0.000000 0.015643
vn -0.095106 0.000000 0.030902
vn -0.095106 0.000000 0.030902
vn -0.089101 0.000000 0.045399
vn -0.089101 0.000000 0.045399
vn -0.080902 0.000000 0.058779
vn -0.080902 0.000000 0.058779
vn -0.070711 0.000000 0.070711
vn -0.070711 0.000000 0.070711
vn -0.058779 0.000000 0.080902
vn -0.058779 0.000000 0.080902
vn -0.045399 0.000000 0.089101
vn -0.045399 0.000000 0.089101
vn -0.030902 0.000000 0.095106
vn -0.030902 0.000000 0.095106
vn -0.015643 0.000000 0.098769
vn -0.015643 0.000000 0.098769
vn 0.000000 0.000000 0.100000
vn 0.000000 0.000000 0.100000
vn 0.015643 0.000000 0.098769
vn 0.015643 0.000000 0.098769
vn 0.030902 0.000000 0.095106
vn 0.030902 0.000000 0.095106
vn 0.045399 0.000000 0.089101
vn 0.045399 0.000000 0.089101
vn 0.058779 0.000000 0.080902
vn 0.058779 0.000000 0.080902
vn 0.070711 0.000000 0.070711
vn 0.070711 0.000000 0.070711
vn 0.080902 0.000000 0.058779
vn 0.080902 0.000000 0.058779
vn 0.089101 0.000000 0.045399
vn 0.089101 0.000000 0.045399
vn 0.095106 0.000000 0.030902
vn 0.095106 0.000000 0.030902
vn 0.098769 0.000000 0.015643
vn 0.098769 0.000000 0.015643
vn 0.100000 0.000000 0.000000
vn 0.100000 0.000000 0.000000
vn 0.098769 0.000000 -0.015643
vn 0.098769 0.000000 -0.015643
vn 0.095106 0.000000 -0.030902
vn 0.095106 0.000000 -0.030902
vn 0.089101 0.000000 -0.045399
vn 0.089101 0.000000 -0.045399
vn 0.080902 0.000000 -0.058779
vn 0.080902 0.000000 -0.058779
vn 0.070711 0.000000 -0.070711
vn 0.070711 0.000000 -0.070711
vn 0.058779 0.000000 -0.080902
vn 0.058779 0.000000 -0.080902
vn 0.045399 0.000000 -0.089101
vn 0.045399 0.000000 -0.089101
vn 0.030902 0.000000 -0.095106
vn 0.030902 0.000000 -0.095106
vn 0.015643 0.000000 -0.098769
vn 0.015643 0.000000 -0.098769
vn 0.000000 0.000000 -0.100000
vn 0.000000 0.000000 -0.100000
vn -0.015643 0.000000 -0.098769
vn -0.015643 0.000000 -0.098769
vn -0.030902 0.000000 -0.095106
vn -0.030902 0.000000 -0.095106
vn -0.045399 0.000000 -0.089101
vn -0.045399 0.000000 -0.089101
vn -0.058779 0.000000 -0.080902
vn -0.058779 0.000000 -0.080902
vn -0.070711 0.000000 -0.070711
vn -0.070711 0.000000 -0.070711
vn -0.080902 0.000000 -0.058779
vn -0.080902 0.000000 -0.058779
vn -0.089101 0.000000 -0.045399
vn -0.089101 0.000000 -0.045399
vn -0.095106 0.000000 -0.030902
vn -0.095106 0.000000 -0.030902
vn -0.098769 0.000000 -0.015643
vn -0.098769 0.000000 -0.015643
vn -0.100000 0.000000 -0.000000
vn -0.100000 0.000000 -0.000000
vn -0.098769 0.000000 0.015643
vn -0.098769 0.000000 0.015643
vn -0.095106 0.000000 0.030902
vn -0.095106 0.000000 0.030902
vn -0.089101 0.000000 0.045399
vn -0.089101 0.000000 0.045399
vn -0.080902 0.000000 0.058779
vn -0.080902 0.000000 0.058779
vn -0.070711 0.000000 0.070711
vn -0.070711 0.000000 0.070711
vn -0.058779 0.000000 0.080902
vn -0.058779 0.000000 0.080902
vn -0.045399 0.000000 0.089101
vn -0.045399 0.000000 0.089101
vn -0.030902 0.000000 0.095106
vn -0.030902 0.000000 0.095106
vn -0.015643 0.000000 0.098769
vn -0.015643 0.000000 0.098769
vn 0.000000 0.000000 0.100000
vn 0.000000 0.000000 0.100000
vn 0.015643 0.000000 0.098769
vn 0.015643 0.000000 0.098769
vn 0.030902 0.000000 0.095106
vn 0.030902 0.000000 0.095106
vn 0.045399 0.000000 0.089101
vn 0.045399 0.000000 0.089101
vn 0.058779 0.000000 0.080902
vn 0.058779 0.000000 0.080902
vn 0.070711 0.000000 0.070711
vn 0.070711 0.000000 0.070711
vn 0.080902 0.000000 0.058779
vn 0.080902 0.000000 0.058779
vn 0.089101 0.000000 0.045399
vn 0.089101 0.000000 0.045399
vn 0.095106 0.000000 0.030902
vn 0.095106 0.000000 0.030902
vn 0.098769 0.000000 0.015643
vn 0.098769 0.000000 0.015643
vn 0.100000 0.000000 0.000000
vn 0.100000 0.000000 0.000000
vn 0.098769 0.000000 -0.015643
vn 0.098769 0.000000 -0.015643
vn 0.095106 0.000000 -0.030902
vn 0.095106 0.000000 -0.030902
vn 0.089101 0.000000 -0.045399
vn 0.089101 0.000000 -0.045399
vn 0.080902 0.000000 -0.058779
vn 0.080902 0.000000 -0.058779
vn 0.070711 0.000000 -0.070711
vn 0.070711 0.000000 -0.070711
vn 0.058779 0.000000 -0.080902
vn 0.058779 0.000000 -0.080902
vn 0.045399 0.000000 -0.089101
vn 0.045399 0.000000 -0.089101
vn 0.030902 0.000000 -0.095106
vn 0.030902 0.000000 -0.095106
vn 0.015643 0.000000 -0.098769
vn 0.015643 0.000000 -0.098769
vn 0.000000 0.000000 -0.100000
vn 0.000000 0.000000 -0.100000
vn -0.015643 0.000000 -0.098769
vn -0.015643 0.000000 -0.098769
vn -0.030902 0.000000 -0.095106
vn -0.030902 0.000000 -0.095106
vn -0.045399 0.000000 -0.089101
vn -0.045399 0.000000 -0.089101
vn -0.058779 0.000000 -0.080902
vn -0.058779 0.000000 -0.080902
vn -0.070711 0.000000 -0.070711
vn -0.070711 0.000000 -0.070711
vn -0.080902 0.000000 -0.058779
vn -0.080902 0.000000 -0.058779
vn -0.089101 0.000000 -0.045399
vn -0.089101 0.000000 -0.045399
vn -0.095106 0.000000 -0.030902
vn -0.095106 0.000000 -0.030902
vn -0.098769 0.000000 -0.015643
vn -0.098769 0.000000 -0.015643
vn -0.100000 0.000000 -0.000000
vn -0.100000 0.000000 -0.000000
vn -0.098769 0.000000 0.015643
vn -0.098769 0.000000 0.015643
vn -0.095106 0.000000 0.030902
vn -0.095106 0.000000 0.030902
vn -0.089101 0.000000 0.045399
vn -0.089101 0.000000 0.045399
vn -0.080902 0.000000 0.058779
vn -0.080902 0.000000 0.058779
vn -0.070711 0.000000 0.070711
vn -0.070711 0.000000 0.070711
vn -0.058779 0.000000 0.080902
vn -0.058779 0.000000 0.080902
vn -0.045399 0.000000 0.089101
vn -0.045399 0.000000 0.089101
vn -0.030902 0.000000 0.095106
vn -0.030902 0.000000 0.095106
vn -0.015643 0.000000 0.098769
vn -0.015643 0.000000 0.098769
vn 0.000000 0.000000 0.100000
vn 0.000000 0.000000 0.100000
vn 0.015643 0.000000 0.098769
vn 0.015643 0.000000 0.098769
vn 0.030902 0.000000 0.095106
vn 0.030902 0.000000 0.095106
vn 0.045399 0.000000 0.089101
vn 0.045399 0.000000 0.089101
vn 0.058779 0.000000 0.080902
vn 0.058779 0.000000 0.080902
vn 0.070711 0.000000 0.070711
vn 0.070711 0.000000 0.070711
vn 0.080902 0.000000 0.058779
vn 0.080902 0.000000 0.058779
vn 0.089101 0.000000 0.045399
vn 0.089101 0.000000 0.045399
vn 0.095106 0.000000 0.030902
vn 0.095106 0.000000 0.030902
vn 0.098769 0.000000 0.015643
vn 0.098769 0.000000 0.015643
vn 0.100000 0.000000 0.000000
vn 0.100000 0.000000 0.000000
vn 0.098769 0.000000 -0.015643
vn 0.098769 0.000000 -0.015643
vn 0.095106 0.000000 -0.030902
vn 0.095106 0.000000 -0.030902
vn 0.089101 0.000000 -0.045399
vn 0.089101 0.000000 -0.045399
vn 0.080902 0.000000 -0.058779
vn 0.080902 0.000000 -0.058779
vn 0.070711 0.000000 -0.070711
vn 0.070711 0.000000 -0.070711
vn 0.058779 0.000000 -0.080902
vn 0.058779 0.000000 -0.080902
vn 0.045399 0.000000 -0.089101
vn 0.045399 0.000000 -0.089101
vn 0.030902 0.000000 -0.095106
vn 0.030902 0.000000 -0.095106
vn 0.015643 0.000000 -0.098769
vn 0.015643 0.000000 -0.098769
vn 0.000000 0.000000 -0.100000
vn 0.000000 0.000000 -0.100000
vn -0.015643 0.000000 -0.098769
vn -0.015643 0.000000 -0.098769
vn -0.030902 0.000000 -0.095106
vn -0.030902 0.000000 -0.095106
vn -0.045399 0.000000 -0.089101
vn -0.045399 0.000000 -0.089101
vn -0.058779 0.000000 -0.080902
vn -0.058779 0.000000 -0.080902
vn -0.070711 0.000000 -0.070711
vn -0.070711 0.000000 -0.070711
vn -0.080902 0.000000 -0.058779
vn -0.080902 0.000000 -0.058779
vn -0.089101 0.000000 -0.045399
vn -0.089101 0.000000 -0.045399
vn -0.095106 0.000000 -0.030902
vn -0.095106 0.000000 -0.030902
vn -0.098769 0.000000 -0.015643
vn -0.098769 0.000000 -0.015643
vn -0.100000 0.000000 -0.000000
vn -0.100000 0.000000 -0.000000
vn -0.098769 0.000000 0.015643
vn -0.098769 0.000000 0.015643
vn -0.095106 0.000000 0.030902
vn -0.095106 0.000000 0.030902
vn -0.089101 0.000000 0.045399
vn -0.089101 0.000000 0.045399
vn -0.080902 0.000000 0.058779
vn -0.080902 0.000000 0.058779
vn -0.070711 0.000000 0.070711
vn -0.070711 0.000000 0.070711
vn -0.058779 0.000000 0.080902
vn -0.058779 0.000000 0.080902
vn -0.045399 0.000000 0.089101
vn -0.045399 0.000000 0.089101
vn -0.030902 0.000000 0.095106
vn -0.030902 0.000000 0.095106
vn -0.015643 0.000000 0.098769
vn -0.015643 0.000000 0.098769
vn 0.000000 0.000000 0.100000
vn 0.000000 0.000000 0.100000
vn 0.015643 0.000000 0.098769
vn 0.015643 0.000000 0.098769
vn 0.030902 0.000000 0.095106
vn 0.030902 0.000000 0.095106
vn 0.045399 0.000000 0.089101
vn 0.045399 0.000000 0.089101
vn 0.058779 0.000000 0.080902
vn 0.058779 0.000000 0.080902
vn 0.070711 0.000000 0.070711
vn 0.070711 0.000000 0.070711
vn 0.080902 0.000000 0.058779
vn 0.080902 0.000000 0.058779
vn 0.089101 0.000000 0.045399
vn 0.089101 0.000000 0.045399
vn 0.095106 0.000000 0.030902
vn 0.095106 0.000000 0.030902
vn 0.098769 0.000000 0.015643
vn 0.098769 0.000000 0.015643
vn 0.100000 0.000000 0.000000
vn 0.100000 0.000000 0.000000
vn 0.098769 0.000000 -0.015643
vn 0.098769 0.000000 -0.015643
vn 0.095106 0.000000 -0.030902
vn 0.095106 0.000000 -0.030902
vn 0.089101 0.000000 -0.045399
vn 0.089101 0.000000 -0.045399
vn 0.080902 0.000000 -0.058779
vn 0.080902 0.000000 -0.058779
vn 0.070711 0.000000 -0.070711
vn 0.070711 0.000000 -0.070711
vn 0.058779 0.000000 -0.080902
vn 0.058779 0.000000 -0.080902
vn 0.045399 0.000000 -0.089101
vn 0.045399 0.000000 -0.089101
vn 0.030902 0.000000 -0.095106
vn 0.030902 0.000000 -0.095106
vn 0.015643 0.000000 -0.098769
vn 0.015643 0.000000 -0.098769
vn 0.000000 0.000000 -0.100000
vn 0.000000 0.000000 -0.100000
vn -0.015643 0.000000 -0.098769
vn -0.015643 0.000000 -0.098769
vn -0.030902 0.000000 -0.095106
vn -0.030902 0.000000 -0.095106
vn -0.045399 0.000000 -0.089101
vn -0.045399 0.000000 -0.089101
vn -0.058779 0.000000 -0.080902
vn -0.058779 0.000000 -0.080902
vn -0.070711 0.000000 -0.070711
vn -0.070711 0.000000 -0.070711
vn -0.080902 0.000000 -0.058779
vn -0.080902 0.000000 -0.058779
vn -0.089101 0.000000 -0.045399
vn -0.089101 0.000000 -0.045399
vn -0.095106 0.000000 -0.030902
vn -0.095106 0.000000 -0.030902
vn -0.098769 0.000000 -0.015643
vn -0.098769 0.000000 -0.015643
vn -0.100000 0.000000 -0.000000
vn -0.100000 0.000000 -0.000000
vn -0.098769 0.000000 0.015643
vn -0.098769 0.000000 0.015643
vn -0.095106 0.000000 0.030902
vn -0.095106 0.000000 0.030902
vn -0.089101 0.000000 0.045399
vn -0.089101 0.000000 0.045399
vn -0.080902 0.000000 0.058779
vn -0.080902 0.000000 0.058779
vn -0.070711 0.000000 0.070711
vn -0.070711 0.000000 0.070711
vn -0.058779 0.000000 0.080902
vn -0.058779 0.000000 0.080902
vn -0.045399 0.000000 0.089101
vn -0.045399 0.000000 0.089101
vn -0.030902 0.000000 0.095106
vn -0.030902 0.000000 0.095106
vn -0.015643 0.000000 0.098769
vn -0.015643 0.000000 0.098769
vn 0.000000 0.000000 0.100000
vn 0.000000 0.000000 0.100000
vn 0.015643 0.000000 0.098769
vn 0.015643 0.000000 0.098769
vn 0.030902 0.000000 0.095106
vn 0.030902 0.000000 0.095106
vn 0.045399 0.000000 0.089101
vn 0.045399 0.000000 0.089101
vn 0.058779 0.000000 0.080902
vn 0.058779 0.000000 0.080902
vn 0.070711 0.000000 0.070711
vn 0.070711 0.000000 0.070711
vn 0.080902 0.000000 0.058779
vn 0.080902 0.000000 0.058779
vn 0.089101 0.000000 0.045399
vn 0.089101 0.000000 0.045399
vn 0.095106 0.000000 0.030902
vn 0.095106 0.000000 0.030902
vn 0.098769 0.000000 0.015643
vn 0.098769 0.000000 0.015643
vn 0.100000 0.000000 0.000000
vn 0.100000 0.000000 0.000000
vn 0.098769 0.000000 -0.015643
vn 0.098769 0.000000 -0.015643
vn 0.095106 0.000000 -0.030902
vn 0.095106 0.000000 -0.030902
vn 0.089101 0.000000 -0.045399
vn 0.089101 0.000000 -0.045399
vn 0.080902 0.000000 -0.058779
vn 0.080902 0.000000 -0.058779
vn 0.070711 0.000000 -0.070711
vn 0.070711 0.000000 -0.070711
vn 0.058779 0.000000 -0.080902
vn 0.058779 0.000000 -0.080902
vn 0.045399 0.000000 -0.089101
vn 0.045399 0.000000 -0.089101
vn 0.030902 0.000000 -0.095106
vn 0.030902 0.000000 -0.095106
vn 0.015643 0.000000 -0.098769
vn 0.015643 0.000000 -0.098769
vn 0.000000 0.000000 -0.100000
vn 0.000000 0.000000 -0.100000
vn -0.015643 0.000000 -0.098769
vn -0.015643 0.000000 -0.098769
vn -0.030902 0.000000 -0.095106
vn -0.030902 0.000000 -0.095106
vn -0.045399 0.000000 -0.089101
vn -0.045399 0.000000 -0.089101
vn -0.058779 0.000000 -0.080902
vn -0.058779 0.000000 -0.080902
vn -0.070711 0.000000 -0.070711
vn -0.070711 0.000000 -0.070711
vn -0.080902 0.000000 -0.058779
vn -0.080902 0.000000 -0.058779
vn -0.089101 0.000000 -0.045399
vn -0.089101 0.000000 -0.045399
vn -0.095106 0.000000 -0.030902
vn -0.095106 0.000000 -0.030902
vn -0.098769 0.000000 -0.015643
vn -0.098769 0.000000 -0.015643
vn -0.100000 0.000000 -0.000000
vn -0.100000 0.000000 -0.000000
vn -0.098769 0.000000 0.015643
vn -0.098769 0.000000 0.015643
vn -0.095106 0.000000 0.030902
vn -0.095106 0.000000 0.030902
vn -0.089101 0.000000 0.045399
vn -0.089101 0.000000 0.045399
vn -0.080902 0.000000 0.058779
vn -0.080902 0.000000 0.058779
vn -0.070711 0.000000 0.070711
vn -0.070711 0.000000 0.070711
vn -0.058779 0.000000 0.080902
vn -0.058779 0.000000 0.080902
vn -0.045399 0.000000 0.089101
vn -0.045399 0.000000 0.089101
vn -0.030902 0.000000 0.095106
vn -0.030902 0.000000 0.095106
vn -0.015643 0.000000 0.098769
vn -0.015643 0.000000 0.098769
vn 0.000000 0.000000 0.100000
vn 0.000000 0.000000 0.100000
vn 0.015643 0.000000 0.098769
vn 0.015643 0.000000 0.098769
vn 0.030902 0.000000 0.095106
vn 0.030902 0.000000 0.095106
vn 0.045399 0.000000 0.089101
vn 0.045399 0.000000 0.089101
vn 0.058779 0.000000 0.080902
vn 0.058779 0.000000 0.080902
vn 0.070711 0.000000 0.070711
vn 0.070711 0.000000 0.070711
vn 0.080902 0.000000 0.058779
vn 0.080902 0.000000 0.058779
vn 0.089101 0.000000 0.045399
vn 0.089101 0.000000 0.045399
vn 0.095106 0.000000 0.030902
vn 0.095106 0.000000 0.030902
vn 0.098769 0.000000 0.015643
vn 0.098769 0.000000 0.015643
vn 0.100000 0.000000 0.000000
vn 0.100000 0.000000 0.000000
vn 0.098769 0.000000 -0.015643
vn 0.098769 0.000000 -0.015643
vn 0.095106 0.000000 -0.030902
vn 0.095106 0.000000 -0.030902
vn 0.089101 0.000000 -0.045399
vn 0.089101 0.000000 -0.045399
vn 0.080902 0.000000 -0.058779
vn 0.080902 0.000000 -0.058779
vn 0.070711 0.000000 -0.070711
vn 0.070711 0.000000 -0.070711
vn 0.058779 0.000000 -0.080902
vn 0.058779 0.000000 -0.080902
vn 0.045399 0.000000 -0.089101
vn 0.045399 0.000000 -0.089101
vn 0.030902 0.000000 -0.095106
vn 0.030902 0.000000 -0.095106
vn 0.015643 0.000000 -0.098769
vn 0.015643 0.000000 -0.098769
vn 0.000000 0.000000 -0.100000
vn 0.000000 0.000000 -0.100000
vn -0.015643 0.000000 -0.098769
vn -0.015643 0.000000 -0.098769
vn -0.030902 0.000000 -0.095106
vn -0.030902 0.000000 -0.095106
vn -0.045399 0.000000 -0.089101
vn -0.045399 0.000000 -0.089101
vn -0.058779 0.000000 -0.080902
vn -0.058779 0.000000 -0.080902
vn -0.070711 0.000000 -0.070711
vn -0.070711 0.000000 -0.070711
vn -0.080902 0.000000 -0.058779
vn -0.080902 0.000000 -0.058779
vn -0.089101 0.000000 -0.045399
vn -0.089101 0.000000 -0.045399
vn -0.095106 0.000000 -0.030902
vn -0.095106 0.000000 -0.030902
vn -0.098769 0.000000 -0.015643
vn -0.098769 0.000000 -0.015643
vn -0.100000 0.000000 -0.000000
vn -0.100000 0.000000 -0.000000
vn -0.098769 0.000000 0.015643
vn -0.098769 0.000000 0.015643
vn -0.095106 0.000000 0.030902
vn -0.095106 0.000000 0.030902
vn -0.089101 0.000000 0.045399
vn -0.089101 0.000000 0.045399
vn -0.080902 0.000000 0.058779
vn -0.080902 0.000000 0.058779
vn -0.070711 0.000000 0.070711
vn -0.070711 0.000000 0.070711
vn -0.058779 0.000000 0.080902
vn -0.058779 0.000000 0.080902
vn -0.045399 0.000000 0.089101
vn -0.045399 0.000000 0.089101
vn -0.030902 0.000000 0.095106
vn -0.030902 0.000000 0.095106
vn -0.015643 0.000000 0.098769
vn -0.015643 0.000000 0.098769
vn 0.000000 0.000000 0.100000
vn 0.000000 0.000000 0.100000
vn 0.015643 0.000000 0.098769
vn 0.015643 0.000000 0.098769
vn 0.030902 0.000000 0.095106
vn 0.030902 0.000000 0.095106
vn 0.045399 0.000000 0.089101
vn 0.045399 0.000000 0.089101
vn 0.058779 0.000000 0.080902
vn 0.058779 0.000000 0.080902
vn 0.070711 0.000000 0.070711
vn 0.070711 0.000000 0.070711
vn 0.080902 0.000000 0.058779
vn 0.080902 0.000000 0.058779
vn 0.089101 0.000000 0.045399
vn 0.089101 0.000000 0.045399
vn 0.095106 0.000000 0.030902
vn 0.095106 0.000000 0.030902
vn 0.098769 0.000000 0.015643
vn 0.098769 0.000000 0.015643
vn 0.100000 0.000000 0.000000
vn 0.100000 0.000000 0.000000
vn 0.098769 0.000000 -0.015643
vn 0.098769 0.000000 -0.015643
vn 0.095106 0.000000 -0.030902
vn 0.095106 0.000000 -0.030902
vn 0.089101 0.000000 -0.045399
vn 0.089101 0.000000 -0.045399
vn 0.080902 0.000000 -0.058779
vn 0.080902 0.000000 -0.058779
vn 0.070711 0.000000 -0.070711
vn 0.070711 0.000000 -0.070711
vn 0.058779 0.000000 -0.080902
vn 0.058779 0.000000 -0.080902
vn 0.045399 0.000000 -0.089101
vn 0.045399 0.000000 -0.089101
vn 0.030902 0.000000 -0.095106
vn 0.030902 0.000000 -0.095106
vn 0.015643 0.000000 -0.098769
vn 0.015643 0.000000 -0.098769
vn 0.000000 0.000000 -0.100000
vn 0.000000 0.000000 -0.100000
vn -0.015643 0.000000 -0.098769
vn -0.015643 0.000000 -0.098769
vn -0.030902 0.000000 -0.095106
vn -0.030902 0.000000 -0.095106
vn -0.045399 0.000000 -0.089101
vn -0.045399 0.000000 -0.089101
vn -0.058779 0.000000 -0.080902
vn -0.058779 0.000000 -0.080902
vn -0.070711 0.000000 -0.070711
vn -0.070711 0.000000 -0.070711
vn -0.080902 0.000000 -0.058779
vn -0.080902 0.000000 -0.058779
vn -0.089101 0.000000 -0.045399
vn -0.089101 0.000000 -0.045399
vn -0.095106 0.000000 -0.030902
vn -0.095106 0.000000 -0.030902
vn -0.098769 0.000000 -0.015643
vn -0.098769 0.000000 -0.015643
vn -0.100000 0.000000 -0.000000
vn -0.100000 0.000000 -0.000000
vn -0.098769 0.000000 0.015643
vn -0.098769 0.000000 0.015643
vn -0.095106 0.000000 0.030902
vn -0.095106 0.000000 0.030902
vn -0.089101 0.000000 0.045399
vn -0.089101 0.000000 0.045399
vn -0.080902 0.000000 0.058779
vn -0.080902 0.000000 0.058779
vn -0.070711 0.000000 0.070711
vn -0.070711 0.000000 0.070711
vn -0.058779 0.000000 0.080902
vn -0.058779 0.000000 0.080902
vn -0.045399 0.000000 0.089101
vn -0.045399 0.000000 0.089101
vn -0.030902 0.000000 0.095106
vn -0.030902 0.000000 0.095106
vn -0.015643 0.000000 0.098769
vn -0.015643 0.000000 0.098769
vn 0.000000 0.000000 0.100000
vn 0.000000 0.000000 0.100000
vn 0.015643 0.000000 0.098769
vn 0.015643 0.000000 0.098769
vn 0.030902 0.000000 0.095106
vn 0.030902 0.000000 0.095106
vn 0.045399 0.000000 0.089101
vn 0.045399 0.000000 0.089101
vn 0.058779 0.000000 0.080902
vn 0.058779 0.000000 0.080902
vn 0.070711 0.000000 0.070711
vn 0.070711 0.000000 0.070711
vn 0.080902 0.000000 0.058779
vn 0.080902 0.000000 0.058779
vn 0.089101 0.000000 0.045399
vn 0.089101 0.000000 0.045399
vn 0.095106 0.000000 0.030902
vn 0.095106 0.000000 0.030902
vn 0.098769 0.000000 0.015643
vn 0.098769 0.000000 0.015643
vn 0.100000 0.000000 0.000000
vn 0.100000 0.000000 0.000000
vn 0.098769 0.000000 -0.015643
vn 0.098769 0.000000 -0.015643
vn 0.095106 0.000000 -0.030902
vn 0.095106 0.000000 -0.030902
vn 0.089101 0.000000 -0.045399
vn 0.089101 0.000000 -0.045399
vn 0.080902 0.000000 -0.058779
vn 0.080902 0.000000 -0.058779
vn 0.070711 0.000000 -0.070711
vn 0.070711 0.000000 -0.070711
vn 0.058779 0.000000 -0.080902
vn 0.058779 0.000000 -0.080902
vn 0.045399 0.000000 -0.089101
vn 0.045399 0.000000 -0.089101
vn 0.030902 0.000000 -0.095106
vn 0.030902 0.000000 -0.095106
vn 0.015643 0.000000 -0.098769
vn 0.015643 0.000000 -0.098769
vn 0.000000 0.000000 -0.100000
vn 0.000000 0.000000 -0.100000
vn -0.015643 0.000000 -0.098769
vn -0.015643 0.000000 -0.098769
vn -0.030902 0.000000 -0.095106
vn -0.030902 0.000000 -0.095106
vn -0.045399 0.000000 -0.089101
vn -0.045399 0.000000 -0.089101
vn -0.058779 0.000000 -0.080902
vn -0.058779 0.000000 -0.080902
vn -0.070711 0.000000 -0.070711
vn -0.070711 0.000000 -0.070711
vn -0.080902 0.000000 -0.058779
vn -0.080902 0.000000 -0.058779
vn -0.089101 0.000000 -0.045399
vn -0.089101 0.000000 -0.045399
vn -0.095106 0.000000 -0.030902
vn -0.095106 0.000000 -0.030902
vn -0.098769 0.000000 -0.015643
vn -0.098769 0.000000 -0.015643
vn -0.100000 0.000000 -0.000000
vn -0.100000 0.000000 -0.000000
vn -0.098769 0.000000 0.015643
vn -0.098769 0.000000 0.015643
vn -0.095106 0.000000 0.030902
vn -0.095106 0.000000 0.030902
vn -0.089101 0.000000 0.045399
vn -0.089101 0.000000 0.045399
vn -0.080902 0.000000 0.058779
vn -0.080902 0.000000 0.058779
vn -0.070711 0.000000 0.070711
vn -0.070711 0.000000 0.070711
vn -0.058779 0.000000 0.080902
vn -0.058779 0.000000 0.080902
vn -0.045399 0.000000 0.089101
vn -0.045399 0.000000 0.089101
vn -0.030902 0.000000 0.095106
vn -0.030902 0.000000 0.095106
vn -0.015643 0.000000 0.098769
vn -0.015643 0.000000 0.098769
vn 0.000000 0.000000 0.100000
vn 0.000000 0.000000 0.100000
vn 0.015643 0.000000 0.098769
vn 0.015643 0.000000 0.098769
vn 0.030902 0.000000 0.095106
vn 0.030902 0.000000 0.095106
vn 0.045399 0.000000 0.089101
vn 0.045399 0.000000 0.089101
vn 0.058779 0.000000 0.080902
vn 0.058779 0.000000 0.080902
vn 0.070711 0.000000 0.070711
vn 0.070711 0.000000 0.070711
vn 0.080902 0.000000 0.058779
vn 0.080902 0.000000 0.058779
vn 0.089101 0.000000 0.045399
vn 0.089101 0.000000 0.045399
vn 0.095106 0.000000 0.030902
vn 0.095106 0.000000 0.030902
vn 0.098769 0.000000 0.015643
vn 0.098769 0.000000 0.015643
vn 0.100000 0.000000 0.000000
vn 0.100000 0.000000 0.000000
vn 0.098769 0.000000 -0.015643
vn 0.098769 0.000000 -0.015643
vn 0.095106 0.000000 -0.030902
vn 0.095106 0.000000 -0.030902
vn 0.089101 0.000000 -0.045399
vn 0.089101 0.000000 -0.045399
vn 0.080902 0.000000 -0.058779
vn 0.080902 0.000000 -0.058779
vn 0.070711 0.000000 -0.070711
vn 0.070711 0.000000 -0.070711
vn 0.058779 0.000000 -0.080902
vn 0.058779 0.000000 -0.080902
vn 0.045399 0.000000 -0.089101
vn 0.045399 0.000000 -0.089101
vn 0.030902 0.000000 -0.095106
vn 0.030902 0.000000 -0.095106
vn 0.015643 0.000000 -0.098769
vn 0.015643 0.000000 -0.098769
vn 0.000000 0.000000 -0.100000
vn 0.000000 0.000000 -0.100000
vn -0.015643 0.000000 -0.098769
vn -0.015643 0.000000 -0.098769
vn -0.030902 0.000000 -0.095106
vn -0.030902 0.000000 -0.095106
vn -0.045399 0.000000 -0.089101
vn -0.045399 0.000000 -0.089101
vn -0.058779 0.000000 -0.080902
vn -0.058779 0.000000 -0.080902
vn -0.070711 0.000000 -0.070711
vn -0.070711 0.000000 -0.070711
vn -0.080902 0.000000 -0.058779
vn -0.080902 0.000000 -0.058779
vn -0.089101 0.000000 -0.045399
vn -0.089101 0.000000 -0.045399
vn -0.095106 0.000000 -0.030902
vn -0.095106 0.000000 -0.030902
vn -0.098769 0.000000 -0.015643
vn -0.098769 0.000000 -0.015643
vn -0.100000 0.000000 -0.000000
vn -0.100000 0.000000 -0.000000
vn -0.098769 0.000000 0.015643
vn -0.098769 0.000000 0.015643
vn -0.095106 0.000000 0.030902
vn -0.095106 0.000000 0.030902
vn -0.089101 0.000000 0.045399
vn -0.089101 0.000000 0.045399
vn -0.080902 0.000000 0.058779
vn -0.080902 0.000000 0.058779
vn -0.070711 0.000000 0.070711
vn -0.070711 0.000000 0.070711
vn -0.058779 0.000000 0.080902
vn -0.058779 0.000000 0.080902
vn -0.045399 0.000000 0.089101
vn -0.045399 0.000000 0.089101
vn -0.030902 0.000000 0.095106
vn -0.030902 0.000000 0.095106
vn -0.015643 0.000000 0.098769
vn -0.015643 0.000000 0.098769
vn 0.000000 0.000000 0.100000
vn 0.000000 0.000000 0.100000
vn 0.015643 0.000000 0.098769
vn 0.015643 0.000000 0.098769
vn 0.030902 0.000000 0.095106
vn 0.030902 0.000000 0.095106
vn 0.045399 0.000000 0.089101
vn 0.045399 0.000000 0.089101
vn 0.058779 0.000000 0.080902
vn 0.058779 0.000000 0.080902
vn 0.070711 0.000000 0.070711
vn 0.070711 0.000000 0.070711
vn 0.080902 0.000000 0.058779
vn 0.080902 0.000000 0.058779
vn 0.089101 0.000000 0.045399
vn 0.089101 0.000000 0.045399
vn 0.095106 0.000000 0.030902
vn 0.095106 0.000000 0.030902
vn 0.098769 0.000000 0.015643
vn 0.098769 0.000000 0.015643
vn 0.100000 0.000000 0.000000
vn 0.100000 0.000000 0.000000
vn 0.098769 0.000000 -0.015643
vn 0.098769 0.000000 -0.015643
vn 0.095106 0.000000 -0.030902
vn 0.095106 0.000000 -0.030902
vn 0.089101 0.000000 -0.045399
vn 0.089101 0.000000 -0.045399
vn 0.080902 0.000000 -0.058779
vn 0.080902 0.000000 -0.058779
vn 0.070711 0.000000 -0.070711
vn 0.070711 0.000000 -0.070711
vn 0.058779 0.000000 -0.080902
vn 0.058779 0.000000 -0.080902
vn 0.045399 0.000000 -0.089101
vn 0.045399 0.000000 -0.089101
vn 0.030902 0.000000 -0.095106
vn 0.030902 0.000000 -0.095106
vn 0.015643 0.000000 -0.098769
vn 0.015643 0.000000 -0.098769
vn 0.000000 0.000000 -0.100000
vn 0.000000 0.000000 -0.100000
vn -0.015643 0.000000 -0.098769
vn -0.015643 0.000000 -0.098769
vn -0.030902 0.000000 -0.095106
vn -0.030902 0.000000 -0.095106
vn -0.045399 0.000000 -0.089101
vn -0.045399 0.000000 -0.089101
vn -0.058779 0.000000 -0.080902
vn -0.058779 0.000000 -0.080902
vn -0.070711 0.000000 -0.070711
vn -0.070711 0.000000 -0.070711
vn -0.080902 0.000000 -0.058779
vn -0.080902 0.000000 -0.058779
vn -0.089101 0.000000 -0.045399
vn -0.089101 0.000000 -0.045399
vn -0.095106 0.000000 -0.030902
vn -0.095106 0.000000 -0.030902
vn 0.096593 0.025882 0.000000
vn 0.096593 0.025882 0.000000
vn 0.100000 0.000000 0.000000
vn 0.100000 0.000000 0.000000
vn 0.096593 -0.025882 0.000000
vn 0.096593 -0.025882 0.000000
vn 0.086603 -0.050000 0.000000
vn 0.086603 -0.050000 0.000000
vn 0.070711 -0.070711 0.000000
vn 0.070711 -0.070711 0.000000
vn 0.050000 -0.086603 0.000000
vn 0.050000 -0.086603 0.000000
vn 0.025882 -0.096593 0.000000
vn 0.025882 -0.096593 0.000000
vn -0.000000 -0.100000 0.000000
vn -0.000000 -0.100000 0.000000
vn -0.025882 -0.096593 0.000000
vn -0.025882 -0.096593 0.000000
vn -0.050000 -0.086603 0.000000
vn -0.050000 -0.086603 0.000000
vn -0.070711 -0.070711 0.000000
vn -0.070711 -0.070711 0.000000
vn -0.086603 -0.050000 0.000000
vn -0.086603 -0.050000 0.000000
vn -0.096593 -0.025882 0.000000
vn -0.096593 -0.025882 0.000000
vn -0.100000 0.000000 0.000000
vn -0.100000 0.000000 0.000000
vn -0.096593 0.025882 0.000000
vn -0.096593 0.025882 0.000000
vn -0.086603 0.050000 0.000000
vn -0.086603 0.050000 0.000000
vn -0.070711 0.070711 0.000000
vn -0.070711 0.070711 0.000000
vn -0.050000 0.086603 0.000000
vn -0.050000 0.086603 0.000000
vn -0.025882 0.096593 0.000000
vn -0.025882 0.096593 0.000000
vn -0.000000 0.100000 0.000000
vn -0.000000 0.100000 0.000000
vn 0.025882 0.096593 0.000000
vn 0.025882 0.096593 0.000000
vn 0.050000 0.086603 0.000000
vn 0.050000 0.086603 0.000000
vn 0.070711 0.070711 0.000000
vn 0.070711 0.070711 0.000000
vn 0.086603 0.050000 0.000000
vn 0.086603 0.050000 0.000000
vn 0.000000 0.000000 -0.100000
vn 0.000000 0.000000 -0.100000
vn 0.000000 0.000000 -0.100000
vn 0.000000 0.000000 -0.100000
vn 0.000000 0.000000 -0.100000
vn 0.000000 0.000000 -0.100000
vn 0.000000 0.000000 -0.100000
vn 0.000000 0.000000 -0.100000
vn 0.000000 0.000000 -0.100000
vn 0.000000 0.000000 -0.100000
vn 0.000000 0.000000 -0.100000
vn 0.000000 0.000000 -0.100000
vn 0.000000 0.000000 -0.100000
vn 0.000000 0.000000 -0.100000
vn 0.000000 0.000000 -0.100000
vn 0.000000 0.000000 -0.100000
vn 0.000000 0.000000 -0.100000
vn 0.000000 0.000000 -0.100000
vn 0.000000 0.000000 -0.100000
vn 0.000000 0.000000 -0.100000
vn 0.000000 0.000000 -0.100000
vn 0.000000 0.000000 -0.100000
vn 0.000000 0.000000 -0.100000
vn 0.000000 0.000000 -0.100000
vn 0.096593 0.025882 0.000000
vn 0.096593 0.025882 0.000000
vn 0.100000 0.000000 0.000000
vn 0.100000 0.000000 0.000000
vn 0.096593 -0.025882 0.000000
vn 0.096593 -0.025882 0.000000
vn 0.086603 -0.050000 0.000000
vn 0.086603 -0.050000 0.000000
vn 0.070711 -0.070711 0.000000
vn 0.070711 -0.070711 0.000000
vn 0.050000 -0.086603 0.000000
vn 0.050000 -0.086603 0.000000
vn 0.025882 -0.096593 0.000000
vn 0.025882 -0.096593 0.000000
vn -0.000000 -0.100000 0.000000
vn -0.000000 -0.100000 0.000000
vn -0.025882 -0.096593 0.000000
vn -0.025882 -0.096593 0.000000
vn -0.050000 -0.086603 0.000000
vn -0.050000 -0.086603 0.000000
vn -0.070711 -0.070711 0.000000
vn -0.070711 -0.070711 0.000000
vn -0.086603 -0.050000 0.000000
vn -0.086603 -0.050000 0.000000
vn -0.096593 -0.025882 0.000000
vn -0.096593 -0.025882 0.000000
vn -0.100000 0.000000 0.000000
vn -0.100000 0.000000 0.000000
vn -0.096593 0.025882 0.000000
vn -0.096593 0.025882 0.000000
vn -0.086603 0.050000 0.000000
vn -0.086603 0.050000 0.000000
vn -0.070711 0.070711 0.000000
vn -0.070711 0.070711 0.000000
vn -0.050000 0.086603 0.000000
vn -0.050000 0.086603 0.000000
vn -0.025882 0.096593 0.000000
vn -0.025882 0.096593 0.000000
vn -0.000000 0.100000 0.000000
vn -0.000000 0.100000 0.000000
vn 0.025882 0.096593 0.000000
vn 0.025882 0.096593 0.000000
vn 0.050000 0.086603 0.000000
vn 0.050000 0.086603 0.000000
vn 0.070711 0.070711 0.000000
vn 0.070711 0.070711 0.000000
vn 0.086603 0.050000 0.000000
vn 0.086603 0.050000 0.000000
vn 0.000000 0.000000 -0.100000
vn 0.000000 0.000000 -0.100000
vn 0.000000 0.000000 -0.100000
vn 0.000000 0.000000 -0.100000
vn 0.000000 0.000000 -0.100000
vn 0.000000 0.000000 -0.100000
vn 0.000000 0.000000 -0.100000
vn 0.000000 0.000000 -0.100000
vn 0.000000 0.000000 -0.100000
vn 0.000000 0.000000 -0.100000
vn 0.000000 0.000000 -0.100000
vn 0.000000 0.000000 -0.100000
vn 0.000000 0.000000 -0.100000
vn 0.000000 0.000000 -0.100000
vn 0.000000 0.000000 -0.100000
vn 0.000000 0.000000 -0.100000
vn 0.000000 0.000000 -0.100000
vn 0.000000 0.000000 -0.100000
vn 0.000000 0.000000 -0.100000
vn 0.000000 0.000000 -0.100000
vn 0.000000 0.000000 -0.100000
vn 0.000000 0.000000 -0.100000
vn 0.000000 0.000000 -0.100000
vn 0.000000 0.000000 -0.100000
vn 0.096593 0.025882 0.000000
vn 0.096593 0.025882 0.000000
vn 0.100000 0.000000 0.000000
vn 0.100000 0.000000 0.000000
vn 0.096593 -0.025882 0.000000
vn 0.096593 -0.025882 0.000000
vn 0.086603 -0.050000 0.000000
vn 0.086603 -0.050000 0.000000
vn 0.070711 -0.070711 0.000000
vn 0.070711 -0.070711 0.000000
vn 0.050000 -0.086603 0.000000
vn 0.050000 -0.086603 0.000000
vn 0.025882 -0.096593 0.000000
vn 0.025882 -0.096593 0.000000
vn -0.000000 -0.100000 0.000000
vn -0.000000 -0.100000 0.000000
vn -0.025882 -0.096593 0.000000
vn -0.025882 -0.096593 0.000000
vn -0.050000 -0.086603 0.000000
vn -0.050000 -0.086603 0.000000
vn -0.070711 -0.070711 0.000000
vn -0.070711 -0.070711 0.000000
vn -0.086603 -0.050000 0.000000
vn -0.086603 -0.050000 0.000000
vn -0.096593 -0.025882 0.000000
vn -0.096593 -0.025882 0.000000
vn -0.100000 0.000000 0.000000
vn -0.100000 0.000000 0.000000
vn -0.096593 0.025882 0.000000
vn -0.096593 0.025882 0.000000
vn -0.086603 0.050000 0.000000
vn -0.086603 0.050000 0.000000
vn -0.070711 0.070711 0.000000
vn -0.070711 0.070711 0.000000
vn -0.050000 0.086603 0.000000
vn -0.050000 0.086603 0.000000
vn -0.025882 0.096593 0.000000
vn -0.025882 0.096593 0.000000
vn -0.000000 0.100000 0.000000
vn -0.000000 0.100000 0.000000
vn 0.025882 0.096593 0.000000
vn 0.025882 0.096593 0.000000
vn 0.050000 0.086603 0.000000
vn 0.050000 0.086603 0.000000
vn 0.070711 0.070711 0.000000
vn 0.070711 0.070711 0.000000
vn 0.086603 0.050000 0.000000
vn 0.086603 0.050000 0.000000
vn 0.000000 0.000000 -0.100000
vn 0.000000 0.000000 -0.100000
vn 0.000000 0.000000 -0.100000
vn 0.000000 0.000000 -0.100000
vn 0.000000 0.000000 -0.100000
vn 0.000000 0.000000 -0.100000
vn 0.000000 0.000000 -0.100000
vn 0.000000 0.000000 -0.100000
vn 0.000000 0.000000 -0.100000
vn 0.000000 0.000000 -0.100000
vn 0.000000 0.000000 -0.100000
vn 0.000000 0.000000 -0.100000
vn 0.000000 0.000000 -0.100000
vn 0.000000 0.000000 -0.100000
vn 0.000000 0.000000 -0.100000
vn 0.000000 0.000000 -0.100000
vn 0.000000 0.000000 -0.100000
vn 0.000000 0.000000 -0.100000
vn 0.000000 0.000000 -0.100000
vn 0.000000 0.000000 -0.100000
vn 0.000000 0.000000 -0.100000
vn 0.000000 0.000000 -0.100000
vn 0.000000 0.000000 -0.100000
vn 0.000000 0.000000 -0.100000
vn 0.000000 0.000000 -0.100000
vn 0.000000 0.000000 -0.100000
vn 0.000000 0.000000 -0.100000
vn 0.000000 0.000000 -0.100000
vn 0.000000 0.000000 -0.100000
vn 0.000000 0.000000 -0.100000
vn 0.000000 0.000000 -0.100000
vn 0.000000 0.000000 -0.100000
vn 0.000000 0.000000 -0.100000
vn 0.000000 0.000000 -0.100000
vn 0.000000 0.000000 -0.100000
vn 0.000000 0.000000 -0.100000
vn 0.099949 0.003205 0.000000
vn 0.100000 0.000000 0.000000
vn 0.098242 -0.018667 0.000000
vn 0.096593 -0.025882 0.000000
vn 0.090508 -0.042524 0.000000
vn 0.086603 -0.050000 0.000000
vn 0.077081 -0.063707 0.000000
vn 0.070711 -0.070711 0.000000
vn 0.058805 -0.080882 0.000000
vn 0.050000 -0.086603 0.000000
vn 0.036831 -0.092970 0.000000
vn 0.025882 -0.096593 0.000000
vn 0.012540 -0.099211 0.000000
vn -0.000000 -0.100000 0.000000
vn -0.012540 -0.099211 0.000000
vn -0.025882 -0.096593 0.000000
vn -0.036831 -0.092970 0.000000
vn -0.050000 -0.086603 0.000000
vn -0.058805 -0.080882 0.000000
vn -0.070711 -0.070711 0.000000
vn -0.077081 -0.063707 0.000000
vn -0.086603 -0.050000 0.000000
vn -0.090508 -0.042524 0.000000
vn -0.096593 -0.025882 0.000000
vn -0.098242 -0.018667 0.000000
vn -0.100000 0.000000 0.000000
vn -0.099949 0.003205 0.000000
vn -0.096593 0.025882 0.000000
vn -0.096845 0.024922 0.000000
vn -0.089080 0.045440 0.000000
vn -0.086603 0.050000 0.000000
vn -0.077028 0.063770 0.000000
vn -0.070711 0.070711 0.000000
vn -0.061269 0.079032 0.000000
vn -0.050000 0.086603 0.000000
vn -0.042561 0.090490 0.000000
vn -0.025882 0.096593 0.000000
vn -0.032379 0.094613 0.000000
vn -0.021805 0.097594 0.000000
vn -0.010969 0.099397 0.000000
vn -0.000000 0.100000 0.000000
vn -0.000000 0.100000 0.000000
vn 0.010969 0.099397 0.000000
vn 0.025882 0.096593 0.000000
vn 0.021805 0.097594 0.000000
vn 0.032379 0.094613 0.000000
vn 0.050000 0.086603 0.000000
vn 0.042561 0.090490 0.000000
vn 0.061269 0.079032 0.000000
vn 0.070711 0.070711 0.000000
vn 0.077028 0.063770 0.000000
vn 0.086603 0.050000 0.000000
vn 0.089080 0.045440 0.000000
vn 0.096593 0.025882 0.000000
vn 0.096845 0.024922 0.000000
vn 0.096593 0.025882 0.000000
vn 0.096593 0.025882 0.000000
vn 0.100000 0.000000 0.000000
vn 0.100000 0.000000 0.000000
vn 0.096593 -0.025882 0.000000
vn 0.096593 -0.025882 0.000000
vn 0.086603 -0.050000 0.000000
vn 0.086603 -0.050000 0.000000
vn 0.070711 -0.070711 0.000000
vn 0.070711 -0.070711 0.000000
vn 0.050000 -0.086603 0.000000
vn 0.050000 -0.086603 0.000000
vn 0.025882 -0.096593 0.000000
vn 0.025882 -0.096593 0.000000
vn -0.000000 -0.100000 0.000000
vn -0.000000 -0.100000 0.000000
vn -0.025882 -0.096593 0.000000
vn -0.025882 -0.096593 0.000000
vn -0.050000 -0.086603 0.000000
vn -0.050000 -0.086603 0.000000
vn -0.070711 -0.070711 0.000000
vn -0.070711 -0.070711 0.000000
vn -0.086603 -0.050000 0.000000
vn -0.086603 -0.050000 0.000000
vn -0.096593 -0.025882 0.000000
vn -0.096593 -0.025882 0.000000
vn -0.100000 0.000000 0.000000
vn -0.100000 0.000000 0.000000
vn -0.096593 0.025882 0.000000
vn -0.096593 0.025882 0.000000
vn -0.086603 0.050000 0.000000
vn -0.086603 0.050000 0.000000
vn -0.070711 0.070711 0.000000
vn -0.070711 0.070711 0.000000
vn -0.050000 0.086603 0.000000
vn -0.050000 0.086603 0.000000
vn -0.025882 0.096593 0.000000
vn -0.025882 0.096593 0.000000
vn -0.000000 0.100000 0.000000
vn -0.000000 0.100000 0.000000
vn 0.025882 0.096593 0.000000
vn 0.025882 0.096593 0.000000
vn 0.050000 0.086603 0.000000
vn 0.050000 0.086603 0.000000
vn 0.070711 0.070711 0.000000
vn 0.070711 0.070711 0.000000
vn 0.086603 0.050000 0.000000
vn 0.086603 0.050000 0.000000
vn 0.000000 0.000000 -0.100000
vn 0.000000 0.000000 -0.100000
vn 0.000000 0.000000 -0.100000
vn 0.000000 0.000000 -0.100000
vn 0.000000 0.000000 -0.100000
vn 0.000000 0.000000 -0.100000
vn 0.000000 0.000000 -0.100000
vn 0.000000 0.000000 -0.100000
vn 0.000000 0.000000 -0.100000
vn 0.000000 0.000000 -0.100000
vn 0.000000 0.000000 -0.100000
vn 0.000000 0.000000 -0.100000
vn 0.000000 0.000000 -0.100000
vn 0.000000 0.000000 -0.100000
vn 0.000000 0.000000 -0.100000
vn 0.000000 0.000000 -0.100000
vn 0.000000 0.000000 -0.100000
vn 0.000000 0.000000 -0.100000
vn 0.000000 0.000000 -0.100000
vn 0.000000 0.000000 -0.100000
vn 0.000000 0.000000 -0.100000
vn 0.000000 0.000000 -0.100000
vn 0.000000 0.000000 -0.100000
vn 0.000000 0.000000 -0.100000
vn 0.000000 0.000000 -0.100000
vn 0.000000 0.000000 -0.100000
vn 0.000000 0.000000 -0.100000
vn 0.000000 0.000000 -0.100000
vn 0.000000 0.000000 -0.100000
vn 0.000000 0.000000 -0.100000
vn 0.000000 0.000000 -0.100000
vn 0.000000 0.000000 -0.100000
vn 0.000000 0.000000 -0.100000
vn 0.000000 0.000000 -0.100000
vn 0.000000 0.000000 -0.100000
vn 0.000000 0.000000 -0.100000
vn 0.099949 0.003205 0.000000
vn 0.100000 0.000000 0.000000
vn 0.098242 -0.018667 0.000000
vn 0.096593 -0.025882 0.000000
vn 0.090508 -0.042524 0.000000
vn 0.086603 -0.050000 0.000000
vn 0.077081 -0.063707 0.000000
vn 0.070711 -0.070711 0.000000
vn 0.058805 -0.080882 0.000000
vn 0.050000 -0.086603 0.000000
vn 0.036831 -0.092970 0.000000
vn 0.025882 -0.096593 0.000000
vn 0.012540 -0.099211 0.000000
vn -0.000000 -0.100000 0.000000
vn -0.012540 -0.099211 0.000000
vn -0.025882 -0.096593 0.000000
vn -0.036831 -0.092970 0.000000
vn -0.050000 -0.086603 0.000000
vn -0.058805 -0.080882 0.000000
vn -0.070711 -0.070711 0.000000
vn -0.077081 -0.063707 0.000000
vn -0.086603 -0.050000 0.000000
vn -0.090508 -0.042524 0.000000
vn -0.096593 -0.025882 0.000000
vn -0.098242 -0.018667 0.000000
vn -0.100000 0.000000 0.000000
vn -0.099949 0.003205 0.000000
vn -0.096593 0.025882 0.000000
vn -0.096845 0.024922 0.000000
vn -0.089080 0.045440 0.000000
vn -0.086603 0.050000 0.000000
vn -0.077028 0.063770 0.000000
vn -0.070711 0.070711 0.000000
vn -0.061269 0.079032 0.000000
vn -0.050000 0.086603 0.000000
vn -0.042561 0.090490 0.000000
vn -0.025882 0.096593 0.000000
vn -0.032379 0.094613 0.000000
vn -0.021805 0.097594 0.000000
vn -0.010969 0.099397 0.000000
vn -0.000000 0.100000 0.000000
vn -0.000000 0.100000 0.000000
vn 0.010969 0.099397 0.000000
vn 0.025882 0.096593 0.000000
vn 0.021805 0.097594 0.000000
vn 0.032379 0.094613 0.000000
vn 0.050000 0.086603 0.000000
vn 0.042561 0.090490 0.000000
vn 0.061269 0.079032 0.000000
vn 0.070711 0.070711 0.000000
vn 0.077028 0.063770 0.000000
vn 0.086603 0.050000 0.000000
vn 0.089080 0.045440 0.000000
vn 0.096593 0.025882 0.000000
vn 0.096845 0.024922 0.000000
vn 0.000000 0.000000 -0.100000
vn 0.000000 0.000000 -0.100000
vn 0.000000 0.000000 -0.100000
vn 0.000000 0.000000 -0.100000
vn 0.000000 0.000000 -0.100000
vn 0.000000 0.000000 -0.100000
vn 0.000000 0.000000 -0.100000
vn 0.000000 0.000000 -0.100000
vn 0.000000 0.000000 -0.100000
vn 0.000000 0.000000 -0.100000
vn 0.000000 0.000000 -0.100000
vn 0.000000 0.000000 -0.100000
vn 0.000000 0.000000 -0.100000
vn 0.000000 0.000000 -0.100000
vn 0.000000 0.000000 -0.100000
vn 0.000000 0.000000 -0.100000
vn 0.000000 0.000000 -0.100000
vn 0.000000 0.000000 -0.100000
vn 0.000000 0.000000 -0.100000
vn 0.000000 0.000000 -0.100000
vn 0.000000 0.000000 -0.100000
vn 0.000000 0.000000 -0.100000
vn 0.000000 0.000000 -0.100000
vn 0.000000 0.000000 -0.100000
vn 0.000000 0.000000 -0.100000
vn 0.000000 0.000000 -0.100000
vn 0.000000 0.000000 -0.100000
vn 0.000000 0.000000 -0.100000
vn 0.000000 0.000000 -0.100000
vn 0.000000 0.000000 -0.100000
vn 0.000000 0.000000 -0.100000
vn 0.000000 0.000000 -0.100000
vn 0.000000 0.000000 -0.100000
vn 0.000000 0.000000 -0.100000
vn 0.000000 0.000000 -0.100000
vn 0.000000 0.000000 -0.100000
vn 0.000000 0.000000 -0.100000
vn 0.000000 0.000000 -0.100000
vn 0.000000 0.000000 -0.100000
vn 0.000000 0.000000 -0.100000
vn 0.000000 0.000000 -0.100000
vn 0.000000 0.000000 -0.100000
vn 0.000000 0.000000 -0.100000
vn 0.000000 0.000000 -0.100000
vn 0.000000 0.000000 -0.100000
vn 0.000000 0.000000 -0.100000
vn 0.000000 0.000000 -0.100000
vn 0.000000 0.000000 -0.100000
vn 0.000000 0.000000 -0.100000
vn 0.000000 0.000000 -0.100000
vn 0.000000 0.000000 -0.100000
vn 0.000000 0.000000 -0.100000
vn 0.000000 0.000000 -0.100000
vn 0.000000 0.000000 -0.100000
vn 0.000000 0.000000 -0.100000
vn 0.000000 0.000000 -0.100000
vn 0.000000 0.000000 -0.100000
vn 0.000000 0.000000 -0.100000
vn 0.000000 0.000000 -0.100000
vn 0.000000 0.000000 -0.100000
vn 0.000000 0.000000 -0.100000
vn 0.000000 0.000000 -0.100000
vn 0.000000 0.000000 -0.100000
vn 0.000000 0.000000 -0.100000
vn 0.000000 0.000000 -0.100000
vn 0.000000 0.000000 -0.100000
vn 0.000000 0.000000 -0.100000
vn 0.000000 0.000000 -0.100000
vn 0.000000 0.000000 -0.100000
vn 0.000000 0.000000 -0.100000
vn 0.000000 0.000000 -0.100000
vn 0.000000 0.000000 -0.100000
vn 0.000000 0.000000 -0.100000
vn 0.000000 0.000000 -0.100000
vn 0.000000 0.000000 -0.100000
vn 0.000000 0.000000 -0.100000
vn 0.000000 0.000000 -0.100000
vn 0.000000 0.000000 -0.100000
vn 0.000000 0.000000 -0.100000
vn 0.000000 0.000000 -0.100000
vn 0.000000 0.000000 -0.100000
vn 0.000000 0.000000 -0.100000
vn 0.000000 0.000000 -0.100000
vn 0.000000 0.000000 -0.100000
vn 0.000000 0.000000 -0.100000
vn 0.000000 0.000000 -0.100000
vn 0.000000 0.000000 -0.100000
vn 0.000000 0.000000 -0.100000
vn 0.000000 0.000000 -0.100000
vn 0.000000 0.000000 -0.100000
vn 0.000000 0.000000 -0.100000
vn 0.000000 0.000000 -0.100000
vn 0.000000 0.000000 -0.100000
vn 0.000000 0.000000 -0.100000
vn 0.000000 0.000000 -0.100000
vn 0.000000 0.000000 -0.100000
vn 0.000000 0.000000 -0.100000
vn 0.000000 0.000000 -0.100000
vn 0.000000 0.000000 -0.100000
vn 0.000000 0.000000 -0.100000
vn -0.100000 0.000000 -0.000000
vn -0.100000 0.000000 -0.000000
vn -0.100000 0.000000 -0.000000
vn 0.000000 -0.070711 0.070711
vn 0.000000 -0.070711 0.070711
vn 0.000000 -0.070711 0.070711
vn 0.000000 -0.070711 0.070711
vn 0.000000 -0.070711 0.070711
vn 0.000000 -0.070711 0.070711
vn 0.000000 -0.070711 0.070711
vn 0.000000 -0.070711 0.070711
vn 0.000000 -0.070711 0.070711
vn 0.000000 -0.070711 0.070711
vn 0.000000 -0.070711 0.070711
vn 0.000000 -0.070711 0.070711
vn 0.000000 -0.070711 0.070711
vn 0.000000 -0.070711 0.070711
vn 0.000000 -0.070711 0.070711
vn 0.000000 -0.070711 0.070711
vn 0.000000 -0.070711 0.070711
vn 0.000000 -0.070711 0.070711
vn 0.000000 -0.070711 0.070711
vn 0.000000 -0.070711 0.070711
vn 0.000000 -0.070711 0.070711
vn 0.000000 -0.070711 0.070711
vn 0.000000 -0.070711 0.070711
vn 0.000000 -0.070711 0.070711
vn 0.000000 -0.070711 0.070711
vn 0.000000 -0.070711 0.070711
vn 0.000000 -0.070711 0.070711
vn 0.000000 -0.070711 0.070711
vn 0.000000 -0.070711 0.070711
vn 0.000000 -0.070711 0.070711
vn 0.000000 -0.070711 0.070711
vn 0.000000 -0.070711 0.070711
vn 0.000000 -0.070711 0.070711
vn 0.000000 -0.070711 0.070711
vn 0.000000 -0.070711 0.070711
vn 0.000000 -0.070711 0.070711
vn 0.000000 -0.070711 0.070711
vn 0.000000 -0.070711 0.070711
vn 0.000000 -0.070711 0.070711
vn 0.000000 -0.070711 0.070711
vn 0.000000 -0.070711 0.070711
vn 0.000000 -0.070711 0.070711
vn 0.000000 -0.070711 0.070711
vn 0.000000 -0.070711 0.070711
vn 0.000000 -0.070711 0.070711
vn 0.000000 -0.070711 0.070711
vn 0.100000 0.000000 0.000000
vn 0.100000 0.000000 0.000000
vn 0.100000 0.000000 0.000000
vn -0.096593 0.000000 -0.025882
vn -0.096593 0.000000 -0.025882
vn -0.100000 0.000000 -0.000000
vn -0.100000 0.000000 -0.000000
vn -0.096593 0.000000 0.025882
vn -0.096593 0.000000 0.025882
vn -0.086603 0.000000 0.050000
vn -0.086603 0.000000 0.050000
vn -0.070711 0.000000 0.070711
vn -0.070711 0.000000 0.070711
vn -0.050000 0.000000 0.086603
vn -0.050000 0.000000 0.086603
vn -0.025882 0.000000 0.096593
vn -0.025882 0.000000 0.096593
vn 0.000000 0.000000 0.100000
vn 0.000000 0.000000 0.100000
vn 0.025882 0.000000 0.096593
vn 0.025882 0.000000 0.096593
vn 0.050000 0.000000 0.086603
vn 0.050000 0.000000 0.086603
vn 0.070711 0.000000 0.070711
vn 0.070711 0.000000 0.070711
vn 0.086603 0.000000 0.050000
vn 0.086603 0.000000 0.050000
vn 0.096593 0.000000 0.025882
vn 0.096593 0.000000 0.025882
vn 0.100000 0.000000 0.000000
vn 0.100000 0.000000 0.000000
vn 0.096593 0.000000 -0.025882
vn 0.096593 0.000000 -0.025882
vn 0.086603 0.000000 -0.050000
vn 0.086603 0.000000 -0.050000
vn 0.070711 0.000000 -0.070711
vn 0.070711 0.000000 -0.070711
vn 0.050000 0.000000 -0.086603
vn 0.050000 0.000000 -0.086603
vn 0.025882 0.000000 -0.096593
vn 0.025882 0.000000 -0.096593
vn 0.000000 0.000000 -0.100000
vn 0.000000 0.000000 -0.100000
vn -0.025882 0.000000 -0.096593
vn -0.025882 0.000000 -0.096593
vn -0.050000 0.000000 -0.086603
vn -0.050000 0.000000 -0.086603
vn -0.070711 0.000000 -0.070711
vn -0.070711 0.000000 -0.070711
vn -0.086603 0.000000 -0.050000
vn -0.086603 0.000000 -0.050000
vn 0.000000 0.100000 0.000000
vn 0.000000 0.100000 0.000000
vn 0.000000 0.100000 0.000000
vn 0.000000 0.100000 0.000000
vn 0.000000 0.100000 0.000000
vn 0.000000 0.100000 0.000000
vn 0.000000 0.100000 0.000000
vn 0.000000 0.100000 0.000000
vn 0.000000 0.100000 0.000000
vn 0.000000 0.100000 0.000000
vn 0.000000 0.100000 0.000000
vn 0.000000 0.100000 0.000000
vn 0.000000 0.100000 0.000000
vn 0.000000 0.100000 0.000000
vn 0.000000 0.100000 0.000000
vn 0.000000 0.100000 0.000000
vn 0.000000 0.100000 0.000000
vn 0.000000 0.100000 0.000000
vn 0.000000 0.100000 0.000000
vn 0.000000 0.100000 0.000000
vn 0.000000 0.100000 0.000000
vn 0.000000 0.100000 0.000000
vn 0.000000 0.100000 0.000000
vn 0.000000 0.100000 0.000000
vn 0.000000 0.100000 0.000000
vn 0.000000 0.100000 0.000000
vn 0.000000 0.100000 0.000000
vn 0.000000 0.100000 0.000000
vn 0.000000 0.100000 0.000000
vn 0.000000 0.100000 0.000000
vn 0.000000 0.100000 0.000000
vn 0.000000 0.100000 0.000000
vn 0.000000 0.100000 0.000000
vn 0.000000 0.100000 0.000000
vn 0.000000 0.100000 0.000000
vn 0.000000 0.100000 0.000000
vn 0.000000 0.100000 0.000000
vn 0.000000 0.100000 0.000000
vn 0.000000 0.100000 0.000000
vn 0.000000 0.100000 0.000000
vn 0.000000 0.100000 0.000000
vn 0.000000 0.100000 0.000000
vn 0.000000 0.100000 0.000000
vn 0.000000 0.100000 0.000000
vn 0.000000 0.100000 0.000000
vn 0.000000 0.100000 0.000000
vn 0.000000 0.100000 0.000000
vn 0.000000 0.100000 0.000000
vn -0.096593 0.000000 -0.025882
vn -0.096593 0.000000 -0.025882
vn -0.100000 0.000000 -0.000000
vn -0.100000 0.000000 -0.000000
vn -0.096593 0.000000 0.025882
vn -0.096593 0.000000 0.025882
vn -0.086603 0.000000 0.050000
vn -0.086603 0.000000 0.050000
vn -0.070711 0.000000 0.070711
vn -0.070711 0.000000 0.070711
vn -0.050000 0.000000 0.086603
vn -0.050000 0.000000 0.086603
vn -0.025882 0.000000 0.096593
vn -0.025882 0.000000 0.096593
vn 0.000000 0.000000 0.100000
vn 0.000000 0.000000 0.100000
vn 0.025882 0.000000 0.096593
vn 0.025882 0.000000 0.096593
vn 0.050000 0.000000 0.086603
vn 0.050000 0.000000 0.086603
vn 0.070711 0.000000 0.070711
vn 0.070711 0.000000 0.070711
vn 0.086603 0.000000 0.050000
vn 0.086603 0.000000 0.050000
vn 0.096593 0.000000 0.025882
vn 0.096593 0.000000 0.025882
vn 0.100000 0.000000 0.000000
vn 0.100000 0.000000 0.000000
vn 0.096593 0.000000 -0.025882
vn 0.096593 0.000000 -0.025882
vn 0.086603 0.000000 -0.050000
vn 0.086603 0.000000 -0.050000
vn 0.070711 0.000000 -0.070711
vn 0.070711 0.000000 -0.070711
vn 0.050000 0.000000 -0.086603
vn 0.050000 0.000000 -0.086603
vn 0.025882 0.000000 -0.096593
vn 0.025882 0.000000 -0.096593
vn 0.000000 0.000000 -0.100000
vn 0.000000 0.000000 -0.100000
vn -0.025882 0.000000 -0.096593
vn -0.025882 0.000000 -0.096593
vn -0.050000 0.000000 -0.086603
vn -0.050000 0.000000 -0.086603
vn -0.070711 0.000000 -0.070711
vn -0.070711 0.000000 -0.070711
vn -0.086603 0.000000 -0.050000
vn -0.086603 0.000000 -0.050000
vn 0.000000 0.100000 0.000000
vn 0.000000 0.100000 0.000000
vn 0.000000 0.100000 0.000000
vn 0.000000 0.100000 0.000000
vn 0.000000 0.100000 0.000000
vn 0.000000 0.100000 0.000000
vn 0.000000 0.100000 0.000000
vn 0.000000 0.100000 0.000000
vn 0.000000 0.100000 0.000000
vn 0.000000 0.100000 0.000000
vn 0.000000 0.100000 0.000000
vn 0.000000 0.100000 0.000000
vn 0.000000 0.100000 0.000000
vn 0.000000 0.100000 0.000000
vn 0.000000 0.100000 0.000000
vn 0.000000 0.100000 0.000000
vn 0.000000 0.100000 0.000000
vn 0.000000 0.100000 0.000000
vn 0.000000 0.100000 0.000000
vn 0.000000 0.100000 0.000000
vn 0.000000 0.100000 0.000000
vn 0.000000 0.100000 0.000000
vn 0.000000 0.100000 0.000000
vn 0.000000 0.100000 0.000000
vn 0.000000 0.100000 0.000000
vn 0.000000 0.100000 0.000000
vn 0.000000 0.100000 0.000000
vn 0.000000 0.100000 0.000000
vn 0.000000 0.100000 0.000000
vn 0.000000 0.100000 0.000000
vn 0.000000 0.100000 0.000000
vn 0.000000 0.100000 0.000000
vn 0.000000 0.100000 0.000000
vn 0.000000 0.100000 0.000000
vn 0.000000 0.100000 0.000000
vn 0.000000 0.100000 0.000000
vn 0.000000 0.100000 0.000000
vn 0.000000 0.100000 0.000000
vn 0.000000 0.100000 0.000000
vn 0.000000 0.100000 0.000000
vn 0.000000 0.100000 0.000000
vn 0.000000 0.100000 0.000000
vn 0.000000 0.100000 0.000000
vn 0.000000 0.100000 0.000000
vn 0.000000 0.100000 0.000000
vn 0.000000 0.100000 0.000000
vn 0.000000 0.100000 0.000000
vn 0.000000 0.100000 0.000000
vn -0.096593 0.000000 -0.025882
vn -0.096593 0.000000 -0.025882
vn -0.100000 0.000000 -0.000000
vn -0.100000 0.000000 -0.000000
vn -0.096593 0.000000 0.025882
vn -0.096593 0.000000 0.025882
vn -0.086603 0.000000 0.050000
vn -0.086603 0.000000 0.050000
vn -0.070711 0.000000 0.070711
vn -0.070711 0.000000 0.070711
vn -0.050000 0.000000 0.086603
vn -0.050000 0.000000 0.086603
vn -0.025882 0.000000 0.096593
vn -0.025882 0.000000 0.096593
vn 0.000000 0.000000 0.100000
vn 0.000000 0.000000 0.100000
vn 0.025882 0.000000 0.096593
vn 0.025882 0.000000 0.096593
vn 0.050000 0.000000 0.086603
vn 0.050000 0.000000 0.086603
vn 0.070711 0.000000 0.070711
vn 0.070711 0.000000 0.070711
vn 0.086603 0.000000 0.050000
vn 0.086603 0.000000 0.050000
vn 0.096593 0.000000 0.025882
vn 0.096593 0.000000 0.025882
vn 0.100000 0.000000 0.000000
vn 0.100000 0.000000 0.000000
vn 0.096593 0.000000 -0.025882
vn 0.096593 0.000000 -0.025882
vn 0.086603 0.000000 -0.050000
vn 0.086603 0.000000 -0.050000
vn 0.070711 0.000000 -0.070711
vn 0.070711 0.000000 -0.070711
vn 0.050000 0.000000 -0.086603
vn 0.050000 0.000000 -0.086603
vn 0.025882 0.000000 -0.096593
vn 0.025882 0.000000 -0.096593
vn 0.000000 0.000000 -0.100000
vn 0.000000 0.000000 -0.100000
vn -0.025882 0.000000 -0.096593
vn -0.025882 0.000000 -0.096593
vn -0.050000 0.000000 -0.086603
vn -0.050000 0.000000 -0.086603
vn -0.070711 0.000000 -0.070711
vn -0.070711 0.000000 -0.070711
vn -0.086603 0.000000 -0.050000
vn -0.086603 0.000000 -0.050000
vn 0.000000 0.100000 0.000000
vn 0.000000 0.100000 0.000000
vn 0.000000 0.100000 0.000000
vn 0.000000 0.100000 0.000000
vn 0.000000 0.100000 0.000000
vn 0.000000 0.100000 0.000000
vn 0.000000 0.100000 0.000000
vn 0.000000 0.100000 0.000000
vn 0.000000 0.100000 0.000000
vn 0.000000 0.100000 0.000000
vn 0.000000 0.100000 0.000000
vn 0.000000 0.100000 0.000000
vn 0.000000 0.100000 0.000000
vn 0.000000 0.100000 0.000000
vn 0.000000 0.100000 0.000000
vn 0.000000 0.100000 0.000000
vn 0.000000 0.100000 0.000000
vn 0.000000 0.100000 0.000000
vn 0.000000 0.100000 0.000000
vn 0.000000 0.100000 0.000000
vn 0.000000 0.100000 0.000000
vn 0.000000 0.100000 0.000000
vn 0.000000 0.100000 0.000000
vn 0.000000 0.100000 0.000000
vn 0.000000 0.100000 0.000000
vn 0.000000 0.100000 0.000000
vn 0.000000 0.100000 0.000000
vn 0.000000 0.100000 0.000000
vn 0.000000 0.100000 0.000000
vn 0.000000 0.100000 0.000000
vn 0.000000 0.100000 0.000000
vn 0.000000 0.100000 0.000000
vn 0.000000 0.100000 0.000000
vn 0.000000 0.100000 0.000000
vn 0.000000 0.100000 0.000000
vn 0.000000 0.100000 0.000000
vn 0.000000 0.100000 0.000000
vn 0.000000 0.100000 0.000000
vn 0.000000 0.100000 0.000000
vn 0.000000 0.100000 0.000000
vn 0.000000 0.100000 0.000000
vn 0.000000 0.100000 0.000000
vn 0.000000 0.100000 0.000000
vn 0.000000 0.100000 0.000000
vn 0.000000 0.100000 0.000000
vn 0.000000 0.100000 0.000000
vn 0.000000 0.100000 0.000000
vn 0.000000 0.100000 0.000000
vn -0.096593 0.000000 -0.025882
vn -0.096593 0.000000 -0.025882
vn -0.100000 0.000000 -0.000000
vn -0.100000 0.000000 -0.000000
vn -0.096593 0.000000 0.025882
vn -0.096593 0.000000 0.025882
vn -0.086603 0.000000 0.050000
vn -0.086603 0.000000 0.050000
vn -0.070711 0.000000 0.070711
vn -0.070711 0.000000 0.070711
vn -0.050000 0.000000 0.086603
vn -0.050000 0.000000 0.086603
vn -0.025882 0.000000 0.096593
vn -0.025882 0.000000 0.096593
vn 0.000000 0.000000 0.100000
vn 0.000000 0.000000 0.100000
vn 0.025882 0.000000 0.096593
vn 0.025882 0.000000 0.096593
vn 0.050000 0.000000 0.086603
vn 0.050000 0.000000 0.086603
vn 0.070711 0.000000 0.070711
vn 0.070711 0.000000 0.070711
vn 0.086603 0.000000 0.050000
vn 0.086603 0.000000 0.050000
vn 0.096593 0.000000 0.025882
vn 0.096593 0.000000 0.025882
vn 0.100000 0.000000 0.000000
vn 0.100000 0.000000 0.000000
vn 0.096593 0.000000 -0.025882
vn 0.096593 0.000000 -0.025882
vn 0.086603 0.000000 -0.050000
vn 0.086603 0.000000 -0.050000
vn 0.070711 0.000000 -0.070711
vn 0.070711 0.000000 -0.070711
vn 0.050000 0.000000 -0.086603
vn 0.050000 0.000000 -0.086603
vn 0.025882 0.000000 -0.096593
vn 0.025882 0.000000 -0.096593
vn 0.000000 0.000000 -0.100000
vn 0.000000 0.000000 -0.100000
vn -0.025882 0.000000 -0.096593
vn -0.025882 0.000000 -0.096593
vn -0.050000 0.000000 -0.086603
vn -0.050000 0.000000 -0.086603
vn -0.070711 0.000000 -0.070711
vn -0.070711 0.000000 -0.070711
vn -0.086603 0.000000 -0.050000
vn -0.086603 0.000000 -0.050000
vn 0.000000 0.100000 0.000000
vn 0.000000 0.100000 0.000000
vn 0.000000 0.100000 0.000000
vn 0.000000 0.100000 0.000000
vn 0.000000 0.100000 0.000000
vn 0.000000 0.100000 0.000000
vn 0.000000 0.100000 0.000000
vn 0.000000 0.100000 0.000000
vn 0.000000 0.100000 0.000000
vn 0.000000 0.100000 0.000000
vn 0.000000 0.100000 0.000000
vn 0.000000 0.100000 0.000000
vn 0.000000 0.100000 0.000000
vn 0.000000 0.100000 0.000000
vn 0.000000 0.100000 0.000000
vn 0.000000 0.100000 0.000000
vn 0.000000 0.100000 0.000000
vn 0.000000 0.100000 0.000000
vn 0.000000 0.100000 0.000000
vn 0.000000 0.100000 0.000000
vn 0.000000 0.100000 0.000000
vn 0.000000 0.100000 0.000000
vn 0.000000 0.100000 0.000000
vn 0.000000 0.100000 0.000000
vn 0.000000 0.100000 0.000000
vn 0.000000 0.100000 0.000000
vn 0.000000 0.100000 0.000000
vn 0.000000 0.100000 0.000000
vn 0.000000 0.100000 0.000000
vn 0.000000 0.100000 0.000000
vn 0.000000 0.100000 0.000000
vn 0.000000 0.100000 0.000000
vn 0.000000 0.100000 0.000000
vn 0.000000 0.100000 0.000000
vn 0.000000 0.100000 0.000000
vn 0.000000 0.100000 0.000000
vn 0.000000 0.100000 0.000000
vn 0.000000 0.100000 0.000000
vn 0.000000 0.100000 0.000000
vn 0.000000 0.100000 0.000000
vn 0.000000 0.100000 0.000000
vn 0.000000 0.100000 0.000000
vn 0.000000 0.100000 0.000000
vn 0.000000 0.100000 0.000000
vn 0.000000 0.100000 0.000000
vn 0.000000 0.100000 0.000000
vn 0.000000 0.100000 0.000000
vn 0.000000 0.100000 0.000000
vn -0.096593 0.000000 0.025882
vn -0.096593 0.000000 0.025882
vn -0.100000 0.000000 0.000000
vn -0.100000 0.000000 0.000000
vn -0.096593 0.000000 -0.025882
vn -0.096593 0.000000 -0.025882
vn -0.086603 0.000000 -0.050000
vn -0.086603 0.000000 -0.050000
vn -0.070711 0.000000 -0.070711
vn -0.070711 0.000000 -0.070711
vn -0.050000 0.000000 -0.086603
vn -0.050000 0.000000 -0.086603
vn -0.025882 0.000000 -0.096593
vn -0.025882 0.000000 -0.096593
vn -0.000000 0.000000 -0.100000
vn -0.000000 0.000000 -0.100000
vn 0.025882 0.000000 -0.096593
vn 0.025882 0.000000 -0.096593
vn 0.050000 0.000000 -0.086603
vn 0.050000 0.000000 -0.086603
vn 0.070711 0.000000 -0.070711
vn 0.070711 0.000000 -0.070711
vn 0.086603 0.000000 -0.050000
vn 0.086603 0.000000 -0.050000
vn 0.096593 0.000000 -0.025882
vn 0.096593 0.000000 -0.025882
vn 0.100000 0.000000 -0.000000
vn 0.100000 0.000000 -0.000000
vn 0.096593 -0.000000 0.025882
vn 0.096593 -0.000000 0.025882
vn 0.086603 -0.000000 0.050000
vn 0.086603 -0.000000 0.050000
vn 0.070711 -0.000000 0.070711
vn 0.070711 -0.000000 0.070711
vn 0.050000 -0.000000 0.086603
vn 0.050000 -0.000000 0.086603
vn 0.025882 -0.000000 0.096593
vn 0.025882 -0.000000 0.096593
vn -0.000000 0.000000 0.100000
vn -0.000000 0.000000 0.100000
vn -0.025882 0.000000 0.096593
vn -0.025882 0.000000 0.096593
vn -0.050000 0.000000 0.086603
vn -0.050000 0.000000 0.086603
vn -0.070711 0.000000 0.070711
vn -0.070711 0.000000 0.070711
vn -0.086603 0.000000 0.050000
vn -0.086603 0.000000 0.050000
vn -0.096593 0.000000 0.025882
vn -0.096593 0.000000 0.025882
vn -0.100000 0.000000 0.000000
vn -0.100000 0.000000 0.000000
vn -0.096593 0.000000 -0.025882
vn -0.096593 0.000000 -0.025882
vn -0.086603 0.000000 -0.050000
vn -0.086603 0.000000 -0.050000
vn -0.070711 0.000000 -0.070711
vn -0.070711 0.000000 -0.070711
vn -0.050000 0.000000 -0.086603
vn -0.050000 0.000000 -0.086603
vn -0.025882 0.000000 -0.096593
vn -0.025882 0.000000 -0.096593
vn -0.000000 0.000000 -0.100000
vn -0.000000 0.000000 -0.100000
vn 0.025882 0.000000 -0.096593
vn 0.025882 0.000000 -0.096593
vn 0.050000 0.000000 -0.086603
vn 0.050000 0.000000 -0.086603
vn 0.070711 0.000000 -0.070711
vn 0.070711 0.000000 -0.070711
vn 0.086603 0.000000 -0.050000
vn 0.086603 0.000000 -0.050000
vn 0.096593 0.000000 -0.025882
vn 0.096593 0.000000 -0.025882
vn 0.100000 0.000000 -0.000000
vn 0.100000 0.000000 -0.000000
vn 0.096593 -0.000000 0.025882
vn 0.096593 -0.000000 0.025882
vn 0.086603 -0.000000 0.050000
vn 0.086603 -0.000000 0.050000
vn 0.070711 -0.000000 0.070711
vn 0.070711 -0.000000 0.070711
vn 0.050000 -0.000000 0.086603
vn 0.050000 -0.000000 0.086603
vn 0.025882 -0.000000 0.096593
vn 0.025882 -0.000000 0.096593
vn -0.000000 0.000000 0.100000
vn -0.000000 0.000000 0.100000
vn -0.025882 0.000000 0.096593
vn -0.025882 0.000000 0.096593
vn -0.050000 0.000000 0.086603
vn -0.050000 0.000000 0.086603
vn -0.070711 0.000000 0.070711
vn -0.070711 0.000000 0.070711
vn -0.086603 0.000000 0.050000
vn -0.086603 0.000000 0.050000
vn -0.096593 0.000000 0.025882
vn -0.096593 0.000000 0.025882
vn -0.100000 0.000000 0.000000
vn -0.100000 0.000000 0.000000
vn -0.096593 0.000000 -0.025882
vn -0.096593 0.000000 -0.025882
vn -0.086603 0.000000 -0.050000
vn -0.086603 0.000000 -0.050000
vn -0.070711 0.000000 -0.070711
vn -0.070711 0.000000 -0.070711
vn -0.050000 0.000000 -0.086603
vn -0.050000 0.000000 -0.086603
vn -0.025882 0.000000 -0.096593
vn -0.025882 0.000000 -0.096593
vn -0.000000 0.000000 -0.100000
vn -0.000000 0.000000 -0.100000
vn 0.025882 0.000000 -0.096593
vn 0.025882 0.000000 -0.096593
vn 0.050000 0.000000 -0.086603
vn 0.050000 0.000000 -0.086603
vn 0.070711 0.000000 -0.070711
vn 0.070711 0.000000 -0.070711
vn 0.086603 0.000000 -0.050000
vn 0.086603 0.000000 -0.050000
vn 0.096593 0.000000 -0.025882
vn 0.096593 0.000000 -0.025882
vn 0.100000 0.000000 -0.000000
vn 0.100000 0.000000 -0.000000
vn 0.096593 -0.000000 0.025882
vn 0.096593 -0.000000 0.025882
vn 0.086603 -0.000000 0.050000
vn 0.086603 -0.000000 0.050000
vn 0.070711 -0.000000 0.070711
vn 0.070711 -0.000000 0.070711
vn 0.050000 -0.000000 0.086603
vn 0.050000 -0.000000 0.086603
vn 0.025882 -0.000000 0.096593
vn 0.025882 -0.000000 0.096593
vn -0.000000 0.000000 0.100000
vn -0.000000 0.000000 0.100000
vn -0.025882 0.000000 0.096593
vn -0.025882 0.000000 0.096593
vn -0.050000 0.000000 0.086603
vn -0.050000 0.000000 0.086603
vn -0.070711 0.000000 0.070711
vn -0.070711 0.000000 0.070711
vn -0.086603 0.000000 0.050000
vn -0.086603 0.000000 0.050000
vn -0.096593 0.000000 0.025882
vn -0.096593 0.000000 0.025882
vn -0.100000 0.000000 0.000000
vn -0.100000 0.000000 0.000000
vn -0.096593 0.000000 -0.025882
vn -0.096593 0.000000 -0.025882
vn -0.086603 0.000000 -0.050000
vn -0.086603 0.000000 -0.050000
vn -0.070711 0.000000 -0.070711
vn -0.070711 0.000000 -0.070711
vn -0.050000 0.000000 -0.086603
vn -0.050000 0.000000 -0.086603
vn -0.025882 0.000000 -0.096593
vn -0.025882 0.000000 -0.096593
vn -0.000000 0.000000 -0.100000
vn -0.000000 0.000000 -0.100000
vn 0.025882 0.000000 -0.096593
vn 0.025882 0.000000 -0.096593
vn 0.050000 0.000000 -0.086603
vn 0.050000 0.000000 -0.086603
vn 0.070711 0.000000 -0.070711
vn 0.070711 0.000000 -0.070711
vn 0.086603 0.000000 -0.050000
vn 0.086603 0.000000 -0.050000
vn 0.096593 0.000000 -0.025882
vn 0.096593 0.000000 -0.025882
vn 0.100000 0.000000 -0.000000
vn 0.100000 0.000000 -0.000000
vn 0.096593 -0.000000 0.025882
vn 0.096593 -0.000000 0.025882
vn 0.086603 -0.000000 0.050000
vn 0.086603 -0.000000 0.050000
vn 0.070711 -0.000000 0.070711
vn 0.070711 -0.000000 0.070711
vn 0.050000 -0.000000 0.086603
vn 0.050000 -0.000000 0.086603
vn 0.025882 -0.000000 0.096593
vn 0.025882 -0.000000 0.096593
vn -0.000000 0.000000 0.100000
vn -0.000000 0.000000 0.100000
vn -0.025882 0.000000 0.096593
vn -0.025882 0.000000 0.096593
vn -0.050000 0.000000 0.086603
vn -0.050000 0.000000 0.086603
vn -0.070711 0.000000 0.070711
vn -0.070711 0.000000 0.070711
vn -0.086603 0.000000 0.050000
vn -0.086603 0.000000 0.050000
vn -0.100000 0.000000 0.000000
vn -0.100000 0.000000 0.000000
vn -0.100000 0.000000 0.000000
vn -0.100000 0.000000 0.000000
vn 0.000000 -0.100000 0.000000
vn 0.000000 -0.100000 0.000000
vn 0.000000 -0.100000 0.000000
vn 0.000000 -0.100000 0.000000
vn 0.000000 -0.100000 0.000000
vn 0.000000 -0.100000 0.000000
vn 0.000000 -0.100000 0.000000
vn 0.000000 -0.100000 0.000000
vn 0.000000 -0.100000 0.000000
vn 0.000000 -0.100000 0.000000
vn 0.000000 -0.100000 0.000000
vn 0.000000 -0.100000 0.000000
vn 0.000000 -0.100000 0.000000
vn 0.000000 -0.100000 0.000000
vn 0.000000 -0.100000 0.000000
vn 0.000000 -0.100000 0.000000
vn 0.000000 -0.100000 0.000000
vn 0.000000 -0.100000 0.000000
vn 0.000000 -0.100000 0.000000
vn 0.000000 -0.100000 0.000000
vn 0.000000 -0.100000 0.000000
vn 0.000000 -0.100000 0.000000
vn 0.000000 -0.100000 0.000000
vn 0.000000 -0.100000 0.000000
vn 0.000000 -0.100000 0.000000
vn 0.000000 -0.100000 0.000000
vn 0.000000 -0.100000 0.000000
vn 0.000000 -0.100000 0.000000
vn 0.000000 -0.100000 0.000000
vn 0.000000 -0.100000 0.000000
vn 0.000000 -0.100000 0.000000
vn 0.000000 -0.100000 0.000000
vn 0.000000 -0.100000 0.000000
vn 0.000000 -0.100000 0.000000
vn 0.000000 -0.100000 0.000000
vn 0.000000 -0.100000 0.000000
vn 0.000000 -0.100000 0.000000
vn 0.000000 -0.100000 0.000000
vn 0.000000 -0.100000 0.000000
vn 0.000000 -0.100000 0.000000
vn 0.000000 -0.100000 0.000000
vn 0.000000 -0.100000 0.000000
vn 0.000000 -0.100000 0.000000
vn 0.000000 -0.100000 0.000000
vn 0.000000 -0.100000 0.000000
vn 0.000000 -0.100000 0.000000
vn 0.000000 -0.100000 0.000000
vn 0.000000 -0.100000 0.000000
vn 0.000000 -0.100000 0.000000
vn 0.000000 -0.100000 0.000000
vn 0.000000 -0.100000 0.000000
vn 0.000000 -0.100000 0.000000
vn 0.000000 -0.100000 0.000000
vn 0.000000 -0.100000 0.000000
vn 0.000000 -0.100000 0.000000
vn 0.000000 -0.100000 0.000000
vn 0.000000 -0.100000 0.000000
vn 0.000000 -0.100000 0.000000
vn 0.000000 -0.100000 0.000000
vn 0.000000 -0.100000 0.000000
vn 0.000000 -0.100000 0.000000
vn 0.000000 -0.100000 0.000000
vn 0.000000 -0.100000 0.000000
vn 0.000000 -0.100000 0.000000
vn 0.000000 -0.100000 0.000000
vn 0.000000 -0.100000 0.000000
vn 0.000000 -0.100000 0.000000
vn 0.000000 -0.100000 0.000000
vn 0.000000 -0.100000 0.000000
vn 0.000000 -0.100000 0.000000
vn 0.000000 -0.100000 0.000000
vn 0.000000 -0.100000 0.000000
vn 0.000000 -0.100000 0.000000
vn 0.000000 -0.100000 0.000000
vn 0.000000 -0.100000 0.000000
vn 0.000000 -0.100000 0.000000
vn 0.000000 -0.100000 0.000000
vn 0.000000 -0.100000 0.000000
vn 0.000000 -0.100000 0.000000
vn 0.000000 -0.100000 0.000000
vn 0.000000 -0.100000 0.000000
vn 0.000000 -0.100000 0.000000
vn 0.000000 -0.100000 0.000000
vn 0.000000 -0.100000 0.000000
vn 0.000000 -0.100000 0.000000
vn 0.000000 -0.100000 0.000000
vn 0.000000 -0.100000 0.000000
vn 0.000000 -0.100000 0.000000
vn 0.000000 -0.100000 0.000000
vn 0.000000 -0.100000 0.000000
vn 0.000000 -0.100000 0.000000
vn 0.000000 -0.100000 0.000000
vn 0.000000 -0.100000 0.000000
vn 0.000000 -0.100000 0.000000
vn 0.000000 -0.100000 0.000000
vn 0.000000 -0.100000 0.000000
vn 0.000000 -0.100000 0.000000
vn 0.000000 -0.100000 0.000000
vn 0.000000 -0.100000 0.000000
vn 0.000000 -0.100000 0.000000
vn 0.000000 -0.100000 0.000000
vn 0.000000 -0.100000 0.000000
vn 0.000000 -0.100000 0.000000
vn 0.000000 -0.100000 0.000000
vn 0.000000 -0.100000 0.000000
vn 0.000000 -0.100000 0.000000
vn 0.000000 -0.100000 0.000000
vn 0.000000 -0.100000 0.000000
vn 0.000000 -0.100000 0.000000
vn 0.000000 -0.100000 0.000000
vn 0.000000 -0.100000 0.000000
vn 0.000000 -0.100000 0.000000
vn 0.000000 -0.100000 0.000000
vn 0.000000 -0.100000 0.000000
vn 0.000000 -0.100000 0.000000
vn 0.000000 -0.100000 0.000000
vn 0.000000 -0.100000 0.000000
vn 0.000000 -0.100000 0.000000
vn 0.000000 -0.100000 0.000000
vn 0.000000 -0.100000 0.000000
vn 0.000000 -0.100000 0.000000
vn 0.000000 -0.100000 0.000000
vn 0.000000 -0.100000 0.000000
vn 0.000000 -0.100000 0.000000
vn 0.000000 -0.100000 0.000000
vn 0.000000 -0.100000 0.000000
vn 0.000000 -0.100000 0.000000
vn 0.000000 -0.100000 0.000000
vn 0.000000 -0.100000 0.000000
vn 0.000000 -0.100000 0.000000
vn 0.000000 -0.100000 0.000000
vn 0.000000 -0.100000 0.000000
vn 0.000000 -0.100000 0.000000
vn 0.000000 -0.100000 0.000000
vn 0.000000 -0.100000 0.000000
vn 0.000000 -0.100000 0.000000
vn 0.000000 -0.100000 0.000000
vn 0.000000 -0.100000 0.000000
vn 0.000000 -0.100000 0.000000
vn 0.000000 -0.100000 0.000000
vn 0.000000 -0.100000 0.000000
vn 0.000000 -0.100000 0.000000
vn 0.000000 -0.100000 0.000000
vn 0.000000 -0.100000 0.000000
vn 0.000000 -0.100000 0.000000
vn 0.000000 -0.100000 0.000000
vn 0.000000 -0.100000 0.000000
vn 0.000000 -0.100000 0.000000
vn 0.000000 -0.100000 0.000000
vn 0.000000 -0.100000 0.000000
vn 0.000000 -0.100000 0.000000
vn 0.000000 -0.100000 0.000000
vn 0.000000 -0.100000 0.000000
vn 0.000000 -0.100000 0.000000
vn 0.000000 -0.100000 0.000000
vn 0.000000 -0.100000 0.000000
vn 0.000000 -0.100000 0.000000
vn 0.000000 -0.100000 0.000000
vn 0.000000 -0.100000 0.000000
vn 0.000000 -0.100000 0.000000
vn 0.000000 -0.100000 0.000000
vn 0.000000 -0.100000 0.000000
vn 0.000000 -0.100000 0.000000
vn 0.000000 -0.100000 0.000000
vn 0.000000 -0.100000 0.000000
vn 0.000000 -0.100000 0.000000
vn 0.000000 -0.100000 0.000000
vn 0.000000 -0.100000 0.000000
vn 0.000000 -0.100000 0.000000
vn 0.000000 -0.100000 0.000000
vn 0.000000 -0.100000 0.000000
vn 0.000000 -0.100000 0.000000
vn 0.000000 -0.100000 0.000000
vn 0.000000 -0.100000 0.000000
vn 0.000000 -0.100000 0.000000
vn 0.000000 -0.100000 0.000000
vn 0.000000 -0.100000 0.000000
vn 0.000000 -0.100000 0.000000
vn 0.000000 -0.100000 0.000000
vn 0.000000 -0.100000 0.000000
vn 0.000000 -0.100000 0.000000
vn 0.000000 -0.100000 0.000000
vn 0.000000 -0.100000 0.000000
vn 0.000000 -0.100000 0.000000
vn 0.000000 -0.100000 0.000000
vn 0.000000 -0.100000 0.000000
vn 0.000000 -0.100000 0.000000
vn 0.000000 -0.100000 0.000000
vn 0.000000 -0.100000 0.000000
vn 0.000000 -0.100000 0.000000
vn 0.000000 -0.100000 0.000000
vn 0.000000 -0.100000 0.000000
vn 0.000000 -0.100000 0.000000
vn 0.000000 -0.100000 0.000000
vn 0.000000 -0.100000 0.000000
vn 0.000000 -0.100000 0.000000
vn 0.000000 -0.100000 0.000000
vn 0.000000 -0.100000 0.000000
vn 0.000000 -0.100000 0.000000
vn 0.000000 -0.100000 0.000000
vn 0.000000 -0.100000 0.000000
vn 0.000000 -0.100000 0.000000
vn 0.000000 -0.100000 0.000000
vn 0.000000 -0.100000 0.000000
vn 0.000000 -0.100000 0.000000
vn 0.000000 -0.100000 0.000000
vn 0.000000 -0.100000 0.000000
vn 0.000000 -0.100000 0.000000
vn 0.000000 -0.100000 0.000000
vn 0.000000 -0.100000 0.000000
vn 0.000000 -0.100000 0.000000
vn 0.000000 -0.100000 0.000000
vn 0.000000 -0.100000 0.000000
vn 0.000000 -0.100000 0.000000
vn 0.000000 -0.100000 0.000000
vn 0.000000 -0.100000 0.000000
vn 0.000000 -0.100000 0.000000
vn 0.000000 -0.100000 0.000000
vn 0.000000 -0.100000 0.000000
vn 0.000000 -0.100000 0.000000
vn 0.000000 -0.100000 0.000000
vn 0.000000 -0.100000 0.000000
vn 0.000000 -0.100000 0.000000
vn 0.000000 -0.100000 0.000000
vn 0.000000 -0.100000 0.000000
vn 0.000000 -0.100000 0.000000
vn 0.000000 -0.100000 0.000000
vn 0.000000 -0.100000 0.000000
vn 0.000000 -0.100000 0.000000
vn 0.000000 -0.100000 0.000000
vn 0.000000 -0.100000 0.000000
vn 0.000000 -0.100000 0.000000
vn 0.000000 -0.100000 0.000000
vn 0.000000 -0.100000 0.000000
vn 0.000000 -0.100000 0.000000
vn 0.000000 -0.100000 0.000000
vn 0.000000 -0.100000 0.000000
vn 0.000000 -0.100000 0.000000
vn 0.000000 -0.100000 0.000000
vn 0.000000 -0.100000 0.000000
vn 0.000000 -0.100000 0.000000
vn 0.000000 -0.100000 0.000000
vn 0.000000 -0.100000 0.000000
vn 0.000000 -0.100000 0.000000
vn 0.000000 -0.100000 0.000000
vn 0.000000 -0.100000 0.000000
vn 0.000000 -0.100000 0.000000
vn 0.000000 -0.100000 0.000000
vn 0.000000 -0.100000 0.000000
vn 0.000000 -0.100000 0.000000
vn 0.000000 -0.100000 0.000000
vn 0.000000 -0.100000 0.000000
vn 0.000000 -0.100000 0.000000
vn 0.000000 -0.100000 0.000000
vn 0.000000 -0.100000 0.000000
vn 0.000000 -0.100000 0.000000
vn 0.000000 -0.100000 0.000000
vn 0.000000 -0.100000 0.000000
vn 0.000000 -0.100000 0.000000
vn 0.000000 -0.100000 0.000000
vn 0.000000 -0.100000 0.000000
vn 0.000000 -0.100000 0.000000
vn 0.000000 -0.100000 0.000000
vn 0.000000 -0.100000 0.000000
vn 0.000000 -0.100000 0.000000
vn 0.000000 -0.100000 0.000000
vn 0.000000 -0.100000 0.000000
vn 0.000000 -0.100000 0.000000
vn 0.000000 -0.100000 0.000000
vn 0.000000 -0.100000 0.000000
vn 0.000000 -0.100000 0.000000
vn 0.000000 -0.100000 0.000000
vn 0.000000 -0.100000 0.000000
vn 0.000000 -0.100000 0.000000
vn 0.000000 -0.100000 0.000000
vn 0.000000 -0.100000 0.000000
vn 0.000000 -0.100000 0.000000
vn 0.000000 -0.100000 0.000000
vn 0.000000 -0.100000 0.000000
vn 0.000000 -0.100000 0.000000
vn 0.000000 -0.100000 0.000000
vn 0.000000 -0.100000 0.000000
vn 0.000000 -0.100000 0.000000
vn 0.000000 -0.100000 0.000000
vn 0.000000 -0.100000 0.000000
vn 0.000000 -0.100000 0.000000
vn 0.000000 -0.100000 0.000000
vn 0.000000 -0.100000 0.000000
vn 0.000000 -0.100000 0.000000
vn 0.000000 -0.100000 0.000000
vn 0.000000 -0.100000 0.000000
vn 0.000000 -0.100000 0.000000
vn 0.000000 -0.100000 0.000000
vn 0.000000 -0.100000 0.000000
vn 0.000000 -0.100000 0.000000
vn 0.000000 -0.100000 0.000000
vn 0.000000 -0.100000 0.000000
vn 0.000000 -0.100000 0.000000
vn 0.000000 -0.100000 0.000000
vn 0.000000 -0.100000 0.000000
vn 0.000000 -0.100000 0.000000
vn 0.000000 -0.100000 0.000000
vn 0.000000 -0.100000 0.000000
vn 0.000000 -0.100000 0.000000
vn 0.000000 -0.100000 0.000000
vn 0.000000 -0.100000 0.000000
vn 0.000000 -0.100000 0.000000
vn 0.000000 -0.100000 0.000000
vn 0.000000 -0.100000 0.000000
vn 0.000000 -0.100000 0.000000
vn 0.000000 -0.100000 0.000000
vn 0.000000 -0.100000 0.000000
vn 0.000000 -0.100000 0.000000
vn 0.000000 -0.100000 0.000000
vn 0.000000 -0.100000 0.000000
vn 0.000000 -0.100000 0.000000
vn 0.000000 -0.100000 0.000000
vn 0.000000 -0.100000 0.000000
vn 0.000000 -0.100000 0.000000
vn 0.000000 -0.100000 0.000000
vn 0.000000 -0.100000 0.000000
vn 0.000000 -0.100000 0.000000
vn 0.000000 -0.100000 0.000000
vn 0.000000 -0.100000 0.000000
vn 0.000000 -0.100000 0.000000
vn 0.000000 -0.100000 0.000000
vn 0.000000 -0.100000 0.000000
vn 0.000000 -0.100000 0.000000
vn 0.000000 -0.100000 0.000000
vn 0.000000 -0.100000 0.000000
vn 0.000000 -0.100000 0.000000
vn 0.000000 -0.100000 0.000000
vn 0.000000 -0.100000 0.000000
vn 0.000000 -0.100000 0.000000
vn 0.000000 -0.100000 0.000000
vn 0.000000 -0.100000 0.000000
vn 0.000000 -0.100000 0.000000
vn 0.000000 -0.100000 0.000000
vn 0.000000 -0.100000 0.000000
vn 0.000000 -0.100000 0.000000
vn 0.000000 -0.100000 0.000000
vn 0.000000 -0.100000 0.000000
vn 0.000000 -0.100000 0.000000
vn 0.000000 -0.100000 0.000000
vn 0.000000 -0.100000 0.000000
vn 0.000000 -0.100000 0.000000
vn 0.000000 -0.100000 0.000000
vn 0.000000 -0.100000 0.000000
vn 0.000000 -0.100000 0.000000
vn 0.000000 -0.100000 0.000000
vn 0.000000 -0.100000 0.000000
vn 0.000000 -0.100000 0.000000
vn 0.000000 -0.100000 0.000000
vn 0.000000 -0.100000 0.000000
vn 0.000000 -0.100000 0.000000
vn 0.000000 -0.100000 0.000000
vn 0.000000 -0.100000 0.000000
vn 0.000000 -0.100000 0.000000
vn 0.000000 -0.100000 0.000000
vn 0.000000 -0.100000 0.000000
vn 0.000000 -0.100000 0.000000
vn 0.000000 -0.100000 0.000000
vn 0.000000 -0.100000 0.000000
vn 0.000000 -0.100000 0.000000
vn 0.000000 -0.100000 0.000000
vn 0.000000 -0.100000 0.000000
vn 0.000000 -0.100000 0.000000
vn 0.000000 -0.100000 0.000000
vn 0.000000 -0.100000 0.000000
vn 0.000000 -0.100000 0.000000
vn 0.000000 -0.100000 0.000000
vn 0.000000 -0.100000 0.000000
vn 0.000000 -0.100000 0.000000
vn 0.000000 -0.100000 0.000000
vn 0.000000 -0.100000 0.000000
vn 0.000000 -0.100000 0.000000
vn 0.000000 -0.100000 0.000000
vn 0.000000 -0.100000 0.000000
vn 0.000000 -0.100000 0.000000
vn 0.000000 -0.100000 0.000000
vn 0.000000 -0.100000 0.000000
vn 0.000000 -0.100000 0.000000
vn 0.000000 -0.100000 0.000000
vn 0.000000 -0.100000 0.000000
vn 0.000000 -0.100000 0.000000
vn 0.000000 -0.100000 0.000000
vn 0.000000 -0.100000 0.000000
vn 0.000000 -0.100000 0.000000
vn 0.000000 -0.100000 0.000000
vn 0.000000 -0.100000 0.000000
vn 0.000000 -0.100000 0.000000
vn 0.000000 -0.100000 0.000000
vn 0.000000 -0.100000 0.000000
vn 0.000000 -0.100000 0.000000
vn 0.000000 -0.100000 0.000000
vn 0.000000 -0.100000 0.000000
vn 0.000000 -0.100000 0.000000
vn 0.000000 -0.100000 0.000000
vn 0.000000 -0.100000 0.000000
vn 0.000000 -0.100000 0.000000
vn 0.000000 -0.100000 0.000000
vn 0.000000 -0.100000 0.000000
vn 0.000000 -0.100000 0.000000
vn 0.000000 -0.100000 0.000000
vn 0.000000 -0.100000 0.000000
vn 0.000000 -0.100000 0.000000
vn 0.000000 -0.100000 0.000000
vn 0.000000 -0.100000 0.000000
vn 0.000000 -0.100000 0.000000
vn 0.000000 -0.100000 0.000000
vn 0.000000 -0.100000 0.000000
vn 0.000000 -0.100000 0.000000
vn 0.000000 -0.100000 0.000000
vn 0.000000 -0.100000 0.000000
vn 0.000000 -0.100000 0.000000
vn 0.000000 -0.100000 0.000000
vn 0.000000 -0.100000 0.000000
vn 0.000000 -0.100000 0.000000
vn 0.000000 -0.100000 0.000000
vn 0.000000 -0.100000 0.000000
vn 0.000000 -0.100000 0.000000
vn 0.000000 -0.100000 0.000000
vn 0.000000 -0.100000 0.000000
vn 0.000000 -0.100000 0.000000
vn 0.000000 -0.100000 0.000000
vn 0.000000 -0.100000 0.000000
vn 0.000000 -0.100000 0.000000
vn 0.000000 -0.100000 0.000000
vn 0.000000 -0.100000 0.000000
vn 0.000000 -0.100000 0.000000
vn 0.000000 -0.100000 0.000000
vn 0.000000 -0.100000 0.000000
vn 0.000000 -0.100000 0.000000
vn 0.000000 -0.100000 0.000000
vn 0.000000 -0.100000 0.000000
vn 0.000000 -0.100000 0.000000
vn 0.000000 -0.100000 0.000000
vn 0.000000 -0.100000 0.000000
vn 0.000000 -0.100000 0.000000
vn 0.000000 -0.100000 0.000000
vn 0.000000 -0.100000 0.000000
vn 0.000000 -0.100000 0.000000
vn 0.000000 -0.100000 0.000000
vn 0.000000 -0.100000 0.000000
vn 0.000000 -0.100000 0.000000
vn 0.000000 -0.100000 0.000000
vn 0.000000 -0.100000 0.000000
vn 0.000000 -0.100000 0.000000
vn 0.000000 -0.100000 0.000000
vn 0.000000 -0.100000 0.000000
vn 0.000000 -0.100000 0.000000
vn 0.000000 -0.100000 0.000000
vn 0.000000 -0.100000 0.000000
vn 0.000000 -0.100000 0.000000
vn 0.000000 -0.100000 0.000000
vn 0.000000 -0.100000 0.000000
vn 0.000000 -0.100000 0.000000
vn 0.000000 -0.100000 0.000000
vn 0.000000 -0.100000 0.000000
vn 0.000000 -0.100000 0.000000
vn 0.000000 -0.100000 0.000000
vn 0.000000 -0.100000 0.000000
vn 0.000000 -0.100000 0.000000
vn 0.000000 -0.100000 0.000000
vn 0.000000 -0.100000 0.000000
vn 0.000000 -0.100000 0.000000
vn 0.000000 -0.100000 0.000000
vn 0.000000 -0.100000 0.000000
vn 0.000000 -0.100000 0.000000
vn 0.000000 -0.100000 0.000000
vn 0.000000 -0.100000 0.000000
vn 0.000000 -0.100000 0.000000
vn 0.000000 -0.100000 0.000000
vn 0.000000 -0.100000 0.000000
vn 0.000000 -0.100000 0.000000
vn 0.000000 -0.100000 0.000000
vn 0.000000 -0.100000 0.000000
vn 0.000000 -0.100000 0.000000
vn 0.000000 -0.100000 0.000000
vn 0.000000 -0.100000 0.000000
vn 0.000000 -0.100000 0.000000
vn 0.000000 -0.100000 0.000000
vn 0.000000 -0.100000 0.000000
vn 0.000000 -0.100000 0.000000
vn 0.000000 -0.100000 0.000000
vn 0.000000 -0.100000 0.000000
vn 0.000000 -0.100000 0.000000
vn 0.000000 -0.100000 0.000000
vn 0.000000 -0.100000 0.000000
vn 0.000000 -0.100000 0.000000
vn 0.000000 -0.100000 0.000000
vn 0.000000 -0.100000 0.000000
vn 0.000000 -0.100000 0.000000
vn 0.000000 -0.100000 0.000000
vn 0.000000 -0.100000 0.000000
vn 0.000000 -0.100000 0.000000
vn 0.000000 -0.100000 0.000000
vn 0.000000 -0.100000 0.000000
vn 0.000000 -0.100000 0.000000
vn 0.000000 -0.100000 0.000000
vn 0.000000 -0.100000 0.000000
vn 0.000000 -0.100000 0.000000
vn 0.000000 -0.100000 0.000000
vn 0.000000 -0.100000 0.000000
vn 0.000000 -0.100000 0.000000
vn 0.000000 -0.100000 0.000000
vn 0.000000 -0.100000 0.000000
vn 0.000000 -0.100000 0.000000
vn 0.000000 -0.100000 0.000000
vn 0.000000 -0.100000 0.000000
vn 0.000000 -0.100000 0.000000
vn 0.000000 -0.100000 0.000000
vn 0.000000 -0.100000 0.000000
vn 0.000000 -0.100000 0.000000
vn 0.000000 -0.100000 0.000000
vn 0.000000 -0.100000 0.000000
vn 0.000000 -0.100000 0.000000
vn 0.000000 -0.100000 0.000000
vn 0.000000 -0.100000 0.000000
vn 0.000000 -0.100000 0.000000
vn 0.000000 -0.100000 0.000000
vn 0.000000 -0.100000 0.000000
vn 0.000000 -0.100000 0.000000
vn 0.000000 -0.100000 0.000000
vn 0.000000 -0.100000 0.000000
vn 0.000000 -0.100000 0.000000
vn 0.000000 -0.100000 0.000000
vn 0.000000 -0.100000 0.000000
vn 0.000000 -0.100000 0.000000
vn 0.000000 -0.100000 0.000000
vn 0.000000 -0.100000 0.000000
vn 0.000000 -0.100000 0.000000
vn 0.000000 -0.100000 0.000000
vn 0.000000 -0.100000 0.000000
vn 0.000000 -0.100000 0.000000
vn 0.000000 -0.100000 0.000000
vn 0.000000 -0.100000 0.000000
vn 0.000000 -0.100000 0.000000
vn 0.000000 -0.100000 0.000000
vn 0.000000 -0.100000 0.000000
vn 0.000000 -0.100000 0.000000
vn 0.000000 -0.100000 0.000000
vn 0.000000 -0.100000 0.000000
vn 0.000000 -0.100000 0.000000
vn 0.000000 -0.100000 0.000000
vn 0.000000 -0.100000 0.000000
vn 0.000000 -0.100000 0.000000
vn 0.000000 -0.100000 0.000000
vn 0.000000 -0.100000 0.000000
vn 0.000000 -0.100000 0.000000
vn 0.000000 -0.100000 0.000000
vn 0.000000 -0.100000 0.000000
vn 0.000000 -0.100000 0.000000
vn 0.000000 -0.100000 0.000000
vn 0.000000 -0.100000 0.000000
vn 0.000000 -0.100000 0.000000
vn 0.000000 -0.100000 0.000000
vn 0.000000 -0.100000 0.000000
vn 0.000000 -0.100000 0.000000
vn 0.000000 -0.100000 0.000000
vn 0.000000 -0.100000 0.000000
vn 0.000000 -0.100000 0.000000
vn 0.000000 -0.100000 0.000000
vn 0.000000 -0.100000 0.000000
vn 0.000000 -0.100000 0.000000
vn 0.000000 -0.100000 0.000000
vn 0.000000 -0.100000 0.000000
vn 0.000000 -0.100000 0.000000
vn 0.000000 -0.100000 0.000000
vn 0.000000 -0.100000 0.000000
vn 0.000000 -0.100000 0.000000
vn 0.000000 -0.100000 0.000000
vn 0.000000 -0.100000 0.000000
vn 0.000000 -0.100000 0.000000
vn 0.000000 -0.100000 0.000000
vn 0.000000 -0.100000 0.000000
vn 0.000000 -0.100000 0.000000
vn 0.000000 -0.100000 0.000000
vn 0.000000 -0.100000 0.000000
vn 0.000000 -0.100000 0.000000
vn 0.000000 -0.100000 0.000000
vn 0.000000 -0.100000 0.000000
vn 0.000000 -0.100000 0.000000
vn 0.000000 -0.100000 0.000000
vn 0.100000 -0.000000 0.000000
vn 0.100000 -0.000000 0.000000
vn 0.100000 -0.000000 0.000000
vn 0.100000 -0.000000 0.000000
vn 0.000000 0.100000 0.000000
vn 0.000000 0.100000 0.000000
vn 0.000000 0.100000 0.000000
vn 0.000000 0.100000 0.000000
vn 0.000000 0.100000 0.000000
vn 0.000000 0.100000 0.000000
vn 0.000000 0.100000 0.000000
vn 0.000000 0.100000 0.000000
vn 0.000000 0.100000 0.000000
vn 0.000000 0.100000 0.000000
vn 0.000000 0.100000 0.000000
vn 0.000000 0.100000 0.000000
vn 0.000000 0.100000 0.000000
vn 0.000000 0.100000 0.000000
vn 0.000000 0.100000 0.000000
vn 0.000000 0.100000 0.000000
vn 0.000000 0.100000 0.000000
vn 0.000000 0.100000 0.000000
vn 0.000000 0.100000 0.000000
vn 0.000000 0.100000 0.000000
vn 0.000000 0.100000 0.000000
vn 0.000000 0.100000 0.000000
vn 0.000000 0.100000 0.000000
vn 0.000000 0.100000 0.000000
vn 0.000000 0.100000 0.000000
vn 0.000000 0.100000 0.000000
vn 0.000000 0.100000 0.000000
vn 0.000000 0.100000 0.000000
vn 0.000000 0.100000 0.000000
vn 0.000000 0.100000 0.000000
vn 0.000000 0.100000 0.000000
vn 0.000000 0.100000 0.000000
vn 0.000000 0.100000 0.000000
vn 0.000000 0.100000 0.000000
vn 0.000000 0.100000 0.000000
vn 0.000000 0.100000 0.000000
vn 0.000000 0.100000 0.000000
vn 0.000000 0.100000 0.000000
vn 0.000000 0.100000 0.000000
vn 0.000000 0.100000 0.000000
vn 0.000000 0.100000 0.000000
vn 0.000000 0.100000 0.000000
vn 0.000000 0.100000 0.000000
vn 0.000000 0.100000 0.000000
vn 0.000000 0.100000 0.000000
vn 0.000000 0.100000 0.000000
vn 0.000000 0.100000 0.000000
vn 0.000000 0.100000 0.000000
vn 0.000000 0.100000 0.000000
vn 0.000000 0.100000 0.000000
vn 0.000000 0.100000 0.000000
vn 0.000000 0.100000 0.000000
vn 0.000000 0.100000 0.000000
vn 0.000000 0.100000 0.000000
vn 0.000000 0.100000 0.000000
vn 0.000000 0.100000 0.000000
vn 0.000000 0.100000 0.000000
vn 0.000000 0.100000 0.000000
vn 0.000000 0.100000 0.000000
vn 0.000000 0.100000 0.000000
vn 0.000000 0.100000 0.000000
vn 0.000000 0.100000 0.000000
vn 0.000000 0.100000 0.000000
vn 0.000000 0.100000 0.000000
vn 0.000000 0.100000 0.000000
vn 0.000000 0.100000 0.000000
vn 0.000000 0.100000 0.000000
vn 0.000000 0.100000 0.000000
vn 0.000000 0.100000 0.000000
vn 0.000000 0.100000 0.000000
vn 0.000000 0.100000 0.000000
vn 0.000000 0.100000 0.000000
vn 0.000000 0.100000 0.000000
vn 0.000000 0.100000 0.000000
vn 0.000000 0.100000 0.000000
vn 0.000000 0.100000 0.000000
vn 0.000000 0.100000 0.000000
vn 0.000000 0.100000 0.000000
vn 0.000000 0.100000 0.000000
vn 0.000000 0.100000 0.000000
vn 0.000000 0.100000 0.000000
vn 0.000000 0.100000 0.000000
vn 0.000000 0.100000 0.000000
vn 0.000000 0.100000 0.000000
vn 0.000000 0.100000 0.000000
vn 0.000000 0.100000 0.000000
vn 0.000000 0.100000 0.000000
vn 0.000000 0.100000 0.000000
vn 0.000000 0.100000 0.000000
vn 0.000000 0.100000 0.000000
vn 0.000000 0.100000 0.000000
vn 0.000000 0.100000 0.000000
vn 0.000000 0.100000 0.000000
vn 0.000000 0.100000 0.000000
vn 0.000000 0.100000 0.000000
vn 0.000000 0.100000 0.000000
vn 0.000000 0.100000 0.000000
vn 0.000000 0.100000 0.000000
vn 0.000000 0.100000 0.000000
vn 0.000000 0.100000 0.000000
vn 0.000000 0.100000 0.000000
vn 0.000000 0.100000 0.000000
vn 0.000000 0.100000 0.000000
vn 0.000000 0.100000 0.000000
vn 0.000000 0.100000 0.000000
vn 0.000000 0.100000 0.000000
vn 0.000000 0.100000 0.000000
vn 0.000000 0.100000 0.000000
vn 0.000000 0.100000 0.000000
vn 0.000000 0.100000 0.000000
vn 0.000000 0.100000 0.000000
vn 0.000000 0.100000 0.000000
vn 0.000000 0.100000 0.000000
vn 0.000000 0.100000 0.000000
vn 0.000000 0.100000 0.000000
vn 0.000000 0.100000 0.000000
vn 0.000000 0.100000 0.000000
vn 0.000000 0.100000 0.000000
vn 0.000000 0.100000 0.000000
vn 0.000000 0.100000 0.000000
vn 0.000000 0.100000 0.000000
vn 0.000000 0.100000 0.000000
vn 0.000000 0.100000 0.000000
vn 0.000000 0.100000 0.000000
vn 0.000000 0.100000 0.000000
vn 0.000000 0.100000 0.000000
vn 0.000000 0.100000 0.000000
vn 0.000000 0.100000 0.000000
vn 0.000000 0.100000 0.000000
vn 0.000000 0.100000 0.000000
vn 0.000000 0.100000 0.000000
vn 0.000000 0.100000 0.000000
vn 0.000000 0.100000 0.000000
vn 0.000000 0.100000 0.000000
vn 0.000000 0.100000 0.000000
vn 0.000000 0.100000 0.000000
vn 0.000000 0.100000 0.000000
vn 0.000000 0.100000 0.000000
vn 0.000000 0.100000 0.000000
vn 0.000000 0.100000 0.000000
vn 0.000000 0.100000 0.000000
vn 0.000000 0.100000 0.000000
vn 0.000000 0.100000 0.000000
vn 0.000000 0.100000 0.000000
vn 0.000000 0.100000 0.000000
vn 0.000000 0.100000 0.000000
vn 0.000000 0.100000 0.000000
vn 0.000000 0.100000 0.000000
vn 0.000000 0.100000 0.000000
vn 0.000000 0.100000 0.000000
vn 0.000000 0.100000 0.000000
vn 0.000000 0.100000 0.000000
vn 0.000000 0.100000 0.000000
vn 0.000000 0.100000 0.000000
vn 0.000000 0.100000 0.000000
vn 0.000000 0.100000 0.000000
vn 0.000000 0.100000 0.000000
vn 0.000000 0.100000 0.000000
vn 0.000000 0.100000 0.000000
vn 0.000000 0.100000 0.000000
vn 0.000000 0.100000 0.000000
vn 0.000000 0.100000 0.000000
vn 0.000000 0.100000 0.000000
vn 0.000000 0.100000 0.000000
vn 0.000000 0.100000 0.000000
vn 0.000000 0.100000 0.000000
vn 0.000000 0.100000 0.000000
vn 0.000000 0.100000 0.000000
vn 0.000000 0.100000 0.000000
vn 0.000000 0.100000 0.000000
vn 0.000000 0.100000 0.000000
vn 0.000000 0.100000 0.000000
vn 0.000000 0.100000 0.000000
vn 0.000000 0.100000 0.000000
vn 0.000000 0.100000 0.000000
vn 0.000000 0.100000 0.000000
vn 0.000000 0.100000 0.000000
vn 0.000000 0.100000 0.000000
vn 0.000000 0.100000 0.000000
vn 0.000000 0.100000 0.000000
vn 0.000000 0.100000 0.000000
vn 0.000000 0.100000 0.000000
vn 0.000000 0.100000 0.000000
vn 0.000000 0.100000 0.000000
vn 0.000000 0.100000 0.000000
vn 0.000000 0.100000 0.000000
vn 0.000000 0.100000 0.000000
vn 0.000000 0.100000 0.000000
vn 0.000000 0.100000 0.000000
vn 0.000000 0.100000 0.000000
vn 0.000000 0.100000 0.000000
vn 0.000000 0.100000 0.000000
vn 0.000000 0.100000 0.000000
vn 0.000000 0.100000 0.000000
vn 0.000000 0.100000 0.000000
vn 0.000000 0.100000 0.000000
vn 0.000000 0.100000 0.000000
vn 0.000000 0.100000 0.000000
vn 0.000000 0.100000 0.000000
vn 0.000000 0.100000 0.000000
vn 0.000000 0.100000 0.000000
vn 0.000000 0.100000 0.000000
vn 0.000000 0.100000 0.000000
vn 0.000000 0.100000 0.000000
vn 0.000000 0.100000 0.000000
vn 0.000000 0.100000 0.000000
vn 0.000000 0.100000 0.000000
vn 0.000000 0.100000 0.000000
vn 0.000000 0.100000 0.000000
vn 0.000000 0.100000 0.000000
vn 0.000000 0.100000 0.000000
vn 0.000000 0.100000 0.000000
vn 0.000000 0.100000 0.000000
vn 0.000000 0.100000 0.000000
vn 0.000000 0.100000 0.000000
vn 0.000000 0.100000 0.000000
vn 0.000000 0.100000 0.000000
vn 0.000000 0.100000 0.000000
vn 0.000000 0.100000 0.000000
vn 0.000000 0.100000 0.000000
vn 0.000000 0.100000 0.000000
vn 0.000000 0.100000 0.000000
vn 0.000000 0.100000 0.000000
vn 0.000000 0.100000 0.000000
vn 0.000000 0.100000 0.000000
vn 0.000000 0.100000 0.000000
vn 0.000000 0.100000 0.000000
vn 0.000000 0.100000 0.000000
vn 0.000000 0.100000 0.000000
vn 0.000000 0.100000 0.000000
vn 0.000000 0.100000 0.000000
vn 0.000000 0.100000 0.000000
vn 0.000000 0.100000 0.000000
vn 0.000000 0.100000 0.000000
vn 0.000000 0.100000 0.000000
vn 0.000000 0.100000 0.000000
vn 0.000000 0.100000 0.000000
vn 0.000000 0.100000 0.000000
vn 0.000000 0.100000 0.000000
vn 0.000000 0.100000 0.000000
vn 0.000000 0.100000 0.000000
vn 0.000000 0.100000 0.000000
vn 0.000000 0.100000 0.000000
vn 0.000000 0.100000 0.000000
vn 0.000000 0.100000 0.000000
vn 0.000000 0.100000 0.000000
vn 0.000000 0.100000 0.000000
vn 0.000000 0.100000 0.000000
vn 0.000000 0.100000 0.000000
vn 0.000000 0.100000 0.000000
vn 0.000000 0.100000 0.000000
vn 0.000000 0.100000 0.000000
vn 0.000000 0.100000 0.000000
vn 0.000000 0.100000 0.000000
vn 0.000000 0.100000 0.000000
vn 0.000000 0.100000 0.000000
vn 0.000000 0.100000 0.000000
vn 0.000000 0.100000 0.000000
vn 0.000000 0.100000 0.000000
vn 0.000000 0.100000 0.000000
vn 0.000000 0.100000 0.000000
vn 0.000000 0.100000 0.000000
vn 0.000000 0.100000 0.000000
vn 0.000000 0.100000 0.000000
vn 0.000000 0.100000 0.000000
vn 0.000000 0.100000 0.000000
vn 0.000000 0.100000 0.000000
vn 0.000000 0.100000 0.000000
vn 0.000000 0.100000 0.000000
vn 0.000000 0.100000 0.000000
vn 0.000000 0.100000 0.000000
vn 0.000000 0.100000 0.000000
vn 0.000000 0.100000 0.000000
vn 0.000000 0.100000 0.000000
vn 0.000000 0.100000 0.000000
vn 0.000000 0.100000 0.000000
vn 0.000000 0.100000 0.000000
vn 0.000000 0.100000 0.000000
vn 0.000000 0.100000 0.000000
vn 0.000000 0.100000 0.000000
vn 0.000000 0.100000 0.000000
vn 0.000000 0.100000 0.000000
vn 0.000000 0.100000 0.000000
vn 0.000000 0.100000 0.000000
vn 0.000000 0.100000 0.000000
vn 0.000000 0.100000 0.000000
vn 0.000000 0.100000 0.000000
vn 0.000000 0.100000 0.000000
vn 0.000000 0.100000 0.000000
vn 0.000000 0.100000 0.000000
vn 0.000000 0.100000 0.000000
vn 0.000000 0.100000 0.000000
vn 0.000000 0.100000 0.000000
vn 0.000000 0.100000 0.000000
vn 0.000000 0.100000 0.000000
vn 0.000000 0.100000 0.000000
vn 0.000000 0.100000 0.000000
vn 0.000000 0.100000 0.000000
vn 0.000000 0.100000 0.000000
vn 0.000000 0.100000 0.000000
vn 0.000000 0.100000 0.000000
vn 0.000000 0.100000 0.000000
vn 0.000000 0.100000 0.000000
vn 0.000000 0.100000 0.000000
vn 0.000000 0.100000 0.000000
vn 0.000000 0.100000 0.000000
vn 0.000000 0.100000 0.000000
vn 0.000000 0.100000 0.000000
vn 0.000000 0.100000 0.000000
vn 0.000000 0.100000 0.000000
vn 0.000000 0.100000 0.000000
vn 0.000000 0.100000 0.000000
vn 0.000000 0.100000 0.000000
vn 0.000000 0.100000 0.000000
vn 0.000000 0.100000 0.000000
vn 0.000000 0.100000 0.000000
vn 0.000000 0.100000 0.000000
vn 0.000000 0.100000 0.000000
vn 0.000000 0.100000 0.000000
vn 0.000000 0.100000 0.000000
vn 0.000000 0.100000 0.000000
vn 0.000000 0.100000 0.000000
vn 0.000000 0.100000 0.000000
vn 0.000000 0.100000 0.000000
vn 0.000000 0.100000 0.000000
vn 0.000000 0.100000 0.000000
vn 0.000000 0.100000 0.000000
vn 0.000000 0.100000 0.000000
vn 0.000000 0.100000 0.000000
vn 0.000000 0.100000 0.000000
vn 0.000000 0.100000 0.000000
vn 0.000000 0.100000 0.000000
vn 0.000000 0.100000 0.000000
vn 0.000000 0.100000 0.000000
vn 0.000000 0.100000 0.000000
vn 0.000000 0.100000 0.000000
vn 0.000000 0.100000 0.000000
vn 0.000000 0.100000 0.000000
vn 0.000000 0.100000 0.000000
vn 0.000000 0.100000 0.000000
vn 0.000000 0.100000 0.000000
vn 0.000000 0.100000 0.000000
vn 0.000000 0.100000 0.000000
vn 0.000000 0.100000 0.000000
vn 0.000000 0.100000 0.000000
vn 0.000000 0.100000 0.000000
vn 0.000000 0.100000 0.000000
vn 0.000000 0.100000 0.000000
vn 0.000000 0.100000 0.000000
vn 0.000000 0.100000 0.000000
vn 0.000000 0.100000 0.000000
vn 0.000000 0.100000 0.000000
vn 0.000000 0.100000 0.000000
vn 0.000000 0.100000 0.000000
vn 0.000000 0.100000 0.000000
vn 0.000000 0.100000 0.000000
vn 0.000000 0.100000 0.000000
vn 0.000000 0.100000 0.000000
vn 0.000000 0.100000 0.000000
vn 0.000000 0.100000 0.000000
vn 0.000000 0.100000 0.000000
vn 0.000000 0.100000 0.000000
vn 0.000000 0.100000 0.000000
vn 0.000000 0.100000 0.000000
vn 0.000000 0.100000 0.000000
vn 0.000000 0.100000 0.000000
vn 0.000000 0.100000 0.000000
vn 0.000000 0.100000 0.000000
vn 0.000000 0.100000 0.000000
vn 0.000000 0.100000 0.000000
vn 0.000000 0.100000 0.000000
vn 0.000000 0.100000 0.000000
vn 0.000000 0.100000 0.000000
vn 0.000000 0.100000 0.000000
vn 0.000000 0.100000 0.000000
vn 0.000000 0.100000 0.000000
vn 0.000000 0.100000 0.000000
vn 0.000000 0.100000 0.000000
vn 0.000000 0.100000 0.000000
vn 0.000000 0.100000 0.000000
vn 0.000000 0.100000 0.000000
vn 0.000000 0.100000 0.000000
vn 0.000000 0.100000 0.000000
vn 0.000000 0.100000 0.000000
vn 0.000000 0.100000 0.000000
vn 0.000000 0.100000 0.000000
vn 0.000000 0.100000 0.000000
vn 0.000000 0.100000 0.000000
vn 0.000000 0.100000 0.000000
vn 0.000000 0.100000 0.000000
vn 0.000000 0.100000 0.000000
vn 0.000000 0.100000 0.000000
vn 0.000000 0.100000 0.000000
vn 0.000000 0.100000 0.000000
vn 0.000000 0.100000 0.000000
vn 0.000000 0.100000 0.000000
vn 0.000000 0.100000 0.000000
vn 0.000000 0.100000 0.000000
vn 0.000000 0.100000 0.000000
vn 0.000000 0.100000 0.000000
vn 0.000000 0.100000 0.000000
vn 0.000000 0.100000 0.000000
vn 0.000000 0.100000 0.000000
vn 0.000000 0.100000 0.000000
vn 0.000000 0.100000 0.000000
vn 0.000000 0.100000 0.000000
vn 0.000000 0.100000 0.000000
vn 0.000000 0.100000 0.000000
vn 0.000000 0.100000 0.000000
vn 0.000000 0.100000 0.000000
vn 0.000000 0.100000 0.000000
vn 0.000000 0.100000 0.000000
vn 0.000000 0.100000 0.000000
vn 0.000000 0.100000 0.000000
vn 0.000000 0.100000 0.000000
vn 0.000000 0.100000 0.000000
vn 0.000000 0.100000 0.000000
vn 0.000000 0.100000 0.000000
vn 0.000000 0.100000 0.000000
vn 0.000000 0.100000 0.000000
vn 0.000000 0.100000 0.000000
vn 0.000000 0.100000 0.000000
vn 0.000000 0.100000 0.000000
vn 0.000000 0.100000 0.000000
vn 0.000000 0.100000 0.000000
vn 0.000000 0.100000 0.000000
vn 0.000000 0.100000 0.000000
vn 0.000000 0.100000 0.000000
vn 0.000000 0.100000 0.000000
vn 0.000000 0.100000 0.000000
vn 0.000000 0.100000 0.000000
vn 0.000000 0.100000 0.000000
vn 0.000000 0.100000 0.000000
vn 0.000000 0.100000 0.000000
vn 0.000000 0.100000 0.000000
vn 0.000000 0.100000 0.000000
vn 0.000000 0.100000 0.000000
vn 0.000000 0.100000 0.000000
vn 0.000000 0.100000 0.000000
vn 0.000000 0.100000 0.000000
vn 0.000000 0.100000 0.000000
vn 0.000000 0.100000 0.000000
vn 0.000000 0.100000 0.000000
vn 0.000000 0.100000 0.000000
vn 0.000000 0.100000 0.000000
vn 0.000000 0.100000 0.000000
vn 0.000000 0.100000 0.000000
vn 0.000000 0.100000 0.000000
vn 0.000000 0.100000 0.000000
vn 0.000000 0.100000 0.000000
vn 0.000000 0.100000 0.000000
vn 0.000000 0.100000 0.000000
vn 0.000000 0.100000 0.000000
vn 0.000000 0.100000 0.000000
vn 0.000000 0.100000 0.000000
vn 0.000000 0.100000 0.000000
vn 0.000000 0.100000 0.000000
vn 0.000000 0.100000 0.000000
vn 0.000000 0.100000 0.000000
vn 0.000000 0.100000 0.000000
vn 0.000000 0.100000 0.000000
vn 0.000000 0.100000 0.000000
vn 0.000000 0.100000 0.000000
vn 0.000000 0.100000 0.000000
vn 0.000000 0.100000 0.000000
vn 0.000000 0.100000 0.000000
vn 0.000000 0.100000 0.000000
vn 0.000000 0.100000 0.000000
vn 0.000000 0.100000 0.000000
vn 0.000000 0.100000 0.000000
vn 0.000000 0.100000 0.000000
vn 0.000000 0.100000 0.000000
vn 0.000000 0.100000 0.000000
vn 0.000000 0.100000 0.000000
vn 0.000000 0.100000 0.000000
vn 0.000000 0.100000 0.000000
vn 0.000000 0.100000 0.000000
vn 0.000000 0.100000 0.000000
vn 0.000000 0.100000 0.000000
vn 0.000000 0.100000 0.000000
vn 0.000000 0.100000 0.000000
vn 0.000000 0.100000 0.000000
vn 0.000000 0.100000 0.000000
vn 0.000000 0.100000 0.000000
vn 0.000000 0.100000 0.000000
vn 0.000000 0.100000 0.000000
vn 0.000000 0.100000 0.000000
vn 0.000000 0.100000 0.000000
vn 0.000000 0.100000 0.000000
vn 0.000000 0.100000 0.000000
vn 0.000000 0.100000 0.000000
vn 0.000000 0.100000 0.000000
vn 0.000000 0.100000 0.000000
vn 0.000000 0.100000 0.000000
vn 0.000000 0.100000 0.000000
vn 0.000000 0.100000 0.000000
vn 0.000000 0.100000 0.000000
vn 0.000000 0.100000 0.000000
vn 0.000000 0.100000 0.000000
vn 0.000000 0.100000 0.000000
vn 0.000000 0.100000 0.000000
vn 0.000000 0.100000 0.000000
vn 0.000000 0.100000 0.000000
vn 0.000000 0.100000 0.000000
vn 0.000000 0.100000 0.000000
vn 0.000000 0.100000 0.000000
vn 0.000000 0.100000 0.000000
vn 0.000000 0.100000 0.000000
vn 0.000000 0.100000 0.000000
vn 0.000000 0.100000 0.000000
vn 0.000000 0.100000 0.000000
vn 0.000000 0.100000 0.000000
vn 0.000000 0.100000 0.000000
vn 0.000000 0.100000 0.000000
vn 0.000000 0.100000 0.000000
vn 0.000000 0.100000 0.000000
vn 0.000000 0.100000 0.000000
vn 0.000000 0.100000 0.000000
vn 0.000000 0.100000 0.000000
vn 0.000000 0.100000 0.000000
vn 0.000000 0.100000 0.000000
vn 0.000000 0.100000 0.000000
vn 0.000000 0.100000 0.000000
vn 0.000000 0.100000 0.000000
vn 0.000000 0.100000 0.000000
vn 0.000000 0.100000 0.000000
vn 0.000000 0.100000 0.000000
vn 0.000000 0.100000 0.000000
vn 0.000000 0.100000 0.000000
vn 0.000000 0.100000 0.000000
vn 0.000000 0.100000 0.000000
vn 0.000000 0.100000 0.000000
vn 0.000000 0.100000 0.000000
vn 0.000000 0.100000 0.000000
vn 0.000000 0.100000 0.000000
vn 0.000000 0.100000 0.000000
vn 0.000000 0.100000 0.000000
vn 0.000000 0.100000 0.000000
vn 0.000000 0.100000 0.000000
vn 0.000000 0.100000 0.000000
vn 0.000000 0.100000 0.000000
vn 0.000000 0.100000 0.000000
vn 0.000000 0.100000 0.000000
vn 0.000000 0.100000 0.000000
vn 0.000000 0.100000 0.000000
vn 0.000000 0.100000 0.000000
vn 0.000000 0.100000 0.000000
vn 0.000000 0.100000 0.000000
vn 0.000000 0.100000 0.000000
vn 0.000000 0.100000 0.000000
vn 0.000000 0.100000 0.000000
vn 0.000000 0.100000 0.000000
vn 0.000000 0.100000 0.000000
vn 0.000000 0.100000 0.000000
vn 0.000000 0.100000 0.000000
vn 0.000000 0.100000 0.000000
vn 0.000000 0.100000 0.000000
vn 0.000000 0.100000 0.000000
vn 0.000000 0.100000 0.000000
vn 0.000000 0.100000 0.000000
vn 0.000000 0.100000 0.000000
vn 0.000000 0.100000 0.000000
vn 0.000000 0.100000 0.000000
vn 0.000000 0.100000 0.000000
vn 0.000000 0.100000 0.000000
vn 0.000000 0.100000 0.000000
vn 0.000000 0.100000 0.000000
vn 0.000000 0.100000 0.000000
vn 0.000000 0.100000 0.000000
vn 0.000000 0.100000 0.000000
vn 0.000000 0.100000 0.000000
vn 0.000000 0.100000 0.000000
vn 0.000000 0.100000 0.000000
vn 0.000000 0.100000 0.000000
vn 0.000000 0.100000 0.000000
vn 0.000000 0.100000 0.000000
vn 0.000000 0.100000 0.000000
vn 0.000000 0.100000 0.000000
vn 0.000000 0.100000 0.000000
vn 0.000000 0.100000 0.000000
vn 0.000000 0.000000 0.100000
vn 0.000000 0.000000 0.100000
vn 0.000000 0.000000 0.100000
vn 0.000000 0.000000 0.100000
vn 0.000000 0.000000 -0.100000
vn 0.000000 0.000000 -0.100000
vn 0.000000 0.000000 -0.100000
vn 0.000000 0.000000 -0.100000
vn 0.000000 0.000000 -0.100000
vn 0.000000 0.000000 -0.100000
vn 0.000000 0.000000 -0.100000
vn 0.000000 0.000000 -0.100000
vn 0.000000 0.000000 -0.100000
vn 0.000000 0.000000 -0.100000
vn 0.000000 0.000000 -0.100000
vn 0.000000 0.000000 -0.100000
vn 0.000000 0.000000 -0.100000
vn 0.000000 0.000000 -0.100000
vn 0.000000 0.000000 -0.100000
vn 0.000000 0.000000 -0.100000
vn 0.000000 0.000000 -0.100000
vn 0.000000 0.000000 -0.100000
vn 0.000000 0.000000 -0.100000
vn 0.000000 0.000000 -0.100000
vn 0.000000 0.000000 -0.100000
vn 0.000000 0.000000 -0.100000
vn 0.000000 0.000000 -0.100000
vn 0.000000 0.000000 -0.100000
vn 0.000000 0.000000 -0.100000
vn 0.000000 0.000000 -0.100000
vn 0.000000 0.000000 -0.100000
vn 0.000000 0.000000 -0.100000
vn 0.000000 0.000000 -0.100000
vn 0.000000 0.000000 -0.100000
vn 0.000000 0.000000 -0.100000
vn 0.000000 0.000000 -0.100000
vn 0.000000 0.000000 -0.100000
vn 0.000000 0.000000 -0.100000
vn 0.000000 0.000000 -0.100000
vn 0.000000 0.000000 -0.100000
vn 0.000000 0.000000 -0.100000
vn 0.000000 0.000000 -0.100000
vn 0.000000 0.000000 -0.100000
vn 0.000000 0.000000 -0.100000
vn 0.000000 0.000000 -0.100000
vn 0.000000 0.000000 -0.100000
vn 0.000000 0.000000 -0.100000
vn 0.000000 0.000000 -0.100000
vn 0.000000 0.000000 -0.100000
vn 0.000000 0.000000 -0.100000
vn 0.000000 0.000000 -0.100000
vn 0.000000 0.000000 -0.100000
vn 0.000000 0.000000 -0.100000
vn 0.000000 0.000000 -0.100000
vn 0.000000 0.000000 -0.100000
vn 0.000000 0.000000 -0.100000
usemtl Steel_-_Satin
f 2/1/1 80/2/2 1/3/3
f 1/3/3 80/2/2 41/4/4
f 1/5/3 41/6/4 40/7/5
f 40/7/5 41/6/4 42/8/6
f 40/7/5 42/8/6 39/9/7
f 39/9/7 42/8/6 43/10/8
f 39/9/7 43/10/8 38/11/9
f 38/11/9 43/10/8 44/12/10
f 38/11/9 44/12/10 37/13/11
f 37/13/11 44/12/10 45/14/12
f 37/13/11 45/14/12 36/15/13
f 36/15/13 45/14/12 46/16/14
f 36/15/13 46/16/14 35/17/15
f 35/17/15 46/16/14 47/18/16
f 35/17/15 47/18/16 34/19/17
f 34/19/17 47/18/16 48/20/18
f 34/19/17 48/20/18 33/21/19
f 33/21/19 48/20/18 49/22/20
f 33/21/19 49/22/20 32/23/21
f 32/23/21 49/22/20 50/24/22
f 32/23/21 50/24/22 31/25/23
f 31/25/23 50/24/22 51/26/24
f 31/25/23 51/26/24 30/27/25
f 30/27/25 51/26/24 52/28/26
f 30/27/25 52/28/26 29/29/27
f 29/29/27 52/28/26 53/30/28
f 29/29/27 53/30/28 28/31/29
f 28/31/29 53/30/28 54/32/30
f 28/31/29 54/32/30 27/33/31
f 27/33/31 54/32/30 55/34/32
f 27/33/31 55/34/32 26/35/33
f 26/35/33 55/34/32 56/36/34
f 26/35/33 56/36/34 25/37/35
f 25/37/35 56/36/34 57/38/36
f 25/37/35 57/38/36 24/39/37
f 24/39/37 57/38/36 58/40/38
f 24/39/37 58/40/38 23/41/39
f 23/41/39 58/40/38 59/42/40
f 23/41/39 59/42/40 22/43/41
f 22/43/41 59/42/40 60/44/42
f 22/43/41 60/44/42 21/45/43
f 21/45/43 60/44/42 61/46/44
f 21/45/43 61/46/44 20/47/45
f 20/47/45 61/46/44 62/48/46
f 20/47/45 62/48/46 19/49/47
f 19/49/47 62/48/46 63/50/48
f 19/49/47 63/50/48 18/51/49
f 18/51/49 63/50/48 64/52/50
f 18/51/49 64/52/50 17/53/51
f 17/53/51 64/52/50 65/54/52
f 17/53/51 65/54/52 16/55/53
f 16/55/53 65/54/52 66/56/54
f 16/55/53 66/56/54 15/57/55
f 15/57/55 66/56/54 67/58/56
f 15/57/55 67/58/56 14/59/57
f 14/59/57 67/58/56 68/60/58
f 14/59/57 68/60/58 13/61/59
f 13/61/59 68/60/58 69/62/60
f 13/61/59 69/62/60 12/63/61
f 12/63/61 69/62/60 70/64/62
f 12/63/61 70/64/62 11/65/63
f 11/65/63 70/64/62 71/66/64
f 11/65/63 71/66/64 10/67/65
f 10/67/65 71/66/64 72/68/66
f 10/67/65 72/68/66 9/69/67
f 9/69/67 72/68/66 73/70/68
f 9/69/67 73/70/68 8/71/69
f 8/71/69 73/70/68 74/72/70
f 8/71/69 74/72/70 7/73/71
f 7/73/71 74/72/70 75/74/72
f 7/73/71 75/74/72 6/75/73
f 6/75/73 75/74/72 76/76/74
f 6/75/73 76/76/74 5/77/75
f 5/77/75 76/76/74 77/78/76
f 5/77/75 77/78/76 4/79/77
f 4/79/77 77/78/76 78/80/78
f 4/79/77 78/80/78 3/81/79
f 3/81/79 78/80/78 79/82/80
f 3/81/79 79/82/80 2/1/1
f 2/1/1 79/82/80 80/2/2
f 82/83/81 160/84/82 81/85/83
f 81/85/83 160/84/82 121/86/84
f 81/87/83 121/88/84 120/89/85
f 120/89/85 121/88/84 122/90/86
f 120/89/85 122/90/86 119/91/87
f 119/91/87 122/90/86 123/92/88
f 119/91/87 123/92/88 118/93/89
f 118/93/89 123/92/88 124/94/90
f 118/93/89 124/94/90 117/95/91
f 117/95/91 124/94/90 125/96/92
f 117/95/91 125/96/92 116/97/93
f 116/97/93 125/96/92 126/98/94
f 116/97/93 126/98/94 115/99/95
f 115/99/95 126/98/94 127/100/96
f 115/99/95 127/100/96 114/101/97
f 114/101/97 127/100/96 128/102/98
f 114/101/97 128/102/98 113/103/99
f 113/103/99 128/102/98 129/104/100
f 113/103/99 129/104/100 112/105/101
f 112/105/101 129/104/100 130/106/102
f 112/105/101 130/106/102 111/107/103
f 111/107/103 130/106/102 131/108/104
f 111/107/103 131/108/104 110/109/105
f 110/109/105 131/108/104 132/110/106
f 110/109/105 132/110/106 109/111/107
f 109/111/107 132/110/106 133/112/108
f 109/111/107 133/112/108 108/113/109
f 108/113/109 133/112/108 134/114/110
f 108/113/109 134/114/110 107/115/111
f 107/115/111 134/114/110 135/116/112
f 107/115/111 135/116/112 106/117/113
f 106/117/113 135/116/112 136/118/114
f 106/117/113 136/118/114 105/119/115
f 105/119/115 136/118/114 137/120/116
f 105/119/115 137/120/116 104/121/117
f 104/121/117 137/120/116 138/122/118
f 104/121/117 138/122/118 103/123/119
f 103/123/119 138/122/118 139/124/120
f 103/123/119 139/124/120 102/125/121
f 102/125/121 139/124/120 140/126/122
f 102/125/121 140/126/122 101/127/123
f 101/127/123 140/126/122 141/128/124
f 101/127/123 141/128/124 100/129/125
f 100/129/125 141/128/124 142/130/126
f 100/129/125 142/130/126 99/131/127
f 99/131/127 142/130/126 143/132/128
f 99/131/127 143/132/128 98/133/129
f 98/133/129 143/132/128 144/134/130
f 98/133/129 144/134/130 97/135/131
f 97/135/131 144/134/130 145/136/132
f 97/135/131 145/136/132 96/137/133
f 96/137/133 145/136/132 146/138/134
f 96/137/133 146/138/134 95/139/135
f 95/139/135 146/138/134 147/140/136
f 95/139/135 147/140/136 94/141/137
f 94/141/137 147/140/136 148/142/138
f 94/141/137 148/142/138 93/143/139
f 93/143/139 148/142/138 149/144/140
f 93/143/139 149/144/140 92/145/141
f 92/145/141 149/144/140 150/146/142
f 92/145/141 150/146/142 91/147/143
f 91/147/143 150/146/142 151/148/144
f 91/147/143 151/148/144 90/149/145
f 90/149/145 151/148/144 152/150/146
f 90/149/145 152/150/146 89/151/147
f 89/151/147 152/150/146 153/152/148
f 89/151/147 153/152/148 88/153/149
f 88/153/149 153/152/148 154/154/150
f 88/153/149 154/154/150 87/155/151
f 87/155/151 154/154/150 155/156/152
f 87/155/151 155/156/152 86/157/153
f 86/157/153 155/156/152 156/158/154
f 86/157/153 156/158/154 85/159/155
f 85/159/155 156/158/154 157/160/156
f 85/159/155 157/160/156 84/161/157
f 84/161/157 157/160/156 158/162/158
f 84/161/157 158/162/158 83/163/159
f 83/163/159 158/162/158 159/164/160
f 83/163/159 159/164/160 82/83/81
f 82/83/81 159/164/160 160/84/82
f 162/165/161 240/166/162 161/167/163
f 161/167/163 240/166/162 201/168/164
f 161/169/163 201/170/164 200/171/165
f 200/171/165 201/170/164 202/172/166
f 200/171/165 202/172/166 199/173/167
f 199/173/167 202/172/166 203/174/168
f 199/173/167 203/174/168 198/175/169
f 198/175/169 203/174/168 204/176/170
f 198/175/169 204/176/170 197/177/171
f 197/177/171 204/176/170 205/178/172
f 197/177/171 205/178/172 196/179/173
f 196/179/173 205/178/172 206/180/174
f 196/179/173 206/180/174 195/181/175
f 195/181/175 206/180/174 207/182/176
f 195/181/175 207/182/176 194/183/177
f 194/183/177 207/182/176 208/184/178
f 194/183/177 208/184/178 193/185/179
f 193/185/179 208/184/178 209/186/180
f 193/185/179 209/186/180 192/187/181
f 192/187/181 209/186/180 210/188/182
f 192/187/181 210/188/182 191/189/183
f 191/189/183 210/188/182 211/190/184
f 191/189/183 211/190/184 190/191/185
f 190/191/185 211/190/184 212/192/186
f 190/191/185 212/192/186 189/193/187
f 189/193/187 212/192/186 213/194/188
f 189/193/187 213/194/188 188/195/189
f 188/195/189 213/194/188 214/196/190
f 188/195/189 214/196/190 187/197/191
f 187/197/191 214/196/190 215/198/192
f 187/197/191 215/198/192 186/199/193
f 186/199/193 215/198/192 216/200/194
f 186/199/193 216/200/194 185/201/195
f 185/201/195 216/200/194 217/202/196
f 185/201/195 217/202/196 184/203/197
f 184/203/197 217/202/196 218/204/198
f 184/203/197 218/204/198 183/205/199
f 183/205/199 218/204/198 219/206/200
f 183/205/199 219/206/200 182/207/201
f 182/207/201 219/206/200 220/208/202
f 182/207/201 220/208/202 181/209/203
f 181/209/203 220/208/202 221/210/204
f 181/209/203 221/210/204 180/211/205
f 180/211/205 221/210/204 222/212/206
f 180/211/205 222/212/206 179/213/207
f 179/213/207 222/212/206 223/214/208
f 179/213/207 223/214/208 178/215/209
f 178/215/209 223/214/208 224/216/210
f 178/215/209 224/216/210 177/217/211
f 177/217/211 224/216/210 225/218/212
f 177/217/211 225/218/212 176/219/213
f 176/219/213 225/218/212 226/220/214
f 176/219/213 226/220/214 175/221/215
f 175/221/215 226/220/214 227/222/216
f 175/221/215 227/222/216 174/223/217
f 174/223/217 227/222/216 228/224/218
f 174/223/217 228/224/218 173/225/219
f 173/225/219 228/224/218 229/226/220
f 173/225/219 229/226/220 172/227/221
f 172/227/221 229/226/220 230/228/222
f 172/227/221 230/228/222 171/229/223
f 171/229/223 230/228/222 231/230/224
f 171/229/223 231/230/224 170/231/225
f 170/231/225 231/230/224 232/232/226
f 170/231/225 232/232/226 169/233/227
f 169/233/227 232/232/226 233/234/228
f 169/233/227 233/234/228 168/235/229
f 168/235/229 233/234/228 234/236/230
f 168/235/229 234/236/230 167/237/231
f 167/237/231 234/236/230 235/238/232
f 167/237/231 235/238/232 166/239/233
f 166/239/233 235/238/232 236/240/234
f 166/239/233 236/240/234 165/241/235
f 165/241/235 236/240/234 237/242/236
f 165/241/235 237/242/236 164/243/237
f 164/243/237 237/242/236 238/244/238
f 164/243/237 238/244/238 163/245/239
f 163/245/239 238/244/238 239/246/240
f 163/245/239 239/246/240 162/165/161
f 162/165/161 239/246/240 240/166/162
f 242/247/241 320/248/242 241/249/243
f 241/249/243 320/248/242 281/250/244
f 241/251/243 281/252/244 280/253/245
f 280/253/245 281/252/244 282/254/246
f 280/253/245 282/254/246 279/255/247
f 279/255/247 282/254/246 283/256/248
f 279/255/247 283/256/248 278/257/249
f 278/257/249 283/256/248 284/258/250
f 278/257/249 284/258/250 277/259/251
f 277/259/251 284/258/250 285/260/252
f 277/259/251 285/260/252 276/261/253
f 276/261/253 285/260/252 286/262/254
f 276/261/253 286/262/254 275/263/255
f 275/263/255 286/262/254 287/264/256
f 275/263/255 287/264/256 274/265/257
f 274/265/257 287/264/256 288/266/258
f 274/265/257 288/266/258 273/267/259
f 273/267/259 288/266/258 289/268/260
f 273/267/259 289/268/260 272/269/261
f 272/269/261 289/268/260 290/270/262
f 272/269/261 290/270/262 271/271/263
f 271/271/263 290/270/262 291/272/264
f 271/271/263 291/272/264 270/273/265
f 270/273/265 291/272/264 292/274/266
f 270/273/265 292/274/266 269/275/267
f 269/275/267 292/274/266 293/276/268
f 269/275/267 293/276/268 268/277/269
f 268/277/269 293/276/268 294/278/270
f 268/277/269 294/278/270 267/279/271
f 267/279/271 294/278/270 295/280/272
f 267/279/271 295/280/272 266/281/273
f 266/281/273 295/280/272 296/282/274
f 266/281/273 296/282/274 265/283/275
f 265/283/275 296/282/274 297/284/276
f 265/283/275 297/284/276 264/285/277
f 264/285/277 297/284/276 298/286/278
f 264/285/277 298/286/278 263/287/279
f 263/287/279 298/286/278 299/288/280
f 263/287/279 299/288/280 262/289/281
f 262/289/281 299/288/280 300/290/282
f 262/289/281 300/290/282 261/291/283
f 261/291/283 300/290/282 301/292/284
f 261/291/283 301/292/284 260/293/285
f 260/293/285 301/292/284 302/294/286
f 260/293/285 302/294/286 259/295/287
f 259/295/287 302/294/286 303/296/288
f 259/295/287 303/296/288 258/297/289
f 258/297/289 303/296/288 304/298/290
f 258/297/289 304/298/290 257/299/291
f 257/299/291 304/298/290 305/300/292
f 257/299/291 305/300/292 256/301/293
f 256/301/293 305/300/292 306/302/294
f 256/301/293 306/302/294 255/303/295
f 255/303/295 306/302/294 307/304/296
f 255/303/295 307/304/296 254/305/297
f 254/305/297 307/304/296 308/306/298
f 254/305/297 308/306/298 253/307/299
f 253/307/299 308/306/298 309/308/300
f 253/307/299 309/308/300 252/309/301
f 252/309/301 309/308/300 310/310/302
f 252/309/301 310/310/302 251/311/303
f 251/311/303 310/310/302 311/312/304
f 251/311/303 311/312/304 250/313/305
f 250/313/305 311/312/304 312/314/306
f 250/313/305 312/314/306 249/315/307
f 249/315/307 312/314/306 313/316/308
f 249/315/307 313/316/308 248/317/309
f 248/317/309 313/316/308 314/318/310
f 248/317/309 314/318/310 247/319/311
f 247/319/311 314/318/310 315/320/312
f 247/319/311 315/320/312 246/321/313
f 246/321/313 315/320/312 316/322/314
f 246/321/313 316/322/314 245/323/315
f 245/323/315 316/322/314 317/324/316
f 245/323/315 317/324/316 244/325/317
f 244/325/317 317/324/316 318/326/318
f 244/325/317 318/326/318 243/327/319
f 243/327/319 318/326/318 319/328/320
f 243/327/319 319/328/320 242/247/241
f 242/247/241 319/328/320 320/248/242
f 322/329/321 400/330/322 321/331/323
f 321/331/323 400/330/322 361/332/324
f 321/333/323 361/334/324 360/335/325
f 360/335/325 361/334/324 362/336/326
f 360/335/325 362/336/326 359/337/327
f 359/337/327 362/336/326 363/338/328
f 359/337/327 363/338/328 358/339/329
f 358/339/329 363/338/328 364/340/330
f 358/339/329 364/340/330 357/341/331
f 357/341/331 364/340/330 365/342/332
f 357/341/331 365/342/332 356/343/333
f 356/343/333 365/342/332 366/344/334
f 356/343/333 366/344/334 355/345/335
f 355/345/335 366/344/334 367/346/336
f 355/345/335 367/346/336 354/347/337
f 354/347/337 367/346/336 368/348/338
f 354/347/337 368/348/338 353/349/339
f 353/349/339 368/348/338 369/350/340
f 353/349/339 369/350/340 352/351/341
f 352/351/341 369/350/340 370/352/342
f 352/351/341 370/352/342 351/353/343
f 351/353/343 370/352/342 371/354/344
f 351/353/343 371/354/344 350/355/345
f 350/355/345 371/354/344 372/356/346
f 350/355/345 372/356/346 349/357/347
f 349/357/347 372/356/346 373/358/348
f 349/357/347 373/358/348 348/359/349
f 348/359/349 373/358/348 374/360/350
f 348/359/349 374/360/350 347/361/351
f 347/361/351 374/360/350 375/362/352
f 347/361/351 375/362/352 346/363/353
f 346/363/353 375/362/352 376/364/354
f 346/363/353 376/364/354 345/365/355
f 345/365/355 376/364/354 377/366/356
f 345/365/355 377/366/356 344/367/357
f 344/367/357 377/366/356 378/368/358
f 344/367/357 378/368/358 343/369/359
f 343/369/359 378/368/358 379/370/360
f 343/369/359 379/370/360 342/371/361
f 342/371/361 379/370/360 380/372/362
f 342/371/361 380/372/362 341/373/363
f 341/373/363 380/372/362 381/374/364
f 341/373/363 381/374/364 340/375/365
f 340/375/365 381/374/364 382/376/366
f 340/375/365 382/376/366 339/377/367
f 339/377/367 382/376/366 383/378/368
f 339/377/367 383/378/368 338/379/369
f 338/379/369 383/378/368 384/380/370
f 338/379/369 384/380/370 337/381/371
f 337/381/371 384/380/370 385/382/372
f 337/381/371 385/382/372 336/383/373
f 336/383/373 385/382/372 386/384/374
f 336/383/373 386/384/374 335/385/375
f 335/385/375 386/384/374 387/386/376
f 335/385/375 387/386/376 334/387/377
f 334/387/377 387/386/376 388/388/378
f 334/387/377 388/388/378 333/389/379
f 333/389/379 388/388/378 389/390/380
f 333/389/379 389/390/380 332/391/381
f 332/391/381 389/390/380 390/392/382
f 332/391/381 390/392/382 331/393/383
f 331/393/383 390/392/382 391/394/384
f 331/393/383 391/394/384 330/395/385
f 330/395/385 391/394/384 392/396/386
f 330/395/385 392/396/386 329/397/387
f 329/397/387 392/396/386 393/398/388
f 329/397/387 393/398/388 328/399/389
f 328/399/389 393/398/388 394/400/390
f 328/399/389 394/400/390 327/401/391
f 327/401/391 394/400/390 395/402/392
f 327/401/391 395/402/392 326/403/393
f 326/403/393 395/402/392 396/404/394
f 326/403/393 396/404/394 325/405/395
f 325/405/395 396/404/394 397/406/396
f 325/405/395 397/406/396 324/407/397
f 324/407/397 397/406/396 398/408/398
f 324/407/397 398/408/398 323/409/399
f 323/409/399 398/408/398 399/410/400
f 323/409/399 399/410/400 322/329/321
f 322/329/321 399/410/400 400/330/322
f 402/411/401 480/412/402 401/413/403
f 401/413/403 480/412/402 441/414/404
f 401/415/403 441/416/404 440/417/405
f 440/417/405 441/416/404 442/418/406
f 440/417/405 442/418/406 439/419/407
f 439/419/407 442/418/406 443/420/408
f 439/419/407 443/420/408 438/421/409
f 438/421/409 443/420/408 444/422/410
f 438/421/409 444/422/410 437/423/411
f 437/423/411 444/422/410 445/424/412
f 437/423/411 445/424/412 436/425/413
f 436/425/413 445/424/412 446/426/414
f 436/425/413 446/426/414 435/427/415
f 435/427/415 446/426/414 447/428/416
f 435/427/415 447/428/416 434/429/417
f 434/429/417 447/428/416 448/430/418
f 434/429/417 448/430/418 433/431/419
f 433/431/419 448/430/418 449/432/420
f 433/431/419 449/432/420 432/433/421
f 432/433/421 449/432/420 450/434/422
f 432/433/421 450/434/422 431/435/423
f 431/435/423 450/434/422 451/436/424
f 431/435/423 451/436/424 430/437/425
f 430/437/425 451/436/424 452/438/426
f 430/437/425 452/438/426 429/439/427
f 429/439/427 452/438/426 453/440/428
f 429/439/427 453/440/428 428/441/429
f 428/441/429 453/440/428 454/442/430
f 428/441/429 454/442/430 427/443/431
f 427/443/431 454/442/430 455/444/432
f 427/443/431 455/444/432 426/445/433
f 426/445/433 455/444/432 456/446/434
f 426/445/433 456/446/434 425/447/435
f 425/447/435 456/446/434 457/448/436
f 425/447/435 457/448/436 424/449/437
f 424/449/437 457/448/436 458/450/438
f 424/449/437 458/450/438 423/451/439
f 423/451/439 458/450/438 459/452/440
f 423/451/439 459/452/440 422/453/441
f 422/453/441 459/452/440 460/454/442
f 422/453/441 460/454/442 421/455/443
f 421/455/443 460/454/442 461/456/444
f 421/455/443 461/456/444 420/457/445
f 420/457/445 461/456/444 462/458/446
f 420/457/445 462/458/446 419/459/447
f 419/459/447 462/458/446 463/460/448
f 419/459/447 463/460/448 418/461/449
f 418/461/449 463/460/448 464/462/450
f 418/461/449 464/462/450 417/463/451
f 417/463/451 464/462/450 465/464/452
f 417/463/451 465/464/452 416/465/453
f 416/465/453 465/464/452 466/466/454
f 416/465/453 466/466/454 415/467/455
f 415/467/455 466/466/454 467/468/456
f 415/467/455 467/468/456 414/469/457
f 414/469/457 467/468/456 468/470/458
f 414/469/457 468/470/458 413/471/459
f 413/471/459 468/470/458 469/472/460
f 413/471/459 469/472/460 412/473/461
f 412/473/461 469/472/460 470/474/462
f 412/473/461 470/474/462 411/475/463
f 411/475/463 470/474/462 471/476/464
f 411/475/463 471/476/464 410/477/465
f 410/477/465 471/476/464 472/478/466
f 410/477/465 472/478/466 409/479/467
f 409/479/467 472/478/466 473/480/468
f 409/479/467 473/480/468 408/481/469
f 408/481/469 473/480/468 474/482/470
f 408/481/469 474/482/470 407/483/471
f 407/483/471 474/482/470 475/484/472
f 407/483/471 475/484/472 406/485/473
f 406/485/473 475/484/472 476/486/474
f 406/485/473 476/486/474 405/487/475
f 405/487/475 476/486/474 477/488/476
f 405/487/475 477/488/476 404/489/477
f 404/489/477 477/488/476 478/490/478
f 404/489/477 478/490/478 403/491/479
f 403/491/479 478/490/478 479/492/480
f 403/491/479 479/492/480 402/411/401
f 402/411/401 479/492/480 480/412/402
f 482/493/481 560/494/482 481/495/483
f 481/495/483 560/494/482 521/496/484
f 481/497/483 521/498/484 520/499/485
f 520/499/485 521/498/484 522/500/486
f 520/499/485 522/500/486 519/501/487
f 519/501/487 522/500/486 523/502/488
f 519/501/487 523/502/488 518/503/489
f 518/503/489 523/502/488 524/504/490
f 518/503/489 524/504/490 517/505/491
f 517/505/491 524/504/490 525/506/492
f 517/505/491 525/506/492 516/507/493
f 516/507/493 525/506/492 526/508/494
f 516/507/493 526/508/494 515/509/495
f 515/509/495 526/508/494 527/510/496
f 515/509/495 527/510/496 514/511/497
f 514/511/497 527/510/496 528/512/498
f 514/511/497 528/512/498 513/513/499
f 513/513/499 528/512/498 529/514/500
f 513/513/499 529/514/500 512/515/501
f 512/515/501 529/514/500 530/516/502
f 512/515/501 530/516/502 511/517/503
f 511/517/503 530/516/502 531/518/504
f 511/517/503 531/518/504 510/519/505
f 510/519/505 531/518/504 532/520/506
f 510/519/505 532/520/506 509/521/507
f 509/521/507 532/520/506 533/522/508
f 509/521/507 533/522/508 508/523/509
f 508/523/509 533/522/508 534/524/510
f 508/523/509 534/524/510 507/525/511
f 507/525/511 534/524/510 535/526/512
f 507/525/511 535/526/512 506/527/513
f 506/527/513 535/526/512 536/528/514
f 506/527/513 536/528/514 505/529/515
f 505/529/515 536/528/514 537/530/516
f 505/529/515 537/530/516 504/531/517
f 504/531/517 537/530/516 538/532/518
f 504/531/517 538/532/518 503/533/519
f 503/533/519 538/532/518 539/534/520
f 503/533/519 539/534/520 502/535/521
f 502/535/521 539/534/520 540/536/522
f 502/535/521 540/536/522 501/537/523
f 501/537/523 540/536/522 541/538/524
f 501/537/523 541/538/524 500/539/525
f 500/539/525 541/538/524 542/540/526
f 500/539/525 542/540/526 499/541/527
f 499/541/527 542/540/526 543/542/528
f 499/541/527 543/542/528 498/543/529
f 498/543/529 543/542/528 544/544/530
f 498/543/529 544/544/530 497/545/531
f 497/545/531 544/544/530 545/546/532
f 497/545/531 545/546/532 496/547/533
f 496/547/533 545/546/532 546/548/534
f 496/547/533 546/548/534 495/549/535
f 495/549/535 546/548/534 547/550/536
f 495/549/535 547/550/536 494/551/537
f 494/551/537 547/550/536 548/552/538
f 494/551/537 548/552/538 493/553/539
f 493/553/539 548/552/538 549/554/540
f 493/553/539 549/554/540 492/555/541
f 492/555/541 549/554/540 550/556/542
f 492/555/541 550/556/542 491/557/543
f 491/557/543 550/556/542 551/558/544
f 491/557/543 551/558/544 490/559/545
f 490/559/545 551/558/544 552/560/546
f 490/559/545 552/560/546 489/561/547
f 489/561/547 552/560/546 553/562/548
f 489/561/547 553/562/548 488/563/549
f 488/563/549 553/562/548 554/564/550
f 488/563/549 554/564/550 487/565/551
f 487/565/551 554/564/550 555/566/552
f 487/565/551 555/566/552 486/567/553
f 486/567/553 555/566/552 556/568/554
f 486/567/553 556/568/554 485/569/555
f 485/569/555 556/568/554 557/570/556
f 485/569/555 557/570/556 484/571/557
f 484/571/557 557/570/556 558/572/558
f 484/571/557 558/572/558 483/573/559
f 483/573/559 558/572/558 559/574/560
f 483/573/559 559/574/560 482/493/481
f 482/493/481 559/574/560 560/494/482
f 562/575/561 640/576/562 561/577/563
f 561/577/563 640/576/562 601/578/564
f 561/579/563 601/580/564 600/581/565
f 600/581/565 601/580/564 602/582/566
f 600/581/565 602/582/566 599/583/567
f 599/583/567 602/582/566 603/584/568
f 599/583/567 603/584/568 598/585/569
f 598/585/569 603/584/568 604/586/570
f 598/585/569 604/586/570 597/587/571
f 597/587/571 604/586/570 605/588/572
f 597/587/571 605/588/572 596/589/573
f 596/589/573 605/588/572 606/590/574
f 596/589/573 606/590/574 595/591/575
f 595/591/575 606/590/574 607/592/576
f 595/591/575 607/592/576 594/593/577
f 594/593/577 607/592/576 608/594/578
f 594/593/577 608/594/578 593/595/579
f 593/595/579 608/594/578 609/596/580
f 593/595/579 609/596/580 592/597/581
f 592/597/581 609/596/580 610/598/582
f 592/597/581 610/598/582 591/599/583
f 591/599/583 610/598/582 611/600/584
f 591/599/583 611/600/584 590/601/585
f 590/601/585 611/600/584 612/602/586
f 590/601/585 612/602/586 589/603/587
f 589/603/587 612/602/586 613/604/588
f 589/603/587 613/604/588 588/605/589
f 588/605/589 613/604/588 614/606/590
f 588/605/589 614/606/590 587/607/591
f 587/607/591 614/606/590 615/608/592
f 587/607/591 615/608/592 586/609/593
f 586/609/593 615/608/592 616/610/594
f 586/609/593 616/610/594 585/611/595
f 585/611/595 616/610/594 617/612/596
f 585/611/595 617/612/596 584/613/597
f 584/613/597 617/612/596 618/614/598
f 584/613/597 618/614/598 583/615/599
f 583/615/599 618/614/598 619/616/600
f 583/615/599 619/616/600 582/617/601
f 582/617/601 619/616/600 620/618/602
f 582/617/601 620/618/602 581/619/603
f 581/619/603 620/618/602 621/620/604
f 581/619/603 621/620/604 580/621/605
f 580/621/605 621/620/604 622/622/606
f 580/621/605 622/622/606 579/623/607
f 579/623/607 622/622/606 623/624/608
f 579/623/607 623/624/608 578/625/609
f 578/625/609 623/624/608 624/626/610
f 578/625/609 624/626/610 577/627/611
f 577/627/611 624/626/610 625/628/612
f 577/627/611 625/628/612 576/629/613
f 576/629/613 625/628/612 626/630/614
f 576/629/613 626/630/614 575/631/615
f 575/631/615 626/630/614 627/632/616
f 575/631/615 627/632/616 574/633/617
f 574/633/617 627/632/616 628/634/618
f 574/633/617 628/634/618 573/635/619
f 573/635/619 628/634/618 629/636/620
f 573/635/619 629/636/620 572/637/621
f 572/637/621 629/636/620 630/638/622
f 572/637/621 630/638/622 571/639/623
f 571/639/623 630/638/622 631/640/624
f 571/639/623 631/640/624 570/641/625
f 570/641/625 631/640/624 632/642/626
f 570/641/625 632/642/626 569/643/627
f 569/643/627 632/642/626 633/644/628
f 569/643/627 633/644/628 568/645/629
f 568/645/629 633/644/628 634/646/630
f 568/645/629 634/646/630 567/647/631
f 567/647/631 634/646/630 635/648/632
f 567/647/631 635/648/632 566/649/633
f 566/649/633 635/648/632 636/650/634
f 566/649/633 636/650/634 565/651/635
f 565/651/635 636/650/634 637/652/636
f 565/651/635 637/652/636 564/653/637
f 564/653/637 637/652/636 638/654/638
f 564/653/637 638/654/638 563/655/639
f 563/655/639 638/654/638 639/656/640
f 563/655/639 639/656/640 562/575/561
f 562/575/561 639/656/640 640/576/562
f 642/657/641 720/658/642 641/659/643
f 641/659/643 720/658/642 681/660/644
f 641/661/643 681/662/644 680/663/645
f 680/663/645 681/662/644 682/664/646
f 680/663/645 682/664/646 679/665/647
f 679/665/647 682/664/646 683/666/648
f 679/665/647 683/666/648 678/667/649
f 678/667/649 683/666/648 684/668/650
f 678/667/649 684/668/650 677/669/651
f 677/669/651 684/668/650 685/670/652
f 677/669/651 685/670/652 676/671/653
f 676/671/653 685/670/652 686/672/654
f 676/671/653 686/672/654 675/673/655
f 675/673/655 686/672/654 687/674/656
f 675/673/655 687/674/656 674/675/657
f 674/675/657 687/674/656 688/676/658
f 674/675/657 688/676/658 673/677/659
f 673/677/659 688/676/658 689/678/660
f 673/677/659 689/678/660 672/679/661
f 672/679/661 689/678/660 690/680/662
f 672/679/661 690/680/662 671/681/663
f 671/681/663 690/680/662 691/682/664
f 671/681/663 691/682/664 670/683/665
f 670/683/665 691/682/664 692/684/666
f 670/683/665 692/684/666 669/685/667
f 669/685/667 692/684/666 693/686/668
f 669/685/667 693/686/668 668/687/669
f 668/687/669 693/686/668 694/688/670
f 668/687/669 694/688/670 667/689/671
f 667/689/671 694/688/670 695/690/672
f 667/689/671 695/690/672 666/691/673
f 666/691/673 695/690/672 696/692/674
f 666/691/673 696/692/674 665/693/675
f 665/693/675 696/692/674 697/694/676
f 665/693/675 697/694/676 664/695/677
f 664/695/677 697/694/676 698/696/678
f 664/695/677 698/696/678 663/697/679
f 663/697/679 698/696/678 699/698/680
f 663/697/679 699/698/680 662/699/681
f 662/699/681 699/698/680 700/700/682
f 662/699/681 700/700/682 661/701/683
f 661/701/683 700/700/682 701/702/684
f 661/701/683 701/702/684 660/703/685
f 660/703/685 701/702/684 702/704/686
f 660/703/685 702/704/686 659/705/687
f 659/705/687 702/704/686 703/706/688
f 659/705/687 703/706/688 658/707/689
f 658/707/689 703/706/688 704/708/690
f 658/707/689 704/708/690 657/709/691
f 657/709/691 704/708/690 705/710/692
f 657/709/691 705/710/692 656/711/693
f 656/711/693 705/710/692 706/712/694
f 656/711/693 706/712/694 655/713/695
f 655/713/695 706/712/694 707/714/696
f 655/713/695 707/714/696 654/715/697
f 654/715/697 707/714/696 708/716/698
f 654/715/697 708/716/698 653/717/699
f 653/717/699 708/716/698 709/718/700
f 653/717/699 709/718/700 652/719/701
f 652/719/701 709/718/700 710/720/702
f 652/719/701 710/720/702 651/721/703
f 651/721/703 710/720/702 711/722/704
f 651/721/703 711/722/704 650/723/705
f 650/723/705 711/722/704 712/724/706
f 650/723/705 712/724/706 649/725/707
f 649/725/707 712/724/706 713/726/708
f 649/725/707 713/726/708 648/727/709
f 648/727/709 713/726/708 714/728/710
f 648/727/709 714/728/710 647/729/711
f 647/729/711 714/728/710 715/730/712
f 647/729/711 715/730/712 646/731/713
f 646/731/713 715/730/712 716/732/714
f 646/731/713 716/732/714 645/733/715
f 645/733/715 716/732/714 717/734/716
f 645/733/715 717/734/716 644/735/717
f 644/735/717 717/734/716 718/736/718
f 644/735/717 718/736/718 643/737/719
f 643/737/719 718/736/718 719/738/720
f 643/737/719 719/738/720 642/657/641
f 642/657/641 719/738/720 720/658/642
f 722/739/721 800/740/722 721/741/723
f 721/741/723 800/740/722 761/742/724
f 721/743/723 761/744/724 760/745/725
f 760/745/725 761/744/724 762/746/726
f 760/745/725 762/746/726 759/747/727
f 759/747/727 762/746/726 763/748/728
f 759/747/727 763/748/728 758/749/729
f 758/749/729 763/748/728 764/750/730
f 758/749/729 764/750/730 757/751/731
f 757/751/731 764/750/730 765/752/732
f 757/751/731 765/752/732 756/753/733
f 756/753/733 765/752/732 766/754/734
f 756/753/733 766/754/734 755/755/735
f 755/755/735 766/754/734 767/756/736
f 755/755/735 767/756/736 754/757/737
f 754/757/737 767/756/736 768/758/738
f 754/757/737 768/758/738 753/759/739
f 753/759/739 768/758/738 769/760/740
f 753/759/739 769/760/740 752/761/741
f 752/761/741 769/760/740 770/762/742
f 752/761/741 770/762/742 751/763/743
f 751/763/743 770/762/742 771/764/744
f 751/763/743 771/764/744 750/765/745
f 750/765/745 771/764/744 772/766/746
f 750/765/745 772/766/746 749/767/747
f 749/767/747 772/766/746 773/768/748
f 749/767/747 773/768/748 748/769/749
f 748/769/749 773/768/748 774/770/750
f 748/769/749 774/770/750 747/771/751
f 747/771/751 774/770/750 775/772/752
f 747/771/751 775/772/752 746/773/753
f 746/773/753 775/772/752 776/774/754
f 746/773/753 776/774/754 745/775/755
f 745/775/755 776/774/754 777/776/756
f 745/775/755 777/776/756 744/777/757
f 744/777/757 777/776/756 778/778/758
f 744/777/757 778/778/758 743/779/759
f 743/779/759 778/778/758 779/780/760
f 743/779/759 779/780/760 742/781/761
f 742/781/761 779/780/760 780/782/762
f 742/781/761 780/782/762 741/783/763
f 741/783/763 780/782/762 781/784/764
f 741/783/763 781/784/764 740/785/765
f 740/785/765 781/784/764 782/786/766
f 740/785/765 782/786/766 739/787/767
f 739/787/767 782/786/766 783/788/768
f 739/787/767 783/788/768 738/789/769
f 738/789/769 783/788/768 784/790/770
f 738/789/769 784/790/770 737/791/771
f 737/791/771 784/790/770 785/792/772
f 737/791/771 785/792/772 736/793/773
f 736/793/773 785/792/772 786/794/774
f 736/793/773 786/794/774 735/795/775
f 735/795/775 786/794/774 787/796/776
f 735/795/775 787/796/776 734/797/777
f 734/797/777 787/796/776 788/798/778
f 734/797/777 788/798/778 733/799/779
f 733/799/779 788/798/778 789/800/780
f 733/799/779 789/800/780 732/801/781
f 732/801/781 789/800/780 790/802/782
f 732/801/781 790/802/782 731/803/783
f 731/803/783 790/802/782 791/804/784
f 731/803/783 791/804/784 730/805/785
f 730/805/785 791/804/784 792/806/786
f 730/805/785 792/806/786 729/807/787
f 729/807/787 792/806/786 793/808/788
f 729/807/787 793/808/788 728/809/789
f 728/809/789 793/808/788 794/810/790
f 728/809/789 794/810/790 727/811/791
f 727/811/791 794/810/790 795/812/792
f 727/811/791 795/812/792 726/813/793
f 726/813/793 795/812/792 796/814/794
f 726/813/793 796/814/794 725/815/795
f 725/815/795 796/814/794 797/816/796
f 725/815/795 797/816/796 724/817/797
f 724/817/797 797/816/796 798/818/798
f 724/817/797 798/818/798 723/819/799
f 723/819/799 798/818/798 799/820/800
f 723/819/799 799/820/800 722/739/721
f 722/739/721 799/820/800 800/740/722
f 802/821/801 880/822/802 801/823/803
f 801/823/803 880/822/802 841/824/804
f 801/825/803 841/826/804 840/827/805
f 840/827/805 841/826/804 842/828/806
f 840/827/805 842/828/806 839/829/807
f 839/829/807 842/828/806 843/830/808
f 839/829/807 843/830/808 838/831/809
f 838/831/809 843/830/808 844/832/810
f 838/831/809 844/832/810 837/833/811
f 837/833/811 844/832/810 845/834/812
f 837/833/811 845/834/812 836/835/813
f 836/835/813 845/834/812 846/836/814
f 836/835/813 846/836/814 835/837/815
f 835/837/815 846/836/814 847/838/816
f 835/837/815 847/838/816 834/839/817
f 834/839/817 847/838/816 848/840/818
f 834/839/817 848/840/818 833/841/819
f 833/841/819 848/840/818 849/842/820
f 833/841/819 849/842/820 832/843/821
f 832/843/821 849/842/820 850/844/822
f 832/843/821 850/844/822 831/845/823
f 831/845/823 850/844/822 851/846/824
f 831/845/823 851/846/824 830/847/825
f 830/847/825 851/846/824 852/848/826
f 830/847/825 852/848/826 829/849/827
f 829/849/827 852/848/826 853/850/828
f 829/849/827 853/850/828 828/851/829
f 828/851/829 853/850/828 854/852/830
f 828/851/829 854/852/830 827/853/831
f 827/853/831 854/852/830 855/854/832
f 827/853/831 855/854/832 826/855/833
f 826/855/833 855/854/832 856/856/834
f 826/855/833 856/856/834 825/857/835
f 825/857/835 856/856/834 857/858/836
f 825/857/835 857/858/836 824/859/837
f 824/859/837 857/858/836 858/860/838
f 824/859/837 858/860/838 823/861/839
f 823/861/839 858/860/838 859/862/840
f 823/861/839 859/862/840 822/863/841
f 822/863/841 859/862/840 860/864/842
f 822/863/841 860/864/842 821/865/843
f 821/865/843 860/864/842 861/866/844
f 821/865/843 861/866/844 820/867/845
f 820/867/845 861/866/844 862/868/846
f 820/867/845 862/868/846 819/869/847
f 819/869/847 862/868/846 863/870/848
f 819/869/847 863/870/848 818/871/849
f 818/871/849 863/870/848 864/872/850
f 818/871/849 864/872/850 817/873/851
f 817/873/851 864/872/850 865/874/852
f 817/873/851 865/874/852 816/875/853
f 816/875/853 865/874/852 866/876/854
f 816/875/853 866/876/854 815/877/855
f 815/877/855 866/876/854 867/878/856
f 815/877/855 867/878/856 814/879/857
f 814/879/857 867/878/856 868/880/858
f 814/879/857 868/880/858 813/881/859
f 813/881/859 868/880/858 869/882/860
f 813/881/859 869/882/860 812/883/861
f 812/883/861 869/882/860 870/884/862
f 812/883/861 870/884/862 811/885/863
f 811/885/863 870/884/862 871/886/864
f 811/885/863 871/886/864 810/887/865
f 810/887/865 871/886/864 872/888/866
f 810/887/865 872/888/866 809/889/867
f 809/889/867 872/888/866 873/890/868
f 809/889/867 873/890/868 808/891/869
f 808/891/869 873/890/868 874/892/870
f 808/891/869 874/892/870 807/893/871
f 807/893/871 874/892/870 875/894/872
f 807/893/871 875/894/872 806/895/873
f 806/895/873 875/894/872 876/896/874
f 806/895/873 876/896/874 805/897/875
f 805/897/875 876/896/874 877/898/876
f 805/897/875 877/898/876 804/899/877
f 804/899/877 877/898/876 878/900/878
f 804/899/877 878/900/878 803/901/879
f 803/901/879 878/900/878 879/902/880
f 803/901/879 879/902/880 802/821/801
f 802/821/801 879/902/880 880/822/802
f 882/903/881 960/904/882 881/905/883
f 881/905/883 960/904/882 921/906/884
f 881/907/883 921/908/884 920/909/885
f 920/909/885 921/908/884 922/910/886
f 920/909/885 922/910/886 919/911/887
f 919/911/887 922/910/886 923/912/888
f 919/911/887 923/912/888 918/913/889
f 918/913/889 923/912/888 924/914/890
f 918/913/889 924/914/890 917/915/891
f 917/915/891 924/914/890 925/916/892
f 917/915/891 925/916/892 916/917/893
f 916/917/893 925/916/892 926/918/894
f 916/917/893 926/918/894 915/919/895
f 915/919/895 926/918/894 927/920/896
f 915/919/895 927/920/896 914/921/897
f 914/921/897 927/920/896 928/922/898
f 914/921/897 928/922/898 913/923/899
f 913/923/899 928/922/898 929/924/900
f 913/923/899 929/924/900 912/925/901
f 912/925/901 929/924/900 930/926/902
f 912/925/901 930/926/902 911/927/903
f 911/927/903 930/926/902 931/928/904
f 911/927/903 931/928/904 910/929/905
f 910/929/905 931/928/904 932/930/906
f 910/929/905 932/930/906 909/931/907
f 909/931/907 932/930/906 933/932/908
f 909/931/907 933/932/908 908/933/909
f 908/933/909 933/932/908 934/934/910
f 908/933/909 934/934/910 907/935/911
f 907/935/911 934/934/910 935/936/912
f 907/935/911 935/936/912 906/937/913
f 906/937/913 935/936/912 936/938/914
f 906/937/913 936/938/914 905/939/915
f 905/939/915 936/938/914 937/940/916
f 905/939/915 937/940/916 904/941/917
f 904/941/917 937/940/916 938/942/918
f 904/941/917 938/942/918 903/943/919
f 903/943/919 938/942/918 939/944/920
f 903/943/919 939/944/920 902/945/921
f 902/945/921 939/944/920 940/946/922
f 902/945/921 940/946/922 901/947/923
f 901/947/923 940/946/922 941/948/924
f 901/947/923 941/948/924 900/949/925
f 900/949/925 941/948/924 942/950/926
f 900/949/925 942/950/926 899/951/927
f 899/951/927 942/950/926 943/952/928
f 899/951/927 943/952/928 898/953/929
f 898/953/929 943/952/928 944/954/930
f 898/953/929 944/954/930 897/955/931
f 897/955/931 944/954/930 945/956/932
f 897/955/931 945/956/932 896/957/933
f 896/957/933 945/956/932 946/958/934
f 896/957/933 946/958/934 895/959/935
f 895/959/935 946/958/934 947/960/936
f 895/959/935 947/960/936 894/961/937
f 894/961/937 947/960/936 948/962/938
f 894/961/937 948/962/938 893/963/939
f 893/963/939 948/962/938 949/964/940
f 893/963/939 949/964/940 892/965/941
f 892/965/941 949/964/940 950/966/942
f 892/965/941 950/966/942 891/967/943
f 891/967/943 950/966/942 951/968/944
f 891/967/943 951/968/944 890/969/945
f 890/969/945 951/968/944 952/970/946
f 890/969/945 952/970/946 889/971/947
f 889/971/947 952/970/946 953/972/948
f 889/971/947 953/972/948 888/973/949
f 888/973/949 953/972/948 954/974/950
f 888/973/949 954/974/950 887/975/951
f 887/975/951 954/974/950 955/976/952
f 887/975/951 955/976/952 886/977/953
f 886/977/953 955/976/952 956/978/954
f 886/977/953 956/978/954 885/979/955
f 885/979/955 956/978/954 957/980/956
f 885/979/955 957/980/956 884/981/957
f 884/981/957 957/980/956 958/982/958
f 884/981/957 958/982/958 883/983/959
f 883/983/959 958/982/958 959/984/960
f 883/983/959 959/984/960 882/903/881
f 882/903/881 959/984/960 960/904/882
f 962/985/961 1008/986/962 961/987/963
f 961/987/963 1008/986/962 985/988/964
f 961/989/963 985/990/964 984/991/965
f 984/991/965 985/990/964 986/992/966
f 984/991/965 986/992/966 983/993/967
f 983/993/967 986/992/966 987/994/968
f 983/993/967 987/994/968 982/995/969
f 982/995/969 987/994/968 988/996/970
f 982/995/969 988/996/970 981/997/971
f 981/997/971 988/996/970 989/998/972
f 981/997/971 989/998/972 980/999/973
f 980/999/973 989/998/972 990/1000/974
f 980/999/973 990/1000/974 979/1001/975
f 979/1001/975 990/1000/974 991/1002/976
f 979/1001/975 991/1002/976 978/1003/977
f 978/1003/977 991/1002/976 992/1004/978
f 978/1003/977 992/1004/978 977/1005/979
f 977/1005/979 992/1004/978 993/1006/980
f 977/1005/979 993/1006/980 976/1007/981
f 976/1007/981 993/1006/980 994/1008/982
f 976/1007/981 994/1008/982 975/1009/983
f 975/1009/983 994/1008/982 995/1010/984
f 975/1009/983 995/1010/984 974/1011/985
f 974/1011/985 995/1010/984 996/1012/986
f 974/1011/985 996/1012/986 973/1013/987
f 973/1013/987 996/1012/986 997/1014/988
f 973/1013/987 997/1014/988 972/1015/989
f 972/1015/989 997/1014/988 998/1016/990
f 972/1015/989 998/1016/990 971/1017/991
f 971/1017/991 998/1016/990 999/1018/992
f 971/1017/991 999/1018/992 970/1019/993
f 970/1019/993 999/1018/992 1000/1020/994
f 970/1019/993 1000/1020/994 969/1021/995
f 969/1021/995 1000/1020/994 1001/1022/996
f 969/1021/995 1001/1022/996 968/1023/997
f 968/1023/997 1001/1022/996 1002/1024/998
f 968/1023/997 1002/1024/998 967/1025/999
f 967/1025/999 1002/1024/998 1003/1026/1000
f 967/1025/999 1003/1026/1000 966/1027/1001
f 966/1027/1001 1003/1026/1000 1004/1028/1002
f 966/1027/1001 1004/1028/1002 965/1029/1003
f 965/1029/1003 1004/1028/1002 1005/1030/1004
f 965/1029/1003 1005/1030/1004 964/1031/1005
f 964/1031/1005 1005/1030/1004 1006/1032/1006
f 964/1031/1005 1006/1032/1006 963/1033/1007
f 963/1033/1007 1006/1032/1006 1007/1034/1008
f 963/1033/1007 1007/1034/1008 962/985/961
f 962/985/961 1007/1034/1008 1008/986/962
f 984/1035/1009 974/1036/1010 961/1037/1011
f 961/1037/1011 974/1036/1010 973/1038/1012
f 961/1037/1011 973/1038/1012 962/1039/1013
f 962/1039/1013 973/1038/1012 972/1040/1014
f 962/1039/1013 972/1040/1014 963/1041/1015
f 963/1041/1015 972/1040/1014 971/1042/1016
f 963/1041/1015 971/1042/1016 964/1043/1017
f 964/1043/1017 971/1042/1016 970/1044/1018
f 964/1043/1017 970/1044/1018 965/1045/1019
f 965/1045/1019 970/1044/1018 969/1046/1020
f 965/1045/1019 969/1046/1020 966/1047/1021
f 966/1047/1021 969/1046/1020 968/1048/1022
f 966/1047/1021 968/1048/1022 967/1049/1023
f 974/1036/1010 984/1035/1009 975/1050/1024
f 975/1050/1024 984/1035/1009 983/1051/1025
f 975/1050/1024 983/1051/1025 976/1052/1026
f 976/1052/1026 983/1051/1025 982/1053/1027
f 976/1052/1026 982/1053/1027 977/1054/1028
f 977/1054/1028 982/1053/1027 981/1055/1029
f 977/1054/1028 981/1055/1029 978/1056/1030
f 978/1056/1030 981/1055/1029 980/1057/1031
f 978/1056/1030 980/1057/1031 979/1058/1032
f 1010/1059/1033 1056/1060/1034 1009/1061/1035
f 1009/1061/1035 1056/1060/1034 1033/1062/1036
f 1009/1063/1035 1033/1064/1036 1032/1065/1037
f 1032/1065/1037 1033/1064/1036 1034/1066/1038
f 1032/1065/1037 1034/1066/1038 1031/1067/1039
f 1031/1067/1039 1034/1066/1038 1035/1068/1040
f 1031/1067/1039 1035/1068/1040 1030/1069/1041
f 1030/1069/1041 1035/1068/1040 1036/1070/1042
f 1030/1069/1041 1036/1070/1042 1029/1071/1043
f 1029/1071/1043 1036/1070/1042 1037/1072/1044
f 1029/1071/1043 1037/1072/1044 1028/1073/1045
f 1028/1073/1045 1037/1072/1044 1038/1074/1046
f 1028/1073/1045 1038/1074/1046 1027/1075/1047
f 1027/1075/1047 1038/1074/1046 1039/1076/1048
f 1027/1075/1047 1039/1076/1048 1026/1077/1049
f 1026/1077/1049 1039/1076/1048 1040/1078/1050
f 1026/1077/1049 1040/1078/1050 1025/1079/1051
f 1025/1079/1051 1040/1078/1050 1041/1080/1052
f 1025/1079/1051 1041/1080/1052 1024/1081/1053
f 1024/1081/1053 1041/1080/1052 1042/1082/1054
f 1024/1081/1053 1042/1082/1054 1023/1083/1055
f 1023/1083/1055 1042/1082/1054 1043/1084/1056
f 1023/1083/1055 1043/1084/1056 1022/1085/1057
f 1022/1085/1057 1043/1084/1056 1044/1086/1058
f 1022/1085/1057 1044/1086/1058 1021/1087/1059
f 1021/1087/1059 1044/1086/1058 1045/1088/1060
f 1021/1087/1059 1045/1088/1060 1020/1089/1061
f 1020/1089/1061 1045/1088/1060 1046/1090/1062
f 1020/1089/1061 1046/1090/1062 1019/1091/1063
f 1019/1091/1063 1046/1090/1062 1047/1092/1064
f 1019/1091/1063 1047/1092/1064 1018/1093/1065
f 1018/1093/1065 1047/1092/1064 1048/1094/1066
f 1018/1093/1065 1048/1094/1066 1017/1095/1067
f 1017/1095/1067 1048/1094/1066 1049/1096/1068
f 1017/1095/1067 1049/1096/1068 1016/1097/1069
f 1016/1097/1069 1049/1096/1068 1050/1098/1070
f 1016/1097/1069 1050/1098/1070 1015/1099/1071
f 1015/1099/1071 1050/1098/1070 1051/1100/1072
f 1015/1099/1071 1051/1100/1072 1014/1101/1073
f 1014/1101/1073 1051/1100/1072 1052/1102/1074
f 1014/1101/1073 1052/1102/1074 1013/1103/1075
f 1013/1103/1075 1052/1102/1074 1053/1104/1076
f 1013/1103/1075 1053/1104/1076 1012/1105/1077
f 1012/1105/1077 1053/1104/1076 1054/1106/1078
f 1012/1105/1077 1054/1106/1078 1011/1107/1079
f 1011/1107/1079 1054/1106/1078 1055/1108/1080
f 1011/1107/1079 1055/1108/1080 1010/1059/1033
f 1010/1059/1033 1055/1108/1080 1056/1060/1034
f 1032/1109/1081 1022/1110/1082 1009/1111/1083
f 1009/1111/1083 1022/1110/1082 1021/1112/1084
f 1009/1111/1083 1021/1112/1084 1010/1113/1085
f 1010/1113/1085 1021/1112/1084 1020/1114/1086
f 1010/1113/1085 1020/1114/1086 1011/1115/1087
f 1011/1115/1087 1020/1114/1086 1019/1116/1088
f 1011/1115/1087 1019/1116/1088 1012/1117/1089
f 1012/1117/1089 1019/1116/1088 1018/1118/1090
f 1012/1117/1089 1018/1118/1090 1013/1119/1091
f 1013/1119/1091 1018/1118/1090 1017/1120/1092
f 1013/1119/1091 1017/1120/1092 1014/1121/1093
f 1014/1121/1093 1017/1120/1092 1016/1122/1094
f 1014/1121/1093 1016/1122/1094 1015/1123/1095
f 1022/1110/1082 1032/1109/1081 1023/1124/1096
f 1023/1124/1096 1032/1109/1081 1031/1125/1097
f 1023/1124/1096 1031/1125/1097 1024/1126/1098
f 1024/1126/1098 1031/1125/1097 1030/1127/1099
f 1024/1126/1098 1030/1127/1099 1025/1128/1100
f 1025/1128/1100 1030/1127/1099 1029/1129/1101
f 1025/1128/1100 1029/1129/1101 1026/1130/1102
f 1026/1130/1102 1029/1129/1101 1028/1131/1103
f 1026/1130/1102 1028/1131/1103 1027/1132/1104
f 1058/1133/1105 1104/1134/1106 1057/1135/1107
f 1057/1135/1107 1104/1134/1106 1081/1136/1108
f 1057/1137/1107 1081/1138/1108 1080/1139/1109
f 1080/1139/1109 1081/1138/1108 1082/1140/1110
f 1080/1139/1109 1082/1140/1110 1079/1141/1111
f 1079/1141/1111 1082/1140/1110 1083/1142/1112
f 1079/1141/1111 1083/1142/1112 1078/1143/1113
f 1078/1143/1113 1083/1142/1112 1084/1144/1114
f 1078/1143/1113 1084/1144/1114 1077/1145/1115
f 1077/1145/1115 1084/1144/1114 1085/1146/1116
f 1077/1145/1115 1085/1146/1116 1076/1147/1117
f 1076/1147/1117 1085/1146/1116 1086/1148/1118
f 1076/1147/1117 1086/1148/1118 1075/1149/1119
f 1075/1149/1119 1086/1148/1118 1087/1150/1120
f 1075/1149/1119 1087/1150/1120 1074/1151/1121
f 1074/1151/1121 1087/1150/1120 1088/1152/1122
f 1074/1151/1121 1088/1152/1122 1073/1153/1123
f 1073/1153/1123 1088/1152/1122 1089/1154/1124
f 1073/1153/1123 1089/1154/1124 1072/1155/1125
f 1072/1155/1125 1089/1154/1124 1090/1156/1126
f 1072/1155/1125 1090/1156/1126 1071/1157/1127
f 1071/1157/1127 1090/1156/1126 1091/1158/1128
f 1071/1157/1127 1091/1158/1128 1070/1159/1129
f 1070/1159/1129 1091/1158/1128 1092/1160/1130
f 1070/1159/1129 1092/1160/1130 1069/1161/1131
f 1069/1161/1131 1092/1160/1130 1093/1162/1132
f 1069/1161/1131 1093/1162/1132 1068/1163/1133
f 1068/1163/1133 1093/1162/1132 1094/1164/1134
f 1068/1163/1133 1094/1164/1134 1067/1165/1135
f 1067/1165/1135 1094/1164/1134 1095/1166/1136
f 1067/1165/1135 1095/1166/1136 1066/1167/1137
f 1066/1167/1137 1095/1166/1136 1096/1168/1138
f 1066/1167/1137 1096/1168/1138 1065/1169/1139
f 1065/1169/1139 1096/1168/1138 1097/1170/1140
f 1065/1169/1139 1097/1170/1140 1064/1171/1141
f 1064/1171/1141 1097/1170/1140 1098/1172/1142
f 1064/1171/1141 1098/1172/1142 1063/1173/1143
f 1063/1173/1143 1098/1172/1142 1099/1174/1144
f 1063/1173/1143 1099/1174/1144 1062/1175/1145
f 1062/1175/1145 1099/1174/1144 1100/1176/1146
f 1062/1175/1145 1100/1176/1146 1061/1177/1147
f 1061/1177/1147 1100/1176/1146 1101/1178/1148
f 1061/1177/1147 1101/1178/1148 1060/1179/1149
f 1060/1179/1149 1101/1178/1148 1102/1180/1150
f 1060/1179/1149 1102/1180/1150 1059/1181/1151
f 1059/1181/1151 1102/1180/1150 1103/1182/1152
f 1059/1181/1151 1103/1182/1152 1058/1133/1105
f 1058/1133/1105 1103/1182/1152 1104/1134/1106
f 1080/1183/1153 1070/1184/1154 1057/1185/1155
f 1057/1185/1155 1070/1184/1154 1069/1186/1156
f 1057/1185/1155 1069/1186/1156 1058/1187/1157
f 1058/1187/1157 1069/1186/1156 1068/1188/1158
f 1058/1187/1157 1068/1188/1158 1059/1189/1159
f 1059/1189/1159 1068/1188/1158 1067/1190/1160
f 1059/1189/1159 1067/1190/1160 1060/1191/1161
f 1060/1191/1161 1067/1190/1160 1066/1192/1162
f 1060/1191/1161 1066/1192/1162 1061/1193/1163
f 1061/1193/1163 1066/1192/1162 1065/1194/1164
f 1061/1193/1163 1065/1194/1164 1062/1195/1165
f 1062/1195/1165 1065/1194/1164 1064/1196/1166
f 1062/1195/1165 1064/1196/1166 1063/1197/1167
f 1070/1184/1154 1080/1183/1153 1071/1198/1168
f 1071/1198/1168 1080/1183/1153 1079/1199/1169
f 1071/1198/1168 1079/1199/1169 1072/1200/1170
f 1072/1200/1170 1079/1199/1169 1078/1201/1171
f 1072/1200/1170 1078/1201/1171 1073/1202/1172
f 1073/1202/1172 1078/1201/1171 1077/1203/1173
f 1073/1202/1172 1077/1203/1173 1074/1204/1174
f 1074/1204/1174 1077/1203/1173 1076/1205/1175
f 1074/1204/1174 1076/1205/1175 1075/1206/1176
f 1105/1207/1177 1106/1208/1178 1116/1209/1179
f 1116/1209/1179 1106/1208/1178 1107/1210/1180
f 1116/1209/1179 1107/1210/1180 1115/1211/1181
f 1115/1211/1181 1107/1210/1180 1108/1212/1182
f 1115/1211/1181 1108/1212/1182 1114/1213/1183
f 1114/1213/1183 1108/1212/1182 1109/1214/1184
f 1114/1213/1183 1109/1214/1184 1113/1215/1185
f 1113/1215/1185 1109/1214/1184 1110/1216/1186
f 1113/1215/1185 1110/1216/1186 1112/1217/1187
f 1112/1217/1187 1110/1216/1186 1111/1218/1188
f 1117/1219/1189 1136/1220/1190 1106/1221/1191
f 1106/1222/1191 1136/1223/1190 1137/1224/1192
f 1106/1222/1191 1137/1224/1192 1107/1225/1193
f 1107/1225/1193 1137/1224/1192 1138/1226/1194
f 1107/1225/1193 1138/1226/1194 1108/1227/1195
f 1108/1227/1195 1138/1226/1194 1139/1228/1196
f 1108/1227/1195 1139/1228/1196 1109/1229/1197
f 1109/1229/1197 1139/1228/1196 1140/1230/1198
f 1109/1229/1197 1140/1230/1198 1110/1231/1199
f 1110/1231/1199 1140/1230/1198 1141/1232/1200
f 1110/1231/1199 1141/1232/1200 1111/1233/1201
f 1111/1233/1201 1141/1232/1200 1142/1234/1202
f 1111/1233/1201 1142/1234/1202 1112/1235/1203
f 1112/1235/1203 1142/1234/1202 1143/1236/1204
f 1112/1235/1203 1143/1236/1204 1113/1237/1205
f 1113/1237/1205 1143/1236/1204 1144/1238/1206
f 1113/1237/1205 1144/1238/1206 1114/1239/1207
f 1114/1239/1207 1144/1238/1206 1145/1240/1208
f 1114/1239/1207 1145/1240/1208 1115/1241/1209
f 1115/1241/1209 1145/1240/1208 1146/1242/1210
f 1115/1241/1209 1146/1242/1210 1116/1243/1211
f 1116/1243/1211 1146/1242/1210 1147/1244/1212
f 1116/1243/1211 1147/1244/1212 1105/1245/1213
f 1105/1245/1213 1147/1244/1212 1148/1246/1214
f 1105/1245/1213 1148/1246/1214 1135/1247/1215
f 1135/1247/1215 1148/1246/1214 1149/1248/1216
f 1135/1247/1215 1149/1248/1216 1134/1249/1217
f 1134/1249/1217 1149/1248/1216 1133/1250/1218
f 1133/1250/1218 1149/1248/1216 1150/1251/1219
f 1133/1250/1218 1150/1251/1219 1132/1252/1220
f 1132/1252/1220 1150/1251/1219 1151/1253/1221
f 1132/1252/1220 1151/1253/1221 1131/1254/1222
f 1131/1254/1222 1151/1253/1221 1152/1255/1223
f 1131/1254/1222 1152/1255/1223 1130/1256/1224
f 1130/1256/1224 1152/1255/1223 1153/1257/1225
f 1130/1256/1224 1153/1257/1225 1129/1258/1226
f 1129/1258/1226 1153/1257/1225 1128/1259/1227
f 1128/1259/1227 1153/1257/1225 1127/1260/1228
f 1127/1260/1228 1153/1257/1225 1154/1261/1229
f 1127/1260/1228 1154/1261/1229 1126/1262/1230
f 1126/1262/1230 1154/1261/1229 1125/1263/1231
f 1125/1263/1231 1154/1261/1229 1155/1264/1232
f 1125/1263/1231 1155/1264/1232 1124/1265/1233
f 1124/1265/1233 1155/1264/1232 1123/1266/1234
f 1123/1266/1234 1155/1264/1232 1156/1267/1235
f 1123/1266/1234 1156/1267/1235 1122/1268/1236
f 1122/1268/1236 1156/1267/1235 1121/1269/1237
f 1121/1269/1237 1156/1267/1235 1157/1270/1238
f 1121/1269/1237 1157/1270/1238 1120/1271/1239
f 1120/1271/1239 1157/1270/1238 1158/1272/1240
f 1120/1271/1239 1158/1272/1240 1119/1273/1241
f 1119/1273/1241 1158/1272/1240 1159/1274/1242
f 1119/1273/1241 1159/1274/1242 1118/1275/1243
f 1118/1275/1243 1159/1274/1242 1136/1220/1190
f 1118/1275/1243 1136/1220/1190 1117/1219/1189
f 1161/1276/1244 1207/1277/1245 1160/1278/1246
f 1160/1278/1246 1207/1277/1245 1184/1279/1247
f 1160/1280/1246 1184/1281/1247 1183/1282/1248
f 1183/1282/1248 1184/1281/1247 1185/1283/1249
f 1183/1282/1248 1185/1283/1249 1182/1284/1250
f 1182/1284/1250 1185/1283/1249 1186/1285/1251
f 1182/1284/1250 1186/1285/1251 1181/1286/1252
f 1181/1286/1252 1186/1285/1251 1187/1287/1253
f 1181/1286/1252 1187/1287/1253 1180/1288/1254
f 1180/1288/1254 1187/1287/1253 1188/1289/1255
f 1180/1288/1254 1188/1289/1255 1179/1290/1256
f 1179/1290/1256 1188/1289/1255 1189/1291/1257
f 1179/1290/1256 1189/1291/1257 1178/1292/1258
f 1178/1292/1258 1189/1291/1257 1190/1293/1259
f 1178/1292/1258 1190/1293/1259 1177/1294/1260
f 1177/1294/1260 1190/1293/1259 1191/1295/1261
f 1177/1294/1260 1191/1295/1261 1176/1296/1262
f 1176/1296/1262 1191/1295/1261 1192/1297/1263
f 1176/1296/1262 1192/1297/1263 1175/1298/1264
f 1175/1298/1264 1192/1297/1263 1193/1299/1265
f 1175/1298/1264 1193/1299/1265 1174/1300/1266
f 1174/1300/1266 1193/1299/1265 1194/1301/1267
f 1174/1300/1266 1194/1301/1267 1173/1302/1268
f 1173/1302/1268 1194/1301/1267 1195/1303/1269
f 1173/1302/1268 1195/1303/1269 1172/1304/1270
f 1172/1304/1270 1195/1303/1269 1196/1305/1271
f 1172/1304/1270 1196/1305/1271 1171/1306/1272
f 1171/1306/1272 1196/1305/1271 1197/1307/1273
f 1171/1306/1272 1197/1307/1273 1170/1308/1274
f 1170/1308/1274 1197/1307/1273 1198/1309/1275
f 1170/1308/1274 1198/1309/1275 1169/1310/1276
f 1169/1310/1276 1198/1309/1275 1199/1311/1277
f 1169/1310/1276 1199/1311/1277 1168/1312/1278
f 1168/1312/1278 1199/1311/1277 1200/1313/1279
f 1168/1312/1278 1200/1313/1279 1167/1314/1280
f 1167/1314/1280 1200/1313/1279 1201/1315/1281
f 1167/1314/1280 1201/1315/1281 1166/1316/1282
f 1166/1316/1282 1201/1315/1281 1202/1317/1283
f 1166/1316/1282 1202/1317/1283 1165/1318/1284
f 1165/1318/1284 1202/1317/1283 1203/1319/1285
f 1165/1318/1284 1203/1319/1285 1164/1320/1286
f 1164/1320/1286 1203/1319/1285 1204/1321/1287
f 1164/1320/1286 1204/1321/1287 1163/1322/1288
f 1163/1322/1288 1204/1321/1287 1205/1323/1289
f 1163/1322/1288 1205/1323/1289 1162/1324/1290
f 1162/1324/1290 1205/1323/1289 1206/1325/1291
f 1162/1324/1290 1206/1325/1291 1161/1276/1244
f 1161/1276/1244 1206/1325/1291 1207/1277/1245
f 1183/1326/1292 1173/1327/1293 1160/1328/1294
f 1160/1328/1294 1173/1327/1293 1172/1329/1295
f 1160/1328/1294 1172/1329/1295 1161/1330/1296
f 1161/1330/1296 1172/1329/1295 1171/1331/1297
f 1161/1330/1296 1171/1331/1297 1162/1332/1298
f 1162/1332/1298 1171/1331/1297 1170/1333/1299
f 1162/1332/1298 1170/1333/1299 1163/1334/1300
f 1163/1334/1300 1170/1333/1299 1169/1335/1301
f 1163/1334/1300 1169/1335/1301 1164/1336/1302
f 1164/1336/1302 1169/1335/1301 1168/1337/1303
f 1164/1336/1302 1168/1337/1303 1165/1338/1304
f 1165/1338/1304 1168/1337/1303 1167/1339/1305
f 1165/1338/1304 1167/1339/1305 1166/1340/1306
f 1173/1327/1293 1183/1326/1292 1174/1341/1307
f 1174/1341/1307 1183/1326/1292 1182/1342/1308
f 1174/1341/1307 1182/1342/1308 1175/1343/1309
f 1175/1343/1309 1182/1342/1308 1181/1344/1310
f 1175/1343/1309 1181/1344/1310 1176/1345/1311
f 1176/1345/1311 1181/1344/1310 1180/1346/1312
f 1176/1345/1311 1180/1346/1312 1177/1347/1313
f 1177/1347/1313 1180/1346/1312 1179/1348/1314
f 1177/1347/1313 1179/1348/1314 1178/1349/1315
f 1208/1350/1316 1209/1351/1317 1219/1352/1318
f 1219/1352/1318 1209/1351/1317 1210/1353/1319
f 1219/1352/1318 1210/1353/1319 1218/1354/1320
f 1218/1354/1320 1210/1353/1319 1211/1355/1321
f 1218/1354/1320 1211/1355/1321 1217/1356/1322
f 1217/1356/1322 1211/1355/1321 1212/1357/1323
f 1217/1356/1322 1212/1357/1323 1216/1358/1324
f 1216/1358/1324 1212/1357/1323 1213/1359/1325
f 1216/1358/1324 1213/1359/1325 1215/1360/1326
f 1215/1360/1326 1213/1359/1325 1214/1361/1327
f 1220/1362/1328 1239/1363/1329 1209/1364/1330
f 1209/1365/1330 1239/1366/1329 1240/1367/1331
f 1209/1365/1330 1240/1367/1331 1210/1368/1332
f 1210/1368/1332 1240/1367/1331 1241/1369/1333
f 1210/1368/1332 1241/1369/1333 1211/1370/1334
f 1211/1370/1334 1241/1369/1333 1242/1371/1335
f 1211/1370/1334 1242/1371/1335 1212/1372/1336
f 1212/1372/1336 1242/1371/1335 1243/1373/1337
f 1212/1372/1336 1243/1373/1337 1213/1374/1338
f 1213/1374/1338 1243/1373/1337 1244/1375/1339
f 1213/1374/1338 1244/1375/1339 1214/1376/1340
f 1214/1376/1340 1244/1375/1339 1245/1377/1341
f 1214/1376/1340 1245/1377/1341 1215/1378/1342
f 1215/1378/1342 1245/1377/1341 1246/1379/1343
f 1215/1378/1342 1246/1379/1343 1216/1380/1344
f 1216/1380/1344 1246/1379/1343 1247/1381/1345
f 1216/1380/1344 1247/1381/1345 1217/1382/1346
f 1217/1382/1346 1247/1381/1345 1248/1383/1347
f 1217/1382/1346 1248/1383/1347 1218/1384/1348
f 1218/1384/1348 1248/1383/1347 1249/1385/1349
f 1218/1384/1348 1249/1385/1349 1219/1386/1350
f 1219/1386/1350 1249/1385/1349 1250/1387/1351
f 1219/1386/1350 1250/1387/1351 1208/1388/1352
f 1208/1388/1352 1250/1387/1351 1251/1389/1353
f 1208/1388/1352 1251/1389/1353 1238/1390/1354
f 1238/1390/1354 1251/1389/1353 1252/1391/1355
f 1238/1390/1354 1252/1391/1355 1237/1392/1356
f 1237/1392/1356 1252/1391/1355 1236/1393/1357
f 1236/1393/1357 1252/1391/1355 1253/1394/1358
f 1236/1393/1357 1253/1394/1358 1235/1395/1359
f 1235/1395/1359 1253/1394/1358 1254/1396/1360
f 1235/1395/1359 1254/1396/1360 1234/1397/1361
f 1234/1397/1361 1254/1396/1360 1255/1398/1362
f 1234/1397/1361 1255/1398/1362 1233/1399/1363
f 1233/1399/1363 1255/1398/1362 1256/1400/1364
f 1233/1399/1363 1256/1400/1364 1232/1401/1365
f 1232/1401/1365 1256/1400/1364 1231/1402/1366
f 1231/1402/1366 1256/1400/1364 1230/1403/1367
f 1230/1403/1367 1256/1400/1364 1257/1404/1368
f 1230/1403/1367 1257/1404/1368 1229/1405/1369
f 1229/1405/1369 1257/1404/1368 1228/1406/1370
f 1228/1406/1370 1257/1404/1368 1258/1407/1371
f 1228/1406/1370 1258/1407/1371 1227/1408/1372
f 1227/1408/1372 1258/1407/1371 1226/1409/1373
f 1226/1409/1373 1258/1407/1371 1259/1410/1374
f 1226/1409/1373 1259/1410/1374 1225/1411/1375
f 1225/1411/1375 1259/1410/1374 1224/1412/1376
f 1224/1412/1376 1259/1410/1374 1260/1413/1377
f 1224/1412/1376 1260/1413/1377 1223/1414/1378
f 1223/1414/1378 1260/1413/1377 1261/1415/1379
f 1223/1414/1378 1261/1415/1379 1222/1416/1380
f 1222/1416/1380 1261/1415/1379 1262/1417/1381
f 1222/1416/1380 1262/1417/1381 1221/1418/1382
f 1221/1418/1382 1262/1417/1381 1239/1363/1329
f 1221/1418/1382 1239/1363/1329 1220/1362/1328
f 1104/1419/1383 1197/1420/1384 1081/1421/1385
f 1081/1421/1385 1197/1420/1384 1196/1422/1386
f 1081/1421/1385 1196/1422/1386 1082/1423/1387
f 1082/1423/1387 1196/1422/1386 1195/1424/1388
f 1082/1423/1387 1195/1424/1388 1083/1425/1389
f 1083/1425/1389 1195/1424/1388 1194/1426/1390
f 1083/1425/1389 1194/1426/1390 1084/1427/1391
f 1084/1427/1391 1194/1426/1390 1193/1428/1392
f 1084/1427/1391 1193/1428/1392 1085/1429/1393
f 1085/1429/1393 1193/1428/1392 1192/1430/1394
f 1085/1429/1393 1192/1430/1394 1086/1431/1395
f 1086/1431/1395 1192/1430/1394 1191/1432/1396
f 1086/1431/1395 1191/1432/1396 1263/1433/1397
f 1263/1433/1397 1191/1432/1396 1266/1434/1398
f 1266/1434/1398 1191/1432/1396 1190/1435/1399
f 1266/1434/1398 1190/1435/1399 1189/1436/1400
f 1197/1420/1384 1104/1419/1383 1198/1437/1401
f 1198/1437/1401 1104/1419/1383 1103/1438/1402
f 1198/1437/1401 1103/1438/1402 1199/1439/1403
f 1199/1439/1403 1103/1438/1402 1102/1440/1404
f 1199/1439/1403 1102/1440/1404 1248/1441/1405
f 1248/1441/1405 1102/1440/1404 1139/1442/1406
f 1248/1441/1405 1139/1442/1406 1249/1443/1407
f 1249/1443/1407 1139/1442/1406 1138/1444/1408
f 1249/1443/1407 1138/1444/1408 1250/1445/1409
f 1250/1445/1409 1138/1444/1408 1137/1446/1410
f 1250/1445/1409 1137/1446/1410 1251/1447/1411
f 1251/1447/1411 1137/1446/1410 1136/1448/1412
f 1251/1447/1411 1136/1448/1412 1252/1449/1413
f 1252/1449/1413 1136/1448/1412 1159/1450/1414
f 1252/1449/1413 1159/1450/1414 1253/1451/1415
f 1253/1451/1415 1159/1450/1414 1158/1452/1416
f 1253/1451/1415 1158/1452/1416 1254/1453/1417
f 1254/1453/1417 1158/1452/1416 1157/1454/1418
f 1254/1453/1417 1157/1454/1418 1255/1455/1419
f 1255/1455/1419 1157/1454/1418 1156/1456/1420
f 1255/1455/1419 1156/1456/1420 1256/1457/1421
f 1256/1457/1421 1156/1456/1420 1155/1458/1422
f 1256/1457/1421 1155/1458/1422 1264/1459/1423
f 1264/1459/1423 1155/1458/1422 1154/1460/1424
f 1264/1459/1423 1154/1460/1424 1153/1461/1425
f 1102/1440/1404 1101/1462/1426 1139/1442/1406
f 1139/1442/1406 1101/1462/1426 1140/1463/1427
f 1140/1463/1427 1101/1462/1426 1100/1464/1428
f 1140/1463/1427 1100/1464/1428 1141/1465/1429
f 1141/1465/1429 1100/1464/1428 1099/1466/1430
f 1141/1465/1429 1099/1466/1430 1142/1467/1431
f 1142/1467/1431 1099/1466/1430 1143/1468/1432
f 1143/1468/1432 1099/1466/1430 1098/1469/1433
f 1143/1468/1432 1098/1469/1433 1144/1470/1434
f 1144/1470/1434 1098/1469/1433 1097/1471/1435
f 1144/1470/1434 1097/1471/1435 1145/1472/1436
f 1145/1472/1436 1097/1471/1435 1096/1473/1437
f 1145/1472/1436 1096/1473/1437 1146/1474/1438
f 1146/1474/1438 1096/1473/1437 1095/1475/1439
f 1146/1474/1438 1095/1475/1439 1147/1476/1440
f 1147/1476/1440 1095/1475/1439 1094/1477/1441
f 1147/1476/1440 1094/1477/1441 1263/1433/1397
f 1263/1433/1397 1094/1477/1441 1093/1478/1442
f 1263/1433/1397 1093/1478/1442 1092/1479/1443
f 1092/1479/1443 1091/1480/1444 1263/1433/1397
f 1263/1433/1397 1091/1480/1444 1090/1481/1445
f 1263/1433/1397 1090/1481/1445 1089/1482/1446
f 1089/1482/1446 1088/1483/1447 1263/1433/1397
f 1263/1433/1397 1088/1483/1447 1087/1484/1448
f 1263/1433/1397 1087/1484/1448 1086/1431/1395
f 1153/1461/1425 1152/1485/1449 1264/1459/1423
f 1264/1459/1423 1152/1485/1449 1151/1486/1450
f 1264/1459/1423 1151/1486/1450 1150/1487/1451
f 1150/1487/1451 1149/1488/1452 1264/1459/1423
f 1264/1459/1423 1149/1488/1452 1148/1489/1453
f 1264/1459/1423 1148/1489/1453 1147/1476/1440
f 1185/1490/1454 1184/1491/1455 1266/1434/1398
f 1266/1434/1398 1184/1491/1455 1207/1492/1456
f 1266/1434/1398 1207/1492/1456 1240/1493/1457
f 1240/1493/1457 1207/1492/1456 1206/1494/1458
f 1240/1493/1457 1206/1494/1458 1241/1495/1459
f 1241/1495/1459 1206/1494/1458 1205/1496/1460
f 1241/1495/1459 1205/1496/1460 1242/1497/1461
f 1242/1497/1461 1205/1496/1460 1204/1498/1462
f 1242/1497/1461 1204/1498/1462 1243/1499/1463
f 1243/1499/1463 1204/1498/1462 1203/1500/1464
f 1243/1499/1463 1203/1500/1464 1244/1501/1465
f 1244/1501/1465 1203/1500/1464 1202/1502/1466
f 1244/1501/1465 1202/1502/1466 1245/1503/1467
f 1245/1503/1467 1202/1502/1466 1246/1504/1468
f 1246/1504/1468 1202/1502/1466 1201/1505/1469
f 1246/1504/1468 1201/1505/1469 1247/1506/1470
f 1247/1506/1470 1201/1505/1469 1200/1507/1471
f 1247/1506/1470 1200/1507/1471 1248/1441/1405
f 1248/1441/1405 1200/1507/1471 1199/1439/1403
f 1189/1436/1400 1188/1508/1472 1266/1434/1398
f 1266/1434/1398 1188/1508/1472 1187/1509/1473
f 1266/1434/1398 1187/1509/1473 1186/1510/1474
f 1186/1510/1474 1185/1490/1454 1266/1434/1398
f 1240/1493/1457 1239/1511/1475 1265/1512/1476
f 1265/1512/1476 1239/1511/1475 1262/1513/1477
f 1265/1512/1476 1262/1513/1477 1261/1514/1478
f 1261/1514/1478 1260/1515/1479 1265/1512/1476
f 1265/1512/1476 1260/1515/1479 1259/1516/1480
f 1265/1512/1476 1259/1516/1480 1258/1517/1481
f 1258/1517/1481 1257/1518/1482 1265/1512/1476
f 1265/1512/1476 1257/1518/1482 1256/1457/1421
f 1265/1512/1476 1256/1457/1421 1264/1459/1423
f 1266/1434/1398 1240/1493/1457 1265/1512/1476
f 1263/1433/1397 1264/1459/1423 1147/1476/1440
f 1267/1519/1483 1266/1520/1484 1265/1521/1485
f 1135/1522/1486 1264/1523/1487 1105/1524/1488
f 1105/1524/1488 1264/1523/1487 1268/1525/1489
f 1105/1524/1488 1268/1525/1489 1106/1526/1490
f 1106/1526/1490 1268/1525/1489 1208/1527/1491
f 1106/1526/1490 1208/1527/1491 1117/1528/1492
f 1117/1528/1492 1208/1527/1491 1238/1529/1493
f 1117/1528/1492 1238/1529/1493 1118/1530/1494
f 1118/1530/1494 1238/1529/1493 1237/1531/1495
f 1118/1530/1494 1237/1531/1495 1119/1532/1496
f 1119/1532/1496 1237/1531/1495 1236/1533/1497
f 1119/1532/1496 1236/1533/1497 1120/1534/1498
f 1120/1534/1498 1236/1533/1497 1235/1535/1499
f 1120/1534/1498 1235/1535/1499 1121/1536/1500
f 1121/1536/1500 1235/1535/1499 1234/1537/1501
f 1121/1536/1500 1234/1537/1501 1122/1538/1502
f 1122/1538/1502 1234/1537/1501 1233/1539/1503
f 1122/1538/1502 1233/1539/1503 1123/1540/1504
f 1123/1540/1504 1233/1539/1503 1232/1541/1505
f 1123/1540/1504 1232/1541/1505 1264/1523/1487
f 1264/1523/1487 1232/1541/1505 1265/1542/1506
f 1265/1542/1506 1232/1541/1505 1231/1543/1507
f 1265/1542/1506 1231/1543/1507 1230/1544/1508
f 1135/1522/1486 1134/1545/1509 1264/1523/1487
f 1264/1523/1487 1134/1545/1509 1133/1546/1510
f 1264/1523/1487 1133/1546/1510 1132/1547/1511
f 1132/1547/1511 1131/1548/1512 1264/1523/1487
f 1264/1523/1487 1131/1548/1512 1130/1549/1513
f 1264/1523/1487 1130/1549/1513 1129/1550/1514
f 1129/1550/1514 1128/1551/1515 1264/1523/1487
f 1264/1523/1487 1128/1551/1515 1127/1552/1516
f 1264/1523/1487 1127/1552/1516 1126/1553/1517
f 1126/1553/1517 1125/1554/1518 1264/1523/1487
f 1264/1523/1487 1125/1554/1518 1124/1555/1519
f 1264/1523/1487 1124/1555/1519 1123/1540/1504
f 1230/1544/1508 1229/1556/1520 1265/1542/1506
f 1265/1542/1506 1229/1556/1520 1228/1557/1521
f 1265/1542/1506 1228/1557/1521 1227/1558/1522
f 1227/1558/1522 1226/1559/1523 1265/1542/1506
f 1265/1542/1506 1226/1559/1523 1225/1560/1524
f 1265/1542/1506 1225/1560/1524 1224/1561/1525
f 1224/1561/1525 1223/1562/1526 1265/1542/1506
f 1265/1542/1506 1223/1562/1526 1222/1563/1527
f 1265/1542/1506 1222/1563/1527 1221/1564/1528
f 1221/1564/1528 1220/1565/1529 1265/1542/1506
f 1265/1542/1506 1220/1565/1529 1209/1566/1530
f 1265/1542/1506 1209/1566/1530 1267/1567/1531
f 1267/1567/1531 1209/1566/1530 1208/1527/1491
f 1267/1567/1531 1208/1527/1491 1268/1525/1489
f 1263/1568/1532 1268/1569/1533 1264/1570/1534
f 1270/1571/1535 1316/1572/1536 1269/1573/1537
f 1269/1573/1537 1316/1572/1536 1293/1574/1538
f 1269/1575/1537 1293/1576/1538 1292/1577/1539
f 1292/1577/1539 1293/1576/1538 1294/1578/1540
f 1292/1577/1539 1294/1578/1540 1291/1579/1541
f 1291/1579/1541 1294/1578/1540 1295/1580/1542
f 1291/1579/1541 1295/1580/1542 1290/1581/1543
f 1290/1581/1543 1295/1580/1542 1296/1582/1544
f 1290/1581/1543 1296/1582/1544 1289/1583/1545
f 1289/1583/1545 1296/1582/1544 1297/1584/1546
f 1289/1583/1545 1297/1584/1546 1288/1585/1547
f 1288/1585/1547 1297/1584/1546 1298/1586/1548
f 1288/1585/1547 1298/1586/1548 1287/1587/1549
f 1287/1587/1549 1298/1586/1548 1299/1588/1550
f 1287/1587/1549 1299/1588/1550 1286/1589/1551
f 1286/1589/1551 1299/1588/1550 1300/1590/1552
f 1286/1589/1551 1300/1590/1552 1285/1591/1553
f 1285/1591/1553 1300/1590/1552 1301/1592/1554
f 1285/1591/1553 1301/1592/1554 1284/1593/1555
f 1284/1593/1555 1301/1592/1554 1302/1594/1556
f 1284/1593/1555 1302/1594/1556 1283/1595/1557
f 1283/1595/1557 1302/1594/1556 1303/1596/1558
f 1283/1595/1557 1303/1596/1558 1282/1597/1559
f 1282/1597/1559 1303/1596/1558 1304/1598/1560
f 1282/1597/1559 1304/1598/1560 1281/1599/1561
f 1281/1599/1561 1304/1598/1560 1305/1600/1562
f 1281/1599/1561 1305/1600/1562 1280/1601/1563
f 1280/1601/1563 1305/1600/1562 1306/1602/1564
f 1280/1601/1563 1306/1602/1564 1279/1603/1565
f 1279/1603/1565 1306/1602/1564 1307/1604/1566
f 1279/1603/1565 1307/1604/1566 1278/1605/1567
f 1278/1605/1567 1307/1604/1566 1308/1606/1568
f 1278/1605/1567 1308/1606/1568 1277/1607/1569
f 1277/1607/1569 1308/1606/1568 1309/1608/1570
f 1277/1607/1569 1309/1608/1570 1276/1609/1571
f 1276/1609/1571 1309/1608/1570 1310/1610/1572
f 1276/1609/1571 1310/1610/1572 1275/1611/1573
f 1275/1611/1573 1310/1610/1572 1311/1612/1574
f 1275/1611/1573 1311/1612/1574 1274/1613/1575
f 1274/1613/1575 1311/1612/1574 1312/1614/1576
f 1274/1613/1575 1312/1614/1576 1273/1615/1577
f 1273/1615/1577 1312/1614/1576 1313/1616/1578
f 1273/1615/1577 1313/1616/1578 1272/1617/1579
f 1272/1617/1579 1313/1616/1578 1314/1618/1580
f 1272/1617/1579 1314/1618/1580 1271/1619/1581
f 1271/1619/1581 1314/1618/1580 1315/1620/1582
f 1271/1619/1581 1315/1620/1582 1270/1571/1535
f 1270/1571/1535 1315/1620/1582 1316/1572/1536
f 1340/1621/1583 1317/1622/1584 1269/1623/1585
f 1269/1623/1585 1317/1622/1584 1318/1624/1586
f 1269/1623/1585 1318/1624/1586 1270/1625/1587
f 1270/1625/1587 1318/1624/1586 1319/1626/1588
f 1270/1625/1587 1319/1626/1588 1271/1627/1589
f 1271/1627/1589 1319/1626/1588 1320/1628/1590
f 1271/1627/1589 1320/1628/1590 1272/1629/1591
f 1272/1629/1591 1320/1628/1590 1321/1630/1592
f 1272/1629/1591 1321/1630/1592 1273/1631/1593
f 1273/1631/1593 1321/1630/1592 1322/1632/1594
f 1273/1631/1593 1322/1632/1594 1274/1633/1595
f 1274/1633/1595 1322/1632/1594 1323/1634/1596
f 1274/1633/1595 1323/1634/1596 1275/1635/1597
f 1275/1635/1597 1323/1634/1596 1276/1636/1598
f 1276/1636/1598 1323/1634/1596 1324/1637/1599
f 1276/1636/1598 1324/1637/1599 1277/1638/1600
f 1277/1638/1600 1324/1637/1599 1325/1639/1601
f 1277/1638/1600 1325/1639/1601 1278/1640/1602
f 1278/1640/1602 1325/1639/1601 1326/1641/1603
f 1278/1640/1602 1326/1641/1603 1279/1642/1604
f 1279/1642/1604 1326/1641/1603 1327/1643/1605
f 1279/1642/1604 1327/1643/1605 1280/1644/1606
f 1280/1644/1606 1327/1643/1605 1328/1645/1607
f 1280/1644/1606 1328/1645/1607 1281/1646/1608
f 1281/1646/1608 1328/1645/1607 1329/1647/1609
f 1281/1646/1608 1329/1647/1609 1282/1648/1610
f 1282/1648/1610 1329/1647/1609 1330/1649/1611
f 1282/1648/1610 1330/1649/1611 1331/1650/1612
f 1282/1648/1610 1331/1650/1612 1283/1651/1613
f 1283/1651/1613 1331/1650/1612 1332/1652/1614
f 1283/1651/1613 1332/1652/1614 1284/1653/1615
f 1284/1653/1615 1332/1652/1614 1333/1654/1616
f 1284/1653/1615 1333/1654/1616 1285/1655/1617
f 1285/1655/1617 1333/1654/1616 1334/1656/1618
f 1285/1655/1617 1334/1656/1618 1286/1657/1619
f 1286/1657/1619 1334/1656/1618 1335/1658/1620
f 1286/1657/1619 1335/1658/1620 1287/1659/1621
f 1287/1659/1621 1335/1658/1620 1288/1660/1622
f 1288/1660/1622 1335/1658/1620 1336/1661/1623
f 1288/1660/1622 1336/1661/1623 1289/1662/1624
f 1289/1662/1624 1336/1661/1623 1337/1663/1625
f 1289/1662/1624 1337/1663/1625 1290/1664/1626
f 1290/1664/1626 1337/1663/1625 1338/1665/1627
f 1290/1664/1626 1338/1665/1627 1291/1666/1628
f 1291/1666/1628 1338/1665/1627 1339/1667/1629
f 1291/1666/1628 1339/1667/1629 1292/1668/1630
f 1292/1668/1630 1339/1667/1629 1340/1621/1583
f 1292/1668/1630 1340/1621/1583 1269/1623/1585
f 1342/1669/1631 1388/1670/1632 1341/1671/1633
f 1341/1671/1633 1388/1670/1632 1365/1672/1634
f 1341/1673/1633 1365/1674/1634 1364/1675/1635
f 1364/1675/1635 1365/1674/1634 1366/1676/1636
f 1364/1675/1635 1366/1676/1636 1363/1677/1637
f 1363/1677/1637 1366/1676/1636 1367/1678/1638
f 1363/1677/1637 1367/1678/1638 1362/1679/1639
f 1362/1679/1639 1367/1678/1638 1368/1680/1640
f 1362/1679/1639 1368/1680/1640 1361/1681/1641
f 1361/1681/1641 1368/1680/1640 1369/1682/1642
f 1361/1681/1641 1369/1682/1642 1360/1683/1643
f 1360/1683/1643 1369/1682/1642 1370/1684/1644
f 1360/1683/1643 1370/1684/1644 1359/1685/1645
f 1359/1685/1645 1370/1684/1644 1371/1686/1646
f 1359/1685/1645 1371/1686/1646 1358/1687/1647
f 1358/1687/1647 1371/1686/1646 1372/1688/1648
f 1358/1687/1647 1372/1688/1648 1357/1689/1649
f 1357/1689/1649 1372/1688/1648 1373/1690/1650
f 1357/1689/1649 1373/1690/1650 1356/1691/1651
f 1356/1691/1651 1373/1690/1650 1374/1692/1652
f 1356/1691/1651 1374/1692/1652 1355/1693/1653
f 1355/1693/1653 1374/1692/1652 1375/1694/1654
f 1355/1693/1653 1375/1694/1654 1354/1695/1655
f 1354/1695/1655 1375/1694/1654 1376/1696/1656
f 1354/1695/1655 1376/1696/1656 1353/1697/1657
f 1353/1697/1657 1376/1696/1656 1377/1698/1658
f 1353/1697/1657 1377/1698/1658 1352/1699/1659
f 1352/1699/1659 1377/1698/1658 1378/1700/1660
f 1352/1699/1659 1378/1700/1660 1351/1701/1661
f 1351/1701/1661 1378/1700/1660 1379/1702/1662
f 1351/1701/1661 1379/1702/1662 1350/1703/1663
f 1350/1703/1663 1379/1702/1662 1380/1704/1664
f 1350/1703/1663 1380/1704/1664 1349/1705/1665
f 1349/1705/1665 1380/1704/1664 1381/1706/1666
f 1349/1705/1665 1381/1706/1666 1348/1707/1667
f 1348/1707/1667 1381/1706/1666 1382/1708/1668
f 1348/1707/1667 1382/1708/1668 1347/1709/1669
f 1347/1709/1669 1382/1708/1668 1383/1710/1670
f 1347/1709/1669 1383/1710/1670 1346/1711/1671
f 1346/1711/1671 1383/1710/1670 1384/1712/1672
f 1346/1711/1671 1384/1712/1672 1345/1713/1673
f 1345/1713/1673 1384/1712/1672 1385/1714/1674
f 1345/1713/1673 1385/1714/1674 1344/1715/1675
f 1344/1715/1675 1385/1714/1674 1386/1716/1676
f 1344/1715/1675 1386/1716/1676 1343/1717/1677
f 1343/1717/1677 1386/1716/1676 1387/1718/1678
f 1343/1717/1677 1387/1718/1678 1342/1669/1631
f 1342/1669/1631 1387/1718/1678 1388/1670/1632
f 1412/1719/1679 1389/1720/1680 1341/1721/1681
f 1341/1721/1681 1389/1720/1680 1390/1722/1682
f 1341/1721/1681 1390/1722/1682 1342/1723/1683
f 1342/1723/1683 1390/1722/1682 1391/1724/1684
f 1342/1723/1683 1391/1724/1684 1343/1725/1685
f 1343/1725/1685 1391/1724/1684 1392/1726/1686
f 1343/1725/1685 1392/1726/1686 1344/1727/1687
f 1344/1727/1687 1392/1726/1686 1393/1728/1688
f 1344/1727/1687 1393/1728/1688 1345/1729/1689
f 1345/1729/1689 1393/1728/1688 1394/1730/1690
f 1345/1729/1689 1394/1730/1690 1346/1731/1691
f 1346/1731/1691 1394/1730/1690 1395/1732/1692
f 1346/1731/1691 1395/1732/1692 1347/1733/1693
f 1347/1733/1693 1395/1732/1692 1348/1734/1694
f 1348/1734/1694 1395/1732/1692 1396/1735/1695
f 1348/1734/1694 1396/1735/1695 1349/1736/1696
f 1349/1736/1696 1396/1735/1695 1397/1737/1697
f 1349/1736/1696 1397/1737/1697 1350/1738/1698
f 1350/1738/1698 1397/1737/1697 1398/1739/1699
f 1350/1738/1698 1398/1739/1699 1351/1740/1700
f 1351/1740/1700 1398/1739/1699 1399/1741/1701
f 1351/1740/1700 1399/1741/1701 1352/1742/1702
f 1352/1742/1702 1399/1741/1701 1400/1743/1703
f 1352/1742/1702 1400/1743/1703 1353/1744/1704
f 1353/1744/1704 1400/1743/1703 1401/1745/1705
f 1353/1744/1704 1401/1745/1705 1354/1746/1706
f 1354/1746/1706 1401/1745/1705 1402/1747/1707
f 1354/1746/1706 1402/1747/1707 1403/1748/1708
f 1354/1746/1706 1403/1748/1708 1355/1749/1709
f 1355/1749/1709 1403/1748/1708 1404/1750/1710
f 1355/1749/1709 1404/1750/1710 1356/1751/1711
f 1356/1751/1711 1404/1750/1710 1405/1752/1712
f 1356/1751/1711 1405/1752/1712 1357/1753/1713
f 1357/1753/1713 1405/1752/1712 1406/1754/1714
f 1357/1753/1713 1406/1754/1714 1358/1755/1715
f 1358/1755/1715 1406/1754/1714 1407/1756/1716
f 1358/1755/1715 1407/1756/1716 1359/1757/1717
f 1359/1757/1717 1407/1756/1716 1360/1758/1718
f 1360/1758/1718 1407/1756/1716 1408/1759/1719
f 1360/1758/1718 1408/1759/1719 1361/1760/1720
f 1361/1760/1720 1408/1759/1719 1409/1761/1721
f 1361/1760/1720 1409/1761/1721 1362/1762/1722
f 1362/1762/1722 1409/1761/1721 1410/1763/1723
f 1362/1762/1722 1410/1763/1723 1363/1764/1724
f 1363/1764/1724 1410/1763/1723 1411/1765/1725
f 1363/1764/1724 1411/1765/1725 1364/1766/1726
f 1364/1766/1726 1411/1765/1725 1412/1719/1679
f 1364/1766/1726 1412/1719/1679 1341/1721/1681
f 1414/1767/1727 1460/1768/1728 1413/1769/1729
f 1413/1769/1729 1460/1768/1728 1437/1770/1730
f 1413/1771/1729 1437/1772/1730 1436/1773/1731
f 1436/1773/1731 1437/1772/1730 1438/1774/1732
f 1436/1773/1731 1438/1774/1732 1435/1775/1733
f 1435/1775/1733 1438/1774/1732 1439/1776/1734
f 1435/1775/1733 1439/1776/1734 1434/1777/1735
f 1434/1777/1735 1439/1776/1734 1440/1778/1736
f 1434/1777/1735 1440/1778/1736 1433/1779/1737
f 1433/1779/1737 1440/1778/1736 1441/1780/1738
f 1433/1779/1737 1441/1780/1738 1432/1781/1739
f 1432/1781/1739 1441/1780/1738 1442/1782/1740
f 1432/1781/1739 1442/1782/1740 1431/1783/1741
f 1431/1783/1741 1442/1782/1740 1443/1784/1742
f 1431/1783/1741 1443/1784/1742 1430/1785/1743
f 1430/1785/1743 1443/1784/1742 1444/1786/1744
f 1430/1785/1743 1444/1786/1744 1429/1787/1745
f 1429/1787/1745 1444/1786/1744 1445/1788/1746
f 1429/1787/1745 1445/1788/1746 1428/1789/1747
f 1428/1789/1747 1445/1788/1746 1446/1790/1748
f 1428/1789/1747 1446/1790/1748 1427/1791/1749
f 1427/1791/1749 1446/1790/1748 1447/1792/1750
f 1427/1791/1749 1447/1792/1750 1426/1793/1751
f 1426/1793/1751 1447/1792/1750 1448/1794/1752
f 1426/1793/1751 1448/1794/1752 1425/1795/1753
f 1425/1795/1753 1448/1794/1752 1449/1796/1754
f 1425/1795/1753 1449/1796/1754 1424/1797/1755
f 1424/1797/1755 1449/1796/1754 1450/1798/1756
f 1424/1797/1755 1450/1798/1756 1423/1799/1757
f 1423/1799/1757 1450/1798/1756 1451/1800/1758
f 1423/1799/1757 1451/1800/1758 1422/1801/1759
f 1422/1801/1759 1451/1800/1758 1452/1802/1760
f 1422/1801/1759 1452/1802/1760 1421/1803/1761
f 1421/1803/1761 1452/1802/1760 1453/1804/1762
f 1421/1803/1761 1453/1804/1762 1420/1805/1763
f 1420/1805/1763 1453/1804/1762 1454/1806/1764
f 1420/1805/1763 1454/1806/1764 1419/1807/1765
f 1419/1807/1765 1454/1806/1764 1455/1808/1766
f 1419/1807/1765 1455/1808/1766 1418/1809/1767
f 1418/1809/1767 1455/1808/1766 1456/1810/1768
f 1418/1809/1767 1456/1810/1768 1417/1811/1769
f 1417/1811/1769 1456/1810/1768 1457/1812/1770
f 1417/1811/1769 1457/1812/1770 1416/1813/1771
f 1416/1813/1771 1457/1812/1770 1458/1814/1772
f 1416/1813/1771 1458/1814/1772 1415/1815/1773
f 1415/1815/1773 1458/1814/1772 1459/1816/1774
f 1415/1815/1773 1459/1816/1774 1414/1767/1727
f 1414/1767/1727 1459/1816/1774 1460/1768/1728
f 1484/1817/1775 1461/1818/1776 1413/1819/1777
f 1413/1819/1777 1461/1818/1776 1462/1820/1778
f 1413/1819/1777 1462/1820/1778 1414/1821/1779
f 1414/1821/1779 1462/1820/1778 1463/1822/1780
f 1414/1821/1779 1463/1822/1780 1415/1823/1781
f 1415/1823/1781 1463/1822/1780 1464/1824/1782
f 1415/1823/1781 1464/1824/1782 1416/1825/1783
f 1416/1825/1783 1464/1824/1782 1465/1826/1784
f 1416/1825/1783 1465/1826/1784 1417/1827/1785
f 1417/1827/1785 1465/1826/1784 1466/1828/1786
f 1417/1827/1785 1466/1828/1786 1418/1829/1787
f 1418/1829/1787 1466/1828/1786 1467/1830/1788
f 1418/1829/1787 1467/1830/1788 1419/1831/1789
f 1419/1831/1789 1467/1830/1788 1420/1832/1790
f 1420/1832/1790 1467/1830/1788 1468/1833/1791
f 1420/1832/1790 1468/1833/1791 1421/1834/1792
f 1421/1834/1792 1468/1833/1791 1469/1835/1793
f 1421/1834/1792 1469/1835/1793 1422/1836/1794
f 1422/1836/1794 1469/1835/1793 1470/1837/1795
f 1422/1836/1794 1470/1837/1795 1423/1838/1796
f 1423/1838/1796 1470/1837/1795 1471/1839/1797
f 1423/1838/1796 1471/1839/1797 1424/1840/1798
f 1424/1840/1798 1471/1839/1797 1472/1841/1799
f 1424/1840/1798 1472/1841/1799 1425/1842/1800
f 1425/1842/1800 1472/1841/1799 1473/1843/1801
f 1425/1842/1800 1473/1843/1801 1426/1844/1802
f 1426/1844/1802 1473/1843/1801 1474/1845/1803
f 1426/1844/1802 1474/1845/1803 1475/1846/1804
f 1426/1844/1802 1475/1846/1804 1427/1847/1805
f 1427/1847/1805 1475/1846/1804 1476/1848/1806
f 1427/1847/1805 1476/1848/1806 1428/1849/1807
f 1428/1849/1807 1476/1848/1806 1477/1850/1808
f 1428/1849/1807 1477/1850/1808 1429/1851/1809
f 1429/1851/1809 1477/1850/1808 1478/1852/1810
f 1429/1851/1809 1478/1852/1810 1430/1853/1811
f 1430/1853/1811 1478/1852/1810 1479/1854/1812
f 1430/1853/1811 1479/1854/1812 1431/1855/1813
f 1431/1855/1813 1479/1854/1812 1432/1856/1814
f 1432/1856/1814 1479/1854/1812 1480/1857/1815
f 1432/1856/1814 1480/1857/1815 1433/1858/1816
f 1433/1858/1816 1480/1857/1815 1481/1859/1817
f 1433/1858/1816 1481/1859/1817 1434/1860/1818
f 1434/1860/1818 1481/1859/1817 1482/1861/1819
f 1434/1860/1818 1482/1861/1819 1435/1862/1820
f 1435/1862/1820 1482/1861/1819 1483/1863/1821
f 1435/1862/1820 1483/1863/1821 1436/1864/1822
f 1436/1864/1822 1483/1863/1821 1484/1817/1775
f 1436/1864/1822 1484/1817/1775 1413/1819/1777
f 1486/1865/1823 1532/1866/1824 1485/1867/1825
f 1485/1867/1825 1532/1866/1824 1509/1868/1826
f 1485/1869/1825 1509/1870/1826 1508/1871/1827
f 1508/1871/1827 1509/1870/1826 1510/1872/1828
f 1508/1871/1827 1510/1872/1828 1507/1873/1829
f 1507/1873/1829 1510/1872/1828 1511/1874/1830
f 1507/1873/1829 1511/1874/1830 1506/1875/1831
f 1506/1875/1831 1511/1874/1830 1512/1876/1832
f 1506/1875/1831 1512/1876/1832 1505/1877/1833
f 1505/1877/1833 1512/1876/1832 1513/1878/1834
f 1505/1877/1833 1513/1878/1834 1504/1879/1835
f 1504/1879/1835 1513/1878/1834 1514/1880/1836
f 1504/1879/1835 1514/1880/1836 1503/1881/1837
f 1503/1881/1837 1514/1880/1836 1515/1882/1838
f 1503/1881/1837 1515/1882/1838 1502/1883/1839
f 1502/1883/1839 1515/1882/1838 1516/1884/1840
f 1502/1883/1839 1516/1884/1840 1501/1885/1841
f 1501/1885/1841 1516/1884/1840 1517/1886/1842
f 1501/1885/1841 1517/1886/1842 1500/1887/1843
f 1500/1887/1843 1517/1886/1842 1518/1888/1844
f 1500/1887/1843 1518/1888/1844 1499/1889/1845
f 1499/1889/1845 1518/1888/1844 1519/1890/1846
f 1499/1889/1845 1519/1890/1846 1498/1891/1847
f 1498/1891/1847 1519/1890/1846 1520/1892/1848
f 1498/1891/1847 1520/1892/1848 1497/1893/1849
f 1497/1893/1849 1520/1892/1848 1521/1894/1850
f 1497/1893/1849 1521/1894/1850 1496/1895/1851
f 1496/1895/1851 1521/1894/1850 1522/1896/1852
f 1496/1895/1851 1522/1896/1852 1495/1897/1853
f 1495/1897/1853 1522/1896/1852 1523/1898/1854
f 1495/1897/1853 1523/1898/1854 1494/1899/1855
f 1494/1899/1855 1523/1898/1854 1524/1900/1856
f 1494/1899/1855 1524/1900/1856 1493/1901/1857
f 1493/1901/1857 1524/1900/1856 1525/1902/1858
f 1493/1901/1857 1525/1902/1858 1492/1903/1859
f 1492/1903/1859 1525/1902/1858 1526/1904/1860
f 1492/1903/1859 1526/1904/1860 1491/1905/1861
f 1491/1905/1861 1526/1904/1860 1527/1906/1862
f 1491/1905/1861 1527/1906/1862 1490/1907/1863
f 1490/1907/1863 1527/1906/1862 1528/1908/1864
f 1490/1907/1863 1528/1908/1864 1489/1909/1865
f 1489/1909/1865 1528/1908/1864 1529/1910/1866
f 1489/1909/1865 1529/1910/1866 1488/1911/1867
f 1488/1911/1867 1529/1910/1866 1530/1912/1868
f 1488/1911/1867 1530/1912/1868 1487/1913/1869
f 1487/1913/1869 1530/1912/1868 1531/1914/1870
f 1487/1913/1869 1531/1914/1870 1486/1865/1823
f 1486/1865/1823 1531/1914/1870 1532/1866/1824
f 1556/1915/1871 1533/1916/1872 1485/1917/1873
f 1485/1917/1873 1533/1916/1872 1534/1918/1874
f 1485/1917/1873 1534/1918/1874 1486/1919/1875
f 1486/1919/1875 1534/1918/1874 1535/1920/1876
f 1486/1919/1875 1535/1920/1876 1487/1921/1877
f 1487/1921/1877 1535/1920/1876 1536/1922/1878
f 1487/1921/1877 1536/1922/1878 1488/1923/1879
f 1488/1923/1879 1536/1922/1878 1537/1924/1880
f 1488/1923/1879 1537/1924/1880 1489/1925/1881
f 1489/1925/1881 1537/1924/1880 1538/1926/1882
f 1489/1925/1881 1538/1926/1882 1490/1927/1883
f 1490/1927/1883 1538/1926/1882 1539/1928/1884
f 1490/1927/1883 1539/1928/1884 1491/1929/1885
f 1491/1929/1885 1539/1928/1884 1492/1930/1886
f 1492/1930/1886 1539/1928/1884 1540/1931/1887
f 1492/1930/1886 1540/1931/1887 1493/1932/1888
f 1493/1932/1888 1540/1931/1887 1541/1933/1889
f 1493/1932/1888 1541/1933/1889 1494/1934/1890
f 1494/1934/1890 1541/1933/1889 1542/1935/1891
f 1494/1934/1890 1542/1935/1891 1495/1936/1892
f 1495/1936/1892 1542/1935/1891 1543/1937/1893
f 1495/1936/1892 1543/1937/1893 1496/1938/1894
f 1496/1938/1894 1543/1937/1893 1544/1939/1895
f 1496/1938/1894 1544/1939/1895 1497/1940/1896
f 1497/1940/1896 1544/1939/1895 1545/1941/1897
f 1497/1940/1896 1545/1941/1897 1498/1942/1898
f 1498/1942/1898 1545/1941/1897 1546/1943/1899
f 1498/1942/1898 1546/1943/1899 1547/1944/1900
f 1498/1942/1898 1547/1944/1900 1499/1945/1901
f 1499/1945/1901 1547/1944/1900 1548/1946/1902
f 1499/1945/1901 1548/1946/1902 1500/1947/1903
f 1500/1947/1903 1548/1946/1902 1549/1948/1904
f 1500/1947/1903 1549/1948/1904 1501/1949/1905
f 1501/1949/1905 1549/1948/1904 1550/1950/1906
f 1501/1949/1905 1550/1950/1906 1502/1951/1907
f 1502/1951/1907 1550/1950/1906 1551/1952/1908
f 1502/1951/1907 1551/1952/1908 1503/1953/1909
f 1503/1953/1909 1551/1952/1908 1504/1954/1910
f 1504/1954/1910 1551/1952/1908 1552/1955/1911
f 1504/1954/1910 1552/1955/1911 1505/1956/1912
f 1505/1956/1912 1552/1955/1911 1553/1957/1913
f 1505/1956/1912 1553/1957/1913 1506/1958/1914
f 1506/1958/1914 1553/1957/1913 1554/1959/1915
f 1506/1958/1914 1554/1959/1915 1507/1960/1916
f 1507/1960/1916 1554/1959/1915 1555/1961/1917
f 1507/1960/1916 1555/1961/1917 1508/1962/1918
f 1508/1962/1918 1555/1961/1917 1556/1915/1871
f 1508/1962/1918 1556/1915/1871 1485/1917/1873
f 1412/1963/1919 1568/1964/1920 1389/1965/1921
f 1389/1965/1921 1568/1964/1920 1569/1966/1922
f 1389/1965/1921 1569/1966/1922 1390/1967/1923
f 1390/1967/1923 1569/1966/1922 1570/1968/1924
f 1390/1967/1923 1570/1968/1924 1391/1969/1925
f 1391/1969/1925 1570/1968/1924 1571/1970/1926
f 1391/1969/1925 1571/1970/1926 1392/1971/1927
f 1392/1971/1927 1571/1970/1926 1572/1972/1928
f 1392/1971/1927 1572/1972/1928 1393/1973/1929
f 1393/1973/1929 1572/1972/1928 1573/1974/1930
f 1393/1973/1929 1573/1974/1930 1394/1975/1931
f 1394/1975/1931 1573/1974/1930 1574/1976/1932
f 1394/1975/1931 1574/1976/1932 1395/1977/1933
f 1395/1977/1933 1574/1976/1932 1575/1978/1934
f 1395/1977/1933 1575/1978/1934 1396/1979/1935
f 1396/1979/1935 1575/1978/1934 1576/1980/1936
f 1396/1979/1935 1576/1980/1936 1397/1981/1937
f 1397/1981/1937 1576/1980/1936 1577/1982/1938
f 1397/1981/1937 1577/1982/1938 1398/1983/1939
f 1398/1983/1939 1577/1982/1938 1578/1984/1940
f 1398/1983/1939 1578/1984/1940 1399/1985/1941
f 1399/1985/1941 1578/1984/1940 1579/1986/1942
f 1399/1985/1941 1579/1986/1942 1400/1987/1943
f 1400/1987/1943 1579/1986/1942 1580/1988/1944
f 1400/1987/1943 1580/1988/1944 1401/1989/1945
f 1401/1989/1945 1580/1988/1944 1557/1990/1946
f 1401/1991/1945 1557/1992/1946 1402/1993/1947
f 1402/1993/1947 1557/1992/1946 1558/1994/1948
f 1402/1993/1947 1558/1994/1948 1403/1995/1949
f 1403/1995/1949 1558/1994/1948 1559/1996/1950
f 1403/1995/1949 1559/1996/1950 1404/1997/1951
f 1404/1997/1951 1559/1996/1950 1560/1998/1952
f 1404/1997/1951 1560/1998/1952 1405/1999/1953
f 1405/1999/1953 1560/1998/1952 1561/2000/1954
f 1405/1999/1953 1561/2000/1954 1406/2001/1955
f 1406/2001/1955 1561/2000/1954 1562/2002/1956
f 1406/2001/1955 1562/2002/1956 1407/2003/1957
f 1407/2003/1957 1562/2002/1956 1563/2004/1958
f 1407/2003/1957 1563/2004/1958 1408/2005/1959
f 1408/2005/1959 1563/2004/1958 1564/2006/1960
f 1408/2005/1959 1564/2006/1960 1409/2007/1961
f 1409/2007/1961 1564/2006/1960 1565/2008/1962
f 1409/2007/1961 1565/2008/1962 1410/2009/1963
f 1410/2009/1963 1565/2008/1962 1566/2010/1964
f 1410/2009/1963 1566/2010/1964 1411/2011/1965
f 1411/2011/1965 1566/2010/1964 1567/2012/1966
f 1411/2011/1965 1567/2012/1966 1412/1963/1919
f 1412/1963/1919 1567/2012/1966 1568/1964/1920
f 1340/2013/1967 1592/2014/1968 1317/2015/1969
f 1317/2015/1969 1592/2014/1968 1593/2016/1970
f 1317/2015/1969 1593/2016/1970 1318/2017/1971
f 1318/2017/1971 1593/2016/1970 1594/2018/1972
f 1318/2017/1971 1594/2018/1972 1319/2019/1973
f 1319/2019/1973 1594/2018/1972 1595/2020/1974
f 1319/2019/1973 1595/2020/1974 1320/2021/1975
f 1320/2021/1975 1595/2020/1974 1596/2022/1976
f 1320/2021/1975 1596/2022/1976 1321/2023/1977
f 1321/2023/1977 1596/2022/1976 1597/2024/1978
f 1321/2023/1977 1597/2024/1978 1322/2025/1979
f 1322/2025/1979 1597/2024/1978 1598/2026/1980
f 1322/2025/1979 1598/2026/1980 1323/2027/1981
f 1323/2027/1981 1598/2026/1980 1599/2028/1982
f 1323/2027/1981 1599/2028/1982 1324/2029/1983
f 1324/2029/1983 1599/2028/1982 1600/2030/1984
f 1324/2029/1983 1600/2030/1984 1325/2031/1985
f 1325/2031/1985 1600/2030/1984 1601/2032/1986
f 1325/2031/1985 1601/2032/1986 1326/2033/1987
f 1326/2033/1987 1601/2032/1986 1602/2034/1988
f 1326/2033/1987 1602/2034/1988 1327/2035/1989
f 1327/2035/1989 1602/2034/1988 1603/2036/1990
f 1327/2035/1989 1603/2036/1990 1328/2037/1991
f 1328/2037/1991 1603/2036/1990 1604/2038/1992
f 1328/2037/1991 1604/2038/1992 1329/2039/1993
f 1329/2039/1993 1604/2038/1992 1581/2040/1994
f 1329/2041/1993 1581/2042/1994 1330/2043/1995
f 1330/2043/1995 1581/2042/1994 1582/2044/1996
f 1330/2043/1995 1582/2044/1996 1331/2045/1997
f 1331/2045/1997 1582/2044/1996 1583/2046/1998
f 1331/2045/1997 1583/2046/1998 1332/2047/1999
f 1332/2047/1999 1583/2046/1998 1584/2048/2000
f 1332/2047/1999 1584/2048/2000 1333/2049/2001
f 1333/2049/2001 1584/2048/2000 1585/2050/2002
f 1333/2049/2001 1585/2050/2002 1334/2051/2003
f 1334/2051/2003 1585/2050/2002 1586/2052/2004
f 1334/2051/2003 1586/2052/2004 1335/2053/2005
f 1335/2053/2005 1586/2052/2004 1587/2054/2006
f 1335/2053/2005 1587/2054/2006 1336/2055/2007
f 1336/2055/2007 1587/2054/2006 1588/2056/2008
f 1336/2055/2007 1588/2056/2008 1337/2057/2009
f 1337/2057/2009 1588/2056/2008 1589/2058/2010
f 1337/2057/2009 1589/2058/2010 1338/2059/2011
f 1338/2059/2011 1589/2058/2010 1590/2060/2012
f 1338/2059/2011 1590/2060/2012 1339/2061/2013
f 1339/2061/2013 1590/2060/2012 1591/2062/2014
f 1339/2061/2013 1591/2062/2014 1340/2013/1967
f 1340/2013/1967 1591/2062/2014 1592/2014/1968
f 1556/2063/2015 1616/2064/2016 1533/2065/2017
f 1533/2065/2017 1616/2064/2016 1617/2066/2018
f 1533/2065/2017 1617/2066/2018 1534/2067/2019
f 1534/2067/2019 1617/2066/2018 1618/2068/2020
f 1534/2067/2019 1618/2068/2020 1535/2069/2021
f 1535/2069/2021 1618/2068/2020 1619/2070/2022
f 1535/2069/2021 1619/2070/2022 1536/2071/2023
f 1536/2071/2023 1619/2070/2022 1620/2072/2024
f 1536/2071/2023 1620/2072/2024 1537/2073/2025
f 1537/2073/2025 1620/2072/2024 1621/2074/2026
f 1537/2073/2025 1621/2074/2026 1538/2075/2027
f 1538/2075/2027 1621/2074/2026 1622/2076/2028
f 1538/2075/2027 1622/2076/2028 1539/2077/2029
f 1539/2077/2029 1622/2076/2028 1623/2078/2030
f 1539/2077/2029 1623/2078/2030 1540/2079/2031
f 1540/2079/2031 1623/2078/2030 1624/2080/2032
f 1540/2079/2031 1624/2080/2032 1541/2081/2033
f 1541/2081/2033 1624/2080/2032 1625/2082/2034
f 1541/2081/2033 1625/2082/2034 1542/2083/2035
f 1542/2083/2035 1625/2082/2034 1626/2084/2036
f 1542/2083/2035 1626/2084/2036 1543/2085/2037
f 1543/2085/2037 1626/2084/2036 1627/2086/2038
f 1543/2085/2037 1627/2086/2038 1544/2087/2039
f 1544/2087/2039 1627/2086/2038 1628/2088/2040
f 1544/2087/2039 1628/2088/2040 1545/2089/2041
f 1545/2089/2041 1628/2088/2040 1605/2090/2042
f 1545/2091/2041 1605/2092/2042 1546/2093/2043
f 1546/2093/2043 1605/2092/2042 1606/2094/2044
f 1546/2093/2043 1606/2094/2044 1547/2095/2045
f 1547/2095/2045 1606/2094/2044 1607/2096/2046
f 1547/2095/2045 1607/2096/2046 1548/2097/2047
f 1548/2097/2047 1607/2096/2046 1608/2098/2048
f 1548/2097/2047 1608/2098/2048 1549/2099/2049
f 1549/2099/2049 1608/2098/2048 1609/2100/2050
f 1549/2099/2049 1609/2100/2050 1550/2101/2051
f 1550/2101/2051 1609/2100/2050 1610/2102/2052
f 1550/2101/2051 1610/2102/2052 1551/2103/2053
f 1551/2103/2053 1610/2102/2052 1611/2104/2054
f 1551/2103/2053 1611/2104/2054 1552/2105/2055
f 1552/2105/2055 1611/2104/2054 1612/2106/2056
f 1552/2105/2055 1612/2106/2056 1553/2107/2057
f 1553/2107/2057 1612/2106/2056 1613/2108/2058
f 1553/2107/2057 1613/2108/2058 1554/2109/2059
f 1554/2109/2059 1613/2108/2058 1614/2110/2060
f 1554/2109/2059 1614/2110/2060 1555/2111/2061
f 1555/2111/2061 1614/2110/2060 1615/2112/2062
f 1555/2111/2061 1615/2112/2062 1556/2063/2015
f 1556/2063/2015 1615/2112/2062 1616/2064/2016
f 1484/2113/2063 1640/2114/2064 1461/2115/2065
f 1461/2115/2065 1640/2114/2064 1641/2116/2066
f 1461/2115/2065 1641/2116/2066 1462/2117/2067
f 1462/2117/2067 1641/2116/2066 1642/2118/2068
f 1462/2117/2067 1642/2118/2068 1463/2119/2069
f 1463/2119/2069 1642/2118/2068 1643/2120/2070
f 1463/2119/2069 1643/2120/2070 1464/2121/2071
f 1464/2121/2071 1643/2120/2070 1644/2122/2072
f 1464/2121/2071 1644/2122/2072 1465/2123/2073
f 1465/2123/2073 1644/2122/2072 1645/2124/2074
f 1465/2123/2073 1645/2124/2074 1466/2125/2075
f 1466/2125/2075 1645/2124/2074 1646/2126/2076
f 1466/2125/2075 1646/2126/2076 1467/2127/2077
f 1467/2127/2077 1646/2126/2076 1647/2128/2078
f 1467/2127/2077 1647/2128/2078 1468/2129/2079
f 1468/2129/2079 1647/2128/2078 1648/2130/2080
f 1468/2129/2079 1648/2130/2080 1469/2131/2081
f 1469/2131/2081 1648/2130/2080 1649/2132/2082
f 1469/2131/2081 1649/2132/2082 1470/2133/2083
f 1470/2133/2083 1649/2132/2082 1650/2134/2084
f 1470/2133/2083 1650/2134/2084 1471/2135/2085
f 1471/2135/2085 1650/2134/2084 1651/2136/2086
f 1471/2135/2085 1651/2136/2086 1472/2137/2087
f 1472/2137/2087 1651/2136/2086 1652/2138/2088
f 1472/2137/2087 1652/2138/2088 1473/2139/2089
f 1473/2139/2089 1652/2138/2088 1629/2140/2090
f 1473/2141/2089 1629/2142/2090 1474/2143/2091
f 1474/2143/2091 1629/2142/2090 1630/2144/2092
f 1474/2143/2091 1630/2144/2092 1475/2145/2093
f 1475/2145/2093 1630/2144/2092 1631/2146/2094
f 1475/2145/2093 1631/2146/2094 1476/2147/2095
f 1476/2147/2095 1631/2146/2094 1632/2148/2096
f 1476/2147/2095 1632/2148/2096 1477/2149/2097
f 1477/2149/2097 1632/2148/2096 1633/2150/2098
f 1477/2149/2097 1633/2150/2098 1478/2151/2099
f 1478/2151/2099 1633/2150/2098 1634/2152/2100
f 1478/2151/2099 1634/2152/2100 1479/2153/2101
f 1479/2153/2101 1634/2152/2100 1635/2154/2102
f 1479/2153/2101 1635/2154/2102 1480/2155/2103
f 1480/2155/2103 1635/2154/2102 1636/2156/2104
f 1480/2155/2103 1636/2156/2104 1481/2157/2105
f 1481/2157/2105 1636/2156/2104 1637/2158/2106
f 1481/2157/2105 1637/2158/2106 1482/2159/2107
f 1482/2159/2107 1637/2158/2106 1638/2160/2108
f 1482/2159/2107 1638/2160/2108 1483/2161/2109
f 1483/2161/2109 1638/2160/2108 1639/2162/2110
f 1483/2161/2109 1639/2162/2110 1484/2113/2063
f 1484/2113/2063 1639/2162/2110 1640/2114/2064
f 1653/2163/2111 1654/2164/2112 1656/2165/2113
f 1656/2165/2113 1654/2164/2112 1655/2166/2114
f 1657/2167/2115 432/2168/2116 1654/2169/2117
f 1654/2169/2117 432/2168/2116 431/2170/2118
f 1654/2169/2117 431/2170/2118 1614/2171/2119
f 1614/2171/2119 431/2170/2118 430/2172/2120
f 1614/2171/2119 430/2172/2120 1615/2173/2121
f 1615/2173/2121 430/2172/2120 912/2174/2122
f 1615/2173/2121 912/2174/2122 1616/2175/2123
f 1616/2175/2123 912/2174/2122 911/2176/2124
f 1616/2175/2123 911/2176/2124 1617/2177/2125
f 1617/2177/2125 911/2176/2124 1618/2178/2126
f 1618/2178/2126 911/2176/2124 910/2179/2127
f 1618/2178/2126 910/2179/2127 1619/2180/2128
f 1619/2180/2128 910/2179/2127 909/2181/2129
f 1619/2180/2128 909/2181/2129 1620/2182/2130
f 1620/2182/2130 909/2181/2129 1621/2183/2131
f 1621/2183/2131 909/2181/2129 908/2184/2132
f 1621/2183/2131 908/2184/2132 1622/2185/2133
f 1622/2185/2133 908/2184/2132 907/2186/2134
f 1622/2185/2133 907/2186/2134 1623/2187/2135
f 1623/2187/2135 907/2186/2134 906/2188/2136
f 1623/2187/2135 906/2188/2136 905/2189/2137
f 1658/2190/2138 1642/2191/2139 1657/2167/2115
f 1657/2167/2115 1642/2191/2139 1641/2192/2140
f 1657/2167/2115 1641/2192/2140 1640/2193/2141
f 1655/2194/2142 92/2195/2143 1658/2190/2138
f 1658/2190/2138 92/2195/2143 91/2196/2144
f 1658/2190/2138 91/2196/2144 1602/2197/2145
f 1602/2197/2145 91/2196/2144 90/2198/2146
f 1602/2197/2145 90/2198/2146 1603/2199/2147
f 1603/2199/2147 90/2198/2146 572/2200/2148
f 1603/2199/2147 572/2200/2148 1604/2201/2149
f 1604/2201/2149 572/2200/2148 571/2202/2150
f 1604/2201/2149 571/2202/2150 1581/2203/2151
f 1581/2203/2151 571/2202/2150 1582/2204/2152
f 1582/2204/2152 571/2202/2150 570/2205/2153
f 1582/2204/2152 570/2205/2153 1583/2206/2154
f 1583/2206/2154 570/2205/2153 569/2207/2155
f 1583/2206/2154 569/2207/2155 1584/2208/2156
f 1584/2208/2156 569/2207/2155 1585/2209/2157
f 1585/2209/2157 569/2207/2155 568/2210/2158
f 1585/2209/2157 568/2210/2158 1586/2211/2159
f 1586/2211/2159 568/2210/2158 567/2212/2160
f 1586/2211/2159 567/2212/2160 1587/2213/2161
f 1587/2213/2161 567/2212/2160 566/2214/2162
f 1587/2213/2161 566/2214/2162 565/2215/2163
f 1654/2169/2117 1628/2216/2164 1655/2194/2142
f 1655/2194/2142 1628/2216/2164 1558/2217/2165
f 1655/2194/2142 1558/2217/2165 1557/2218/2166
f 1630/2219/2167 1629/2220/2168 671/2221/2169
f 671/2221/2169 1629/2220/2168 1652/2222/2170
f 671/2221/2169 1652/2222/2170 672/2223/2171
f 672/2223/2171 1652/2222/2170 1651/2224/2172
f 672/2223/2171 1651/2224/2172 673/2225/2173
f 673/2225/2173 1651/2224/2172 1650/2226/2174
f 673/2225/2173 1650/2226/2174 1649/2227/2175
f 673/2225/2173 1649/2227/2175 674/2228/2176
f 674/2228/2176 1649/2227/2175 1648/2229/2177
f 674/2228/2176 1648/2229/2177 675/2230/2178
f 675/2230/2178 1648/2229/2177 1647/2231/2179
f 675/2230/2178 1647/2231/2179 676/2232/2180
f 676/2232/2180 1647/2231/2179 677/2233/2181
f 677/2233/2181 1647/2231/2179 1646/2234/2182
f 677/2233/2181 1646/2234/2182 678/2235/2183
f 678/2235/2183 1646/2234/2182 1645/2236/2184
f 678/2235/2183 1645/2236/2184 679/2237/2185
f 679/2237/2185 1645/2236/2184 680/2238/2186
f 680/2238/2186 1645/2236/2184 1644/2239/2187
f 680/2238/2186 1644/2239/2187 641/2240/2188
f 641/2240/2188 1644/2239/2187 642/2241/2189
f 642/2241/2189 1644/2239/2187 1643/2242/2190
f 642/2241/2189 1643/2242/2190 760/2243/2191
f 760/2243/2191 1643/2242/2190 721/2244/2192
f 721/2244/2192 1643/2242/2190 1642/2191/2139
f 721/2244/2192 1642/2191/2139 1592/2245/2193
f 1592/2245/2193 1642/2191/2139 1658/2190/2138
f 1592/2245/2193 1658/2190/2138 1593/2246/2194
f 1593/2246/2194 1658/2190/2138 1594/2247/2195
f 1594/2247/2195 1658/2190/2138 1595/2248/2196
f 1595/2248/2196 1658/2190/2138 1596/2249/2197
f 1596/2249/2197 1658/2190/2138 1597/2250/2198
f 1597/2250/2198 1658/2190/2138 1598/2251/2199
f 1598/2251/2199 1658/2190/2138 1599/2252/2200
f 1599/2252/2200 1658/2190/2138 1600/2253/2201
f 1600/2253/2201 1658/2190/2138 1601/2254/2202
f 1601/2254/2202 1658/2190/2138 1602/2197/2145
f 1640/2193/2141 1639/2255/2203 1657/2167/2115
f 1657/2167/2115 1639/2255/2203 1638/2256/2204
f 1657/2167/2115 1638/2256/2204 1637/2257/2205
f 1637/2257/2205 1636/2258/2206 1657/2167/2115
f 1657/2167/2115 1636/2258/2206 1635/2259/2207
f 1657/2167/2115 1635/2259/2207 1634/2260/2208
f 1634/2260/2208 1633/2261/2209 1657/2167/2115
f 1657/2167/2115 1633/2261/2209 1632/2262/2210
f 1657/2167/2115 1632/2262/2210 191/2263/2211
f 191/2263/2211 1632/2262/2210 192/2264/2212
f 192/2264/2212 1632/2262/2210 1631/2265/2213
f 192/2264/2212 1631/2265/2213 670/2266/2214
f 670/2266/2214 1631/2265/2213 1630/2219/2167
f 670/2266/2214 1630/2219/2167 671/2221/2169
f 1606/2267/2215 1605/2268/2216 1654/2169/2117
f 1654/2169/2117 1605/2268/2216 1628/2216/2164
f 1558/2217/2165 1628/2216/2164 501/2269/2217
f 501/2269/2217 1628/2216/2164 1627/2270/2218
f 501/2269/2217 1627/2270/2218 502/2271/2219
f 502/2271/2219 1627/2270/2218 900/2272/2220
f 502/2271/2219 900/2272/2220 899/2273/2221
f 1627/2270/2218 1626/2274/2222 900/2272/2220
f 900/2272/2220 1626/2274/2222 901/2275/2223
f 901/2275/2223 1626/2274/2222 902/2276/2224
f 902/2276/2224 1626/2274/2222 1625/2277/2225
f 902/2276/2224 1625/2277/2225 903/2278/2226
f 903/2278/2226 1625/2277/2225 904/2279/2227
f 904/2279/2227 1625/2277/2225 1624/2280/2228
f 904/2279/2227 1624/2280/2228 905/2189/2137
f 905/2189/2137 1624/2280/2228 1623/2187/2135
f 1614/2171/2119 1613/2281/2229 1654/2169/2117
f 1654/2169/2117 1613/2281/2229 1612/2282/2230
f 1654/2169/2117 1612/2282/2230 1611/2283/2231
f 1611/2283/2231 1610/2284/2232 1654/2169/2117
f 1654/2169/2117 1610/2284/2232 1609/2285/2233
f 1654/2169/2117 1609/2285/2233 1608/2286/2234
f 1608/2286/2234 1607/2287/2235 1654/2169/2117
f 1654/2169/2117 1607/2287/2235 1606/2267/2215
f 1592/2245/2193 1591/2288/2236 721/2244/2192
f 721/2244/2192 1591/2288/2236 722/2289/2237
f 722/2289/2237 1591/2288/2236 600/2290/2238
f 722/2289/2237 600/2290/2238 599/2291/2239
f 1591/2288/2236 1590/2292/2240 600/2290/2238
f 600/2290/2238 1590/2292/2240 561/2293/2241
f 561/2293/2241 1590/2292/2240 562/2294/2242
f 562/2294/2242 1590/2292/2240 1589/2295/2243
f 562/2294/2242 1589/2295/2243 563/2296/2244
f 563/2296/2244 1589/2295/2243 564/2297/2245
f 564/2297/2245 1589/2295/2243 1588/2298/2246
f 564/2297/2245 1588/2298/2246 565/2215/2163
f 565/2215/2163 1588/2298/2246 1587/2213/2161
f 1557/2218/2166 1580/2299/2247 1655/2194/2142
f 1655/2194/2142 1580/2299/2247 1579/2300/2248
f 1655/2194/2142 1579/2300/2248 1578/2301/2249
f 1578/2301/2249 1577/2302/2250 1655/2194/2142
f 1655/2194/2142 1577/2302/2250 1576/2303/2251
f 1655/2194/2142 1576/2303/2251 1575/2304/2252
f 1575/2304/2252 1574/2305/2253 1655/2194/2142
f 1655/2194/2142 1574/2305/2253 1573/2306/2254
f 1655/2194/2142 1573/2306/2254 1572/2307/2255
f 1571/2308/2256 332/2309/2257 1572/2307/2255
f 1572/2307/2255 332/2309/2257 331/2310/2258
f 1572/2307/2255 331/2310/2258 1655/2194/2142
f 1655/2194/2142 331/2310/2258 330/2311/2259
f 1655/2194/2142 330/2311/2259 92/2195/2143
f 92/2195/2143 330/2311/2259 93/2312/2260
f 93/2312/2260 330/2311/2259 329/2313/2261
f 93/2312/2260 329/2313/2261 94/2314/2262
f 94/2314/2262 329/2313/2261 328/2315/2263
f 94/2314/2262 328/2315/2263 95/2316/2264
f 95/2316/2264 328/2315/2263 327/2317/2265
f 95/2316/2264 327/2317/2265 96/2318/2266
f 96/2318/2266 327/2317/2265 326/2319/2267
f 96/2318/2266 326/2319/2267 97/2320/2268
f 97/2320/2268 326/2319/2267 325/2321/2269
f 97/2320/2268 325/2321/2269 98/2322/2270
f 98/2322/2270 325/2321/2269 324/2323/2271
f 98/2322/2270 324/2323/2271 99/2324/2272
f 99/2324/2272 324/2323/2271 323/2325/2273
f 99/2324/2272 323/2325/2273 100/2326/2274
f 100/2326/2274 323/2325/2273 322/2327/2275
f 100/2326/2274 322/2327/2275 1268/2328/2276
f 1268/2328/2276 322/2327/2275 1267/2329/2277
f 1267/2329/2277 322/2327/2275 321/2330/2278
f 1267/2329/2277 321/2330/2278 360/2331/2279
f 332/2309/2257 1571/2308/2256 810/2332/2280
f 810/2332/2280 1571/2308/2256 1570/2333/2281
f 810/2332/2280 1570/2333/2281 811/2334/2282
f 811/2334/2282 1570/2333/2281 1569/2335/2283
f 811/2334/2282 1569/2335/2283 1568/2336/2284
f 811/2334/2282 1568/2336/2284 812/2337/2285
f 812/2337/2285 1568/2336/2284 1567/2338/2286
f 812/2337/2285 1567/2338/2286 813/2339/2287
f 813/2339/2287 1567/2338/2286 1566/2340/2288
f 813/2339/2287 1566/2340/2288 1565/2341/2289
f 813/2339/2287 1565/2341/2289 814/2342/2290
f 814/2342/2290 1565/2341/2289 1564/2343/2291
f 814/2342/2290 1564/2343/2291 815/2344/2292
f 815/2344/2292 1564/2343/2291 1563/2345/2293
f 815/2344/2292 1563/2345/2293 816/2346/2294
f 816/2346/2294 1563/2345/2293 817/2347/2295
f 817/2347/2295 1563/2345/2293 1562/2348/2296
f 817/2347/2295 1562/2348/2296 818/2349/2297
f 818/2349/2297 1562/2348/2296 1561/2350/2298
f 818/2349/2297 1561/2350/2298 819/2351/2299
f 819/2351/2299 1561/2350/2298 820/2352/2300
f 820/2352/2300 1561/2350/2298 1560/2353/2301
f 820/2352/2300 1560/2353/2301 821/2354/2302
f 821/2354/2302 1560/2353/2301 822/2355/2303
f 822/2355/2303 1560/2353/2301 1559/2356/2304
f 822/2355/2303 1559/2356/2304 500/2357/2305
f 500/2357/2305 1559/2356/2304 501/2269/2217
f 501/2269/2217 1559/2356/2304 1558/2217/2165
f 1266/2358/2306 182/2359/2307 1263/2360/2308
f 1263/2360/2308 182/2359/2307 181/2361/2309
f 1263/2360/2308 181/2361/2309 180/2362/2310
f 1267/2329/2277 1/2363/2311 1266/2358/2306
f 1266/2358/2306 1/2363/2311 40/2364/2312
f 1266/2358/2306 40/2364/2312 39/2365/2313
f 1263/2360/2308 261/2366/2314 1268/2328/2276
f 1268/2328/2276 261/2366/2314 260/2367/2315
f 1268/2328/2276 260/2367/2315 259/2368/2316
f 920/2369/2317 422/2370/2318 881/2371/2319
f 881/2371/2319 422/2370/2318 421/2372/2320
f 881/2371/2319 421/2372/2320 882/2373/2321
f 882/2373/2321 421/2372/2320 420/2374/2322
f 882/2373/2321 420/2374/2322 883/2375/2323
f 883/2375/2323 420/2374/2322 419/2376/2324
f 883/2375/2323 419/2376/2324 884/2377/2325
f 884/2377/2325 419/2376/2324 418/2378/2326
f 884/2377/2325 418/2378/2326 885/2379/2327
f 885/2379/2327 418/2378/2326 417/2380/2328
f 885/2379/2327 417/2380/2328 886/2381/2329
f 886/2381/2329 417/2380/2328 416/2382/2330
f 886/2381/2329 416/2382/2330 887/2383/2331
f 887/2383/2331 416/2382/2330 415/2384/2332
f 887/2383/2331 415/2384/2332 515/2385/2333
f 515/2385/2333 415/2384/2332 27/2386/2334
f 515/2385/2333 27/2386/2334 516/2387/2335
f 516/2387/2335 27/2386/2334 26/2388/2336
f 516/2387/2335 26/2388/2336 517/2389/2337
f 517/2389/2337 26/2388/2336 25/2390/2338
f 517/2389/2337 25/2390/2338 518/2391/2339
f 518/2391/2339 25/2390/2338 24/2392/2340
f 518/2391/2339 24/2392/2340 519/2393/2341
f 519/2393/2341 24/2392/2340 23/2394/2342
f 519/2393/2341 23/2394/2342 520/2395/2343
f 520/2395/2343 23/2394/2342 22/2396/2344
f 520/2395/2343 22/2396/2344 481/2397/2345
f 481/2397/2345 22/2396/2344 21/2398/2346
f 481/2397/2345 21/2398/2346 482/2399/2347
f 482/2399/2347 21/2398/2346 20/2400/2348
f 482/2399/2347 20/2400/2348 483/2401/2349
f 483/2401/2349 20/2400/2348 19/2402/2350
f 483/2401/2349 19/2402/2350 484/2403/2351
f 484/2403/2351 19/2402/2350 18/2404/2352
f 484/2403/2351 18/2404/2352 485/2405/2353
f 485/2405/2353 18/2404/2352 17/2406/2354
f 485/2405/2353 17/2406/2354 486/2407/2355
f 486/2407/2355 17/2406/2354 16/2408/2356
f 486/2407/2355 16/2408/2356 487/2409/2357
f 487/2409/2357 16/2408/2356 15/2410/2358
f 487/2409/2357 15/2410/2358 835/2411/2359
f 835/2411/2359 15/2410/2358 347/2412/2360
f 835/2411/2359 347/2412/2360 836/2413/2361
f 836/2413/2361 347/2412/2360 346/2414/2362
f 836/2413/2361 346/2414/2362 837/2415/2363
f 837/2415/2363 346/2414/2362 345/2416/2364
f 837/2415/2363 345/2416/2364 838/2417/2365
f 838/2417/2365 345/2416/2364 344/2418/2366
f 838/2417/2365 344/2418/2366 839/2419/2367
f 839/2419/2367 344/2418/2366 343/2420/2368
f 839/2419/2367 343/2420/2368 840/2421/2369
f 840/2421/2369 343/2420/2368 342/2422/2370
f 840/2421/2369 342/2422/2370 801/2423/2371
f 801/2423/2371 342/2422/2370 341/2424/2372
f 801/2423/2371 341/2424/2372 802/2425/2373
f 802/2425/2373 341/2424/2372 340/2426/2374
f 802/2425/2373 340/2426/2374 803/2427/2375
f 803/2427/2375 340/2426/2374 339/2428/2376
f 803/2427/2375 339/2428/2376 804/2429/2377
f 804/2429/2377 339/2428/2376 338/2430/2378
f 804/2429/2377 338/2430/2378 805/2431/2379
f 805/2431/2379 338/2430/2378 337/2432/2380
f 805/2431/2379 337/2432/2380 806/2433/2381
f 806/2433/2381 337/2432/2380 336/2434/2382
f 806/2433/2381 336/2434/2382 807/2435/2383
f 807/2435/2383 336/2434/2382 335/2436/2384
f 807/2435/2383 335/2436/2384 808/2437/2385
f 808/2437/2385 335/2436/2384 334/2438/2386
f 808/2437/2385 334/2438/2386 809/2439/2387
f 809/2439/2387 334/2438/2386 333/2440/2388
f 809/2439/2387 333/2440/2388 810/2332/2280
f 810/2332/2280 333/2440/2388 332/2309/2257
f 422/2370/2318 920/2369/2317 423/2441/2389
f 423/2441/2389 920/2369/2317 919/2442/2390
f 423/2441/2389 919/2442/2390 424/2443/2391
f 424/2443/2391 919/2442/2390 918/2444/2392
f 424/2443/2391 918/2444/2392 425/2445/2393
f 425/2445/2393 918/2444/2392 917/2446/2394
f 425/2445/2393 917/2446/2394 426/2447/2395
f 426/2447/2395 917/2446/2394 916/2448/2396
f 426/2447/2395 916/2448/2396 427/2449/2397
f 427/2449/2397 916/2448/2396 915/2450/2398
f 427/2449/2397 915/2450/2398 428/2451/2399
f 428/2451/2399 915/2450/2398 914/2452/2400
f 428/2451/2399 914/2452/2400 429/2453/2401
f 429/2453/2401 914/2452/2400 913/2454/2402
f 429/2453/2401 913/2454/2402 430/2172/2120
f 430/2172/2120 913/2454/2402 912/2174/2122
f 502/2271/2219 899/2273/2221 503/2455/2403
f 503/2455/2403 899/2273/2221 898/2456/2404
f 503/2455/2403 898/2456/2404 504/2457/2405
f 504/2457/2405 898/2456/2404 897/2458/2406
f 504/2457/2405 897/2458/2406 505/2459/2407
f 505/2459/2407 897/2458/2406 896/2460/2408
f 505/2459/2407 896/2460/2408 506/2461/2409
f 506/2461/2409 896/2460/2408 895/2462/2410
f 506/2461/2409 895/2462/2410 507/2463/2411
f 507/2463/2411 895/2462/2410 894/2464/2412
f 507/2463/2411 894/2464/2412 508/2465/2413
f 508/2465/2413 894/2464/2412 893/2466/2414
f 508/2465/2413 893/2466/2414 509/2467/2415
f 509/2467/2415 893/2466/2414 892/2468/2416
f 509/2467/2415 892/2468/2416 510/2469/2417
f 510/2469/2417 892/2468/2416 891/2470/2418
f 510/2469/2417 891/2470/2418 511/2471/2419
f 511/2471/2419 891/2470/2418 512/2472/2420
f 512/2472/2420 891/2470/2418 890/2473/2421
f 512/2472/2420 890/2473/2421 513/2474/2422
f 513/2474/2422 890/2473/2421 889/2475/2423
f 513/2474/2422 889/2475/2423 514/2476/2424
f 514/2476/2424 889/2475/2423 888/2477/2425
f 514/2476/2424 888/2477/2425 887/2383/2331
f 835/2411/2359 834/2478/2426 487/2409/2357
f 487/2409/2357 834/2478/2426 488/2479/2427
f 488/2479/2427 834/2478/2426 489/2480/2428
f 489/2480/2428 834/2478/2426 833/2481/2429
f 489/2480/2428 833/2481/2429 490/2482/2430
f 490/2482/2430 833/2481/2429 832/2483/2431
f 490/2482/2430 832/2483/2431 491/2484/2432
f 491/2484/2432 832/2483/2431 831/2485/2433
f 491/2484/2432 831/2485/2433 830/2486/2434
f 491/2484/2432 830/2486/2434 492/2487/2435
f 492/2487/2435 830/2486/2434 829/2488/2436
f 492/2487/2435 829/2488/2436 493/2489/2437
f 493/2489/2437 829/2488/2436 828/2490/2438
f 493/2489/2437 828/2490/2438 494/2491/2439
f 494/2491/2439 828/2490/2438 827/2492/2440
f 494/2491/2439 827/2492/2440 495/2493/2441
f 495/2493/2441 827/2492/2440 826/2494/2442
f 495/2493/2441 826/2494/2442 496/2495/2443
f 496/2495/2443 826/2494/2442 825/2496/2444
f 496/2495/2443 825/2496/2444 497/2497/2445
f 497/2497/2445 825/2496/2444 824/2498/2446
f 497/2497/2445 824/2498/2446 498/2499/2447
f 498/2499/2447 824/2498/2446 823/2500/2448
f 498/2499/2447 823/2500/2448 499/2501/2449
f 499/2501/2449 823/2500/2448 500/2357/2305
f 500/2357/2305 823/2500/2448 822/2355/2303
f 642/2241/2189 760/2243/2191 643/2502/2450
f 643/2502/2450 760/2243/2191 759/2503/2451
f 643/2502/2450 759/2503/2451 644/2504/2452
f 644/2504/2452 759/2503/2451 758/2505/2453
f 644/2504/2452 758/2505/2453 645/2506/2454
f 645/2506/2454 758/2505/2453 757/2507/2455
f 645/2506/2454 757/2507/2455 646/2508/2456
f 646/2508/2456 757/2507/2455 756/2509/2457
f 646/2508/2456 756/2509/2457 647/2510/2458
f 647/2510/2458 756/2509/2457 755/2511/2459
f 647/2510/2458 755/2511/2459 648/2512/2460
f 648/2512/2460 755/2511/2459 754/2513/2461
f 648/2512/2460 754/2513/2461 649/2514/2462
f 649/2514/2462 754/2513/2461 753/2515/2463
f 649/2514/2462 753/2515/2463 650/2516/2464
f 650/2516/2464 753/2515/2463 752/2517/2465
f 650/2516/2464 752/2517/2465 651/2518/2466
f 651/2518/2466 752/2517/2465 751/2519/2467
f 651/2518/2466 751/2519/2467 750/2520/2468
f 651/2518/2466 750/2520/2468 652/2521/2469
f 652/2521/2469 750/2520/2468 749/2522/2470
f 652/2521/2469 749/2522/2470 653/2523/2471
f 653/2523/2471 749/2522/2470 748/2524/2472
f 653/2523/2471 748/2524/2472 654/2525/2473
f 654/2525/2473 748/2524/2472 747/2526/2474
f 654/2525/2473 747/2526/2474 655/2527/2475
f 655/2527/2475 747/2526/2474 275/2528/2476
f 655/2527/2475 275/2528/2476 167/2529/2477
f 167/2529/2477 275/2528/2476 274/2530/2478
f 167/2529/2477 274/2530/2478 168/2531/2479
f 168/2531/2479 274/2530/2478 169/2532/2480
f 169/2532/2480 274/2530/2478 273/2533/2481
f 169/2532/2480 273/2533/2481 170/2534/2482
f 170/2534/2482 273/2533/2481 272/2535/2483
f 170/2534/2482 272/2535/2483 171/2536/2484
f 171/2536/2484 272/2535/2483 271/2537/2485
f 171/2536/2484 271/2537/2485 270/2538/2486
f 275/2528/2476 747/2526/2474 276/2539/2487
f 276/2539/2487 747/2526/2474 746/2540/2488
f 276/2539/2487 746/2540/2488 277/2541/2489
f 277/2541/2489 746/2540/2488 745/2542/2490
f 277/2541/2489 745/2542/2490 278/2543/2491
f 278/2543/2491 745/2542/2490 744/2544/2492
f 278/2543/2491 744/2544/2492 279/2545/2493
f 279/2545/2493 744/2544/2492 743/2546/2494
f 279/2545/2493 743/2546/2494 280/2547/2495
f 280/2547/2495 743/2546/2494 742/2548/2496
f 280/2547/2495 742/2548/2496 241/2549/2497
f 241/2549/2497 742/2548/2496 741/2550/2498
f 241/2549/2497 741/2550/2498 242/2551/2499
f 242/2551/2499 741/2550/2498 740/2552/2500
f 242/2551/2499 740/2552/2500 243/2553/2501
f 243/2553/2501 740/2552/2500 739/2554/2502
f 243/2553/2501 739/2554/2502 244/2555/2503
f 244/2555/2503 739/2554/2502 738/2556/2504
f 244/2555/2503 738/2556/2504 245/2557/2505
f 245/2557/2505 738/2556/2504 737/2558/2506
f 245/2557/2505 737/2558/2506 246/2559/2507
f 246/2559/2507 737/2558/2506 736/2560/2508
f 246/2559/2507 736/2560/2508 247/2561/2509
f 247/2561/2509 736/2560/2508 735/2562/2510
f 247/2561/2509 735/2562/2510 115/2563/2511
f 115/2563/2511 735/2562/2510 587/2564/2512
f 115/2563/2511 587/2564/2512 116/2565/2513
f 116/2565/2513 587/2564/2512 586/2566/2514
f 116/2565/2513 586/2566/2514 117/2567/2515
f 117/2567/2515 586/2566/2514 585/2568/2516
f 117/2567/2515 585/2568/2516 118/2569/2517
f 118/2569/2517 585/2568/2516 584/2570/2518
f 118/2569/2517 584/2570/2518 119/2571/2519
f 119/2571/2519 584/2570/2518 583/2572/2520
f 119/2571/2519 583/2572/2520 120/2573/2521
f 120/2573/2521 583/2572/2520 582/2574/2522
f 120/2573/2521 582/2574/2522 81/2575/2523
f 81/2575/2523 582/2574/2522 581/2576/2524
f 81/2575/2523 581/2576/2524 82/2577/2525
f 82/2577/2525 581/2576/2524 580/2578/2526
f 82/2577/2525 580/2578/2526 83/2579/2527
f 83/2579/2527 580/2578/2526 579/2580/2528
f 83/2579/2527 579/2580/2528 84/2581/2529
f 84/2581/2529 579/2580/2528 578/2582/2530
f 84/2581/2529 578/2582/2530 85/2583/2531
f 85/2583/2531 578/2582/2530 577/2584/2532
f 85/2583/2531 577/2584/2532 86/2585/2533
f 86/2585/2533 577/2584/2532 576/2586/2534
f 86/2585/2533 576/2586/2534 87/2587/2535
f 87/2587/2535 576/2586/2534 575/2588/2536
f 87/2587/2535 575/2588/2536 88/2589/2537
f 88/2589/2537 575/2588/2536 574/2590/2538
f 88/2589/2537 574/2590/2538 89/2591/2539
f 89/2591/2539 574/2590/2538 573/2592/2540
f 89/2591/2539 573/2592/2540 90/2198/2146
f 90/2198/2146 573/2592/2540 572/2200/2148
f 735/2562/2510 734/2593/2541 587/2564/2512
f 587/2564/2512 734/2593/2541 588/2594/2542
f 588/2594/2542 734/2593/2541 733/2595/2543
f 588/2594/2542 733/2595/2543 589/2596/2544
f 589/2596/2544 733/2595/2543 732/2597/2545
f 589/2596/2544 732/2597/2545 590/2598/2546
f 590/2598/2546 732/2597/2545 731/2599/2547
f 590/2598/2546 731/2599/2547 591/2600/2548
f 591/2600/2548 731/2599/2547 592/2601/2549
f 592/2601/2549 731/2599/2547 730/2602/2550
f 592/2601/2549 730/2602/2550 593/2603/2551
f 593/2603/2551 730/2602/2550 729/2604/2552
f 593/2603/2551 729/2604/2552 594/2605/2553
f 594/2605/2553 729/2604/2552 728/2606/2554
f 594/2605/2553 728/2606/2554 595/2607/2555
f 595/2607/2555 728/2606/2554 727/2608/2556
f 595/2607/2555 727/2608/2556 596/2609/2557
f 596/2609/2557 727/2608/2556 726/2610/2558
f 596/2609/2557 726/2610/2558 597/2611/2559
f 597/2611/2559 726/2610/2558 725/2612/2560
f 597/2611/2559 725/2612/2560 598/2613/2561
f 598/2613/2561 725/2612/2560 724/2614/2562
f 598/2613/2561 724/2614/2562 599/2291/2239
f 599/2291/2239 724/2614/2562 723/2615/2563
f 599/2291/2239 723/2615/2563 722/2289/2237
f 192/2264/2212 670/2266/2214 193/2616/2564
f 193/2616/2564 670/2266/2214 669/2617/2565
f 193/2616/2564 669/2617/2565 194/2618/2566
f 194/2618/2566 669/2617/2565 668/2619/2567
f 194/2618/2566 668/2619/2567 195/2620/2568
f 195/2620/2568 668/2619/2567 667/2621/2569
f 195/2620/2568 667/2621/2569 196/2622/2570
f 196/2622/2570 667/2621/2569 666/2623/2571
f 196/2622/2570 666/2623/2571 197/2624/2572
f 197/2624/2572 666/2623/2571 665/2625/2573
f 197/2624/2572 665/2625/2573 198/2626/2574
f 198/2626/2574 665/2625/2573 664/2627/2575
f 198/2626/2574 664/2627/2575 199/2628/2576
f 199/2628/2576 664/2627/2575 663/2629/2577
f 199/2628/2576 663/2629/2577 200/2630/2578
f 200/2630/2578 663/2629/2577 662/2631/2579
f 200/2630/2578 662/2631/2579 161/2632/2580
f 161/2632/2580 662/2631/2579 661/2633/2581
f 161/2632/2580 661/2633/2581 162/2634/2582
f 162/2634/2582 661/2633/2581 660/2635/2583
f 162/2634/2582 660/2635/2583 163/2636/2584
f 163/2636/2584 660/2635/2583 659/2637/2585
f 163/2636/2584 659/2637/2585 164/2638/2586
f 164/2638/2586 659/2637/2585 658/2639/2587
f 164/2638/2586 658/2639/2587 165/2640/2588
f 165/2640/2588 658/2639/2587 657/2641/2589
f 165/2640/2588 657/2641/2589 166/2642/2590
f 166/2642/2590 657/2641/2589 656/2643/2591
f 166/2642/2590 656/2643/2591 167/2529/2477
f 167/2529/2477 656/2643/2591 655/2527/2475
f 515/2385/2333 514/2476/2424 887/2383/2331
f 402/2644/2592 401/2645/2593 1266/2358/2306
f 1266/2358/2306 401/2645/2593 440/2646/2594
f 1266/2358/2306 440/2646/2594 182/2359/2307
f 182/2359/2307 440/2646/2594 183/2647/2595
f 183/2647/2595 440/2646/2594 439/2648/2596
f 183/2647/2595 439/2648/2596 184/2649/2597
f 184/2649/2597 439/2648/2596 438/2650/2598
f 184/2649/2597 438/2650/2598 185/2651/2599
f 185/2651/2599 438/2650/2598 437/2652/2600
f 185/2651/2599 437/2652/2600 186/2653/2601
f 186/2653/2601 437/2652/2600 436/2654/2602
f 186/2653/2601 436/2654/2602 187/2655/2603
f 187/2655/2603 436/2654/2602 435/2656/2604
f 187/2655/2603 435/2656/2604 188/2657/2605
f 188/2657/2605 435/2656/2604 434/2658/2606
f 188/2657/2605 434/2658/2606 189/2659/2607
f 189/2659/2607 434/2658/2606 433/2660/2608
f 189/2659/2607 433/2660/2608 190/2661/2609
f 190/2661/2609 433/2660/2608 432/2168/2116
f 190/2661/2609 432/2168/2116 1657/2167/2115
f 415/2384/2332 414/2662/2610 27/2386/2334
f 27/2386/2334 414/2662/2610 28/2663/2611
f 28/2663/2611 414/2662/2610 413/2664/2612
f 28/2663/2611 413/2664/2612 29/2665/2613
f 29/2665/2613 413/2664/2612 412/2666/2614
f 29/2665/2613 412/2666/2614 30/2667/2615
f 30/2667/2615 412/2666/2614 411/2668/2616
f 30/2667/2615 411/2668/2616 31/2669/2617
f 31/2669/2617 411/2668/2616 32/2670/2618
f 32/2670/2618 411/2668/2616 410/2671/2619
f 32/2670/2618 410/2671/2619 33/2672/2620
f 33/2672/2620 410/2671/2619 409/2673/2621
f 33/2672/2620 409/2673/2621 34/2674/2622
f 34/2674/2622 409/2673/2621 408/2675/2623
f 34/2674/2622 408/2675/2623 35/2676/2624
f 35/2676/2624 408/2675/2623 407/2677/2625
f 35/2676/2624 407/2677/2625 36/2678/2626
f 36/2678/2626 407/2677/2625 406/2679/2627
f 36/2678/2626 406/2679/2627 37/2680/2628
f 37/2680/2628 406/2679/2627 405/2681/2629
f 37/2680/2628 405/2681/2629 38/2682/2630
f 38/2682/2630 405/2681/2629 404/2683/2631
f 38/2682/2630 404/2683/2631 39/2365/2313
f 39/2365/2313 404/2683/2631 403/2684/2632
f 39/2365/2313 403/2684/2632 1266/2358/2306
f 1266/2358/2306 403/2684/2632 402/2644/2592
f 360/2331/2279 359/2685/2633 1267/2329/2277
f 1267/2329/2277 359/2685/2633 3/2686/2634
f 1267/2329/2277 3/2686/2634 2/2687/2635
f 359/2685/2633 358/2688/2636 3/2686/2634
f 3/2686/2634 358/2688/2636 4/2689/2637
f 4/2689/2637 358/2688/2636 5/2690/2638
f 5/2690/2638 358/2688/2636 357/2691/2639
f 5/2690/2638 357/2691/2639 6/2692/2640
f 6/2692/2640 357/2691/2639 356/2693/2641
f 6/2692/2640 356/2693/2641 7/2694/2642
f 7/2694/2642 356/2693/2641 355/2695/2643
f 7/2694/2642 355/2695/2643 8/2696/2644
f 8/2696/2644 355/2695/2643 354/2697/2645
f 8/2696/2644 354/2697/2645 9/2698/2646
f 9/2698/2646 354/2697/2645 353/2699/2647
f 9/2698/2646 353/2699/2647 10/2700/2648
f 10/2700/2648 353/2699/2647 352/2701/2649
f 10/2700/2648 352/2701/2649 11/2702/2650
f 11/2702/2650 352/2701/2649 351/2703/2651
f 11/2702/2650 351/2703/2651 350/2704/2652
f 11/2702/2650 350/2704/2652 12/2705/2653
f 12/2705/2653 350/2704/2652 349/2706/2654
f 12/2705/2653 349/2706/2654 13/2707/2655
f 13/2707/2655 349/2706/2654 348/2708/2656
f 13/2707/2655 348/2708/2656 14/2709/2657
f 14/2709/2657 348/2708/2656 347/2412/2360
f 14/2709/2657 347/2412/2360 15/2410/2358
f 171/2536/2484 270/2538/2486 172/2710/2658
f 172/2710/2658 270/2538/2486 269/2711/2659
f 172/2710/2658 269/2711/2659 173/2712/2660
f 173/2712/2660 269/2711/2659 268/2713/2661
f 173/2712/2660 268/2713/2661 174/2714/2662
f 174/2714/2662 268/2713/2661 267/2715/2663
f 174/2714/2662 267/2715/2663 175/2716/2664
f 175/2716/2664 267/2715/2663 266/2717/2665
f 175/2716/2664 266/2717/2665 176/2718/2666
f 176/2718/2666 266/2717/2665 265/2719/2667
f 176/2718/2666 265/2719/2667 177/2720/2668
f 177/2720/2668 265/2719/2667 264/2721/2669
f 177/2720/2668 264/2721/2669 178/2722/2670
f 178/2722/2670 264/2721/2669 263/2723/2671
f 178/2722/2670 263/2723/2671 179/2724/2672
f 179/2724/2672 263/2723/2671 1263/2360/2308
f 179/2724/2672 1263/2360/2308 180/2362/2310
f 263/2723/2671 262/2725/2673 1263/2360/2308
f 1263/2360/2308 262/2725/2673 261/2366/2314
f 258/2726/2674 104/2727/2675 259/2368/2316
f 259/2368/2316 104/2727/2675 103/2728/2676
f 259/2368/2316 103/2728/2676 1268/2328/2276
f 1268/2328/2276 103/2728/2676 102/2729/2677
f 1268/2328/2276 102/2729/2677 101/2730/2678
f 258/2726/2674 257/2731/2679 104/2727/2675
f 104/2727/2675 257/2731/2679 105/2732/2680
f 105/2732/2680 257/2731/2679 256/2733/2681
f 105/2732/2680 256/2733/2681 106/2734/2682
f 106/2734/2682 256/2733/2681 255/2735/2683
f 106/2734/2682 255/2735/2683 107/2736/2684
f 107/2736/2684 255/2735/2683 254/2737/2685
f 107/2736/2684 254/2737/2685 108/2738/2686
f 108/2738/2686 254/2737/2685 253/2739/2687
f 108/2738/2686 253/2739/2687 109/2740/2688
f 109/2740/2688 253/2739/2687 252/2741/2689
f 109/2740/2688 252/2741/2689 110/2742/2690
f 110/2742/2690 252/2741/2689 251/2743/2691
f 110/2742/2690 251/2743/2691 111/2744/2692
f 111/2744/2692 251/2743/2691 112/2745/2693
f 112/2745/2693 251/2743/2691 250/2746/2694
f 112/2745/2693 250/2746/2694 113/2747/2695
f 113/2747/2695 250/2746/2694 249/2748/2696
f 113/2747/2695 249/2748/2696 114/2749/2697
f 114/2749/2697 249/2748/2696 248/2750/2698
f 114/2749/2697 248/2750/2698 247/2561/2509
f 191/2263/2211 190/2661/2609 1657/2167/2115
f 115/2563/2511 114/2749/2697 247/2561/2509
f 101/2730/2678 100/2326/2274 1268/2328/2276
f 2/2687/2635 1/2363/2311 1267/2329/2277
f 1657/2751/2699 1659/2752/2700 1658/2753/2701
f 1658/2753/2701 1659/2752/2700 1660/2754/2702
f 1316/2755/2703 1660/2756/2704 1293/2757/2705
f 1293/2757/2705 1660/2756/2704 1437/2758/2706
f 1293/2757/2705 1437/2758/2706 1460/2759/2707
f 1316/2755/2703 1315/2760/2708 1660/2756/2704
f 1660/2756/2704 1315/2760/2708 1314/2761/2709
f 1660/2756/2704 1314/2761/2709 1313/2762/2710
f 1313/2762/2710 1312/2763/2711 1660/2756/2704
f 1660/2756/2704 1312/2763/2711 1311/2764/2712
f 1660/2756/2704 1311/2764/2712 1310/2765/2713
f 1310/2765/2713 1309/2766/2714 1660/2756/2704
f 1660/2756/2704 1309/2766/2714 151/2767/2715
f 1660/2756/2704 151/2767/2715 150/2768/2716
f 1309/2766/2714 1308/2769/2717 151/2767/2715
f 151/2767/2715 1308/2769/2717 152/2770/2718
f 152/2770/2718 1308/2769/2717 1307/2771/2719
f 152/2770/2718 1307/2771/2719 153/2772/2720
f 153/2772/2720 1307/2771/2719 629/2773/2721
f 153/2772/2720 629/2773/2721 154/2774/2722
f 154/2774/2722 629/2773/2721 628/2775/2723
f 154/2774/2722 628/2775/2723 155/2776/2724
f 155/2776/2724 628/2775/2723 627/2777/2725
f 155/2776/2724 627/2777/2725 156/2778/2726
f 156/2778/2726 627/2777/2725 626/2779/2727
f 156/2778/2726 626/2779/2727 157/2780/2728
f 157/2780/2728 626/2779/2727 625/2781/2729
f 157/2780/2728 625/2781/2729 158/2782/2730
f 158/2782/2730 625/2781/2729 624/2783/2731
f 158/2782/2730 624/2783/2731 159/2784/2732
f 159/2784/2732 624/2783/2731 623/2785/2733
f 159/2784/2732 623/2785/2733 160/2786/2734
f 160/2786/2734 623/2785/2733 622/2787/2735
f 160/2786/2734 622/2787/2735 121/2788/2736
f 121/2788/2736 622/2787/2735 621/2789/2737
f 121/2788/2736 621/2789/2737 122/2790/2738
f 122/2790/2738 621/2789/2737 620/2791/2739
f 122/2790/2738 620/2791/2739 123/2792/2740
f 123/2792/2740 620/2791/2739 619/2793/2741
f 123/2792/2740 619/2793/2741 124/2794/2742
f 124/2794/2742 619/2793/2741 618/2795/2743
f 124/2794/2742 618/2795/2743 125/2796/2744
f 125/2796/2744 618/2795/2743 617/2797/2745
f 125/2796/2744 617/2797/2745 126/2798/2746
f 126/2798/2746 617/2797/2745 616/2799/2747
f 126/2798/2746 616/2799/2747 127/2800/2748
f 127/2800/2748 616/2799/2747 615/2801/2749
f 127/2800/2748 615/2801/2749 315/2802/2750
f 315/2802/2750 615/2801/2749 787/2803/2751
f 315/2802/2750 787/2803/2751 316/2804/2752
f 316/2804/2752 787/2803/2751 786/2805/2753
f 316/2804/2752 786/2805/2753 317/2806/2754
f 317/2806/2754 786/2805/2753 785/2807/2755
f 317/2806/2754 785/2807/2755 318/2808/2756
f 318/2808/2756 785/2807/2755 784/2809/2757
f 318/2808/2756 784/2809/2757 319/2810/2758
f 319/2810/2758 784/2809/2757 783/2811/2759
f 319/2810/2758 783/2811/2759 320/2812/2760
f 320/2812/2760 783/2811/2759 782/2813/2761
f 320/2812/2760 782/2813/2761 281/2814/2762
f 281/2814/2762 782/2813/2761 781/2815/2763
f 281/2814/2762 781/2815/2763 282/2816/2764
f 282/2816/2764 781/2815/2763 780/2817/2765
f 282/2816/2764 780/2817/2765 283/2818/2766
f 283/2818/2766 780/2817/2765 779/2819/2767
f 283/2818/2766 779/2819/2767 284/2820/2768
f 284/2820/2768 779/2819/2767 778/2821/2769
f 284/2820/2768 778/2821/2769 285/2822/2770
f 285/2822/2770 778/2821/2769 777/2823/2771
f 285/2822/2770 777/2823/2771 286/2824/2772
f 286/2824/2772 777/2823/2771 776/2825/2773
f 286/2824/2772 776/2825/2773 287/2826/2774
f 287/2826/2774 776/2825/2773 775/2827/2775
f 287/2826/2774 775/2827/2775 235/2828/2776
f 235/2828/2776 775/2827/2775 707/2829/2777
f 235/2828/2776 707/2829/2777 236/2830/2778
f 236/2830/2778 707/2829/2777 706/2831/2779
f 236/2830/2778 706/2831/2779 237/2832/2780
f 237/2832/2780 706/2831/2779 705/2833/2781
f 237/2832/2780 705/2833/2781 238/2834/2782
f 238/2834/2782 705/2833/2781 704/2835/2783
f 238/2834/2782 704/2835/2783 239/2836/2784
f 239/2836/2784 704/2835/2783 703/2837/2785
f 239/2836/2784 703/2837/2785 240/2838/2786
f 240/2838/2786 703/2837/2785 702/2839/2787
f 240/2838/2786 702/2839/2787 201/2840/2788
f 201/2840/2788 702/2839/2787 701/2841/2789
f 201/2840/2788 701/2841/2789 202/2842/2790
f 202/2842/2790 701/2841/2789 700/2843/2791
f 202/2842/2790 700/2843/2791 203/2844/2792
f 203/2844/2792 700/2843/2791 699/2845/2793
f 203/2844/2792 699/2845/2793 204/2846/2794
f 204/2846/2794 699/2845/2793 698/2847/2795
f 204/2846/2794 698/2847/2795 205/2848/2796
f 205/2848/2796 698/2847/2795 697/2849/2797
f 205/2848/2796 697/2849/2797 206/2850/2798
f 206/2850/2798 697/2849/2797 696/2851/2799
f 206/2850/2798 696/2851/2799 207/2852/2800
f 207/2852/2800 696/2851/2799 695/2853/2801
f 207/2852/2800 695/2853/2801 208/2854/2802
f 208/2854/2802 695/2853/2801 694/2855/2803
f 208/2854/2802 694/2855/2803 209/2856/2804
f 209/2856/2804 694/2855/2803 693/2857/2805
f 209/2856/2804 693/2857/2805 1447/2858/2806
f 1447/2858/2806 693/2857/2805 692/2859/2807
f 1447/2858/2806 692/2859/2807 1448/2860/2808
f 1448/2860/2808 692/2859/2807 1449/2861/2809
f 1449/2861/2809 692/2859/2807 691/2862/2810
f 1449/2861/2809 691/2862/2810 1450/2863/2811
f 1450/2863/2811 691/2862/2810 690/2864/2812
f 1450/2863/2811 690/2864/2812 1451/2865/2813
f 1451/2865/2813 690/2864/2812 689/2866/2814
f 1451/2865/2813 689/2866/2814 1452/2867/2815
f 1452/2867/2815 689/2866/2814 1453/2868/2816
f 1453/2868/2816 689/2866/2814 688/2869/2817
f 1453/2868/2816 688/2869/2817 1454/2870/2818
f 1454/2870/2818 688/2869/2817 687/2871/2819
f 1454/2870/2818 687/2871/2819 686/2872/2820
f 629/2773/2721 1307/2771/2719 630/2873/2821
f 630/2873/2821 1307/2771/2719 1306/2874/2822
f 630/2873/2821 1306/2874/2822 1305/2875/2823
f 630/2873/2821 1305/2875/2823 631/2876/2824
f 631/2876/2824 1305/2875/2823 1304/2877/2825
f 631/2876/2824 1304/2877/2825 632/2878/2826
f 632/2878/2826 1304/2877/2825 1303/2879/2827
f 632/2878/2826 1303/2879/2827 633/2880/2828
f 633/2880/2828 1303/2879/2827 1302/2881/2829
f 633/2880/2828 1302/2881/2829 1301/2882/2830
f 633/2880/2828 1301/2882/2830 634/2883/2831
f 634/2883/2831 1301/2882/2830 1300/2884/2832
f 634/2883/2831 1300/2884/2832 635/2885/2833
f 635/2885/2833 1300/2884/2832 636/2886/2834
f 636/2886/2834 1300/2884/2832 1299/2887/2835
f 636/2886/2834 1299/2887/2835 637/2888/2836
f 637/2888/2836 1299/2887/2835 1298/2889/2837
f 637/2888/2836 1298/2889/2837 638/2890/2838
f 638/2890/2838 1298/2889/2837 639/2891/2839
f 639/2891/2839 1298/2889/2837 1297/2892/2840
f 639/2891/2839 1297/2892/2840 640/2893/2841
f 640/2893/2841 1297/2892/2840 1296/2894/2842
f 640/2893/2841 1296/2894/2842 601/2895/2843
f 601/2895/2843 1296/2894/2842 602/2896/2844
f 602/2896/2844 1296/2894/2842 1295/2897/2845
f 602/2896/2844 1295/2897/2845 800/2898/2846
f 800/2898/2846 1295/2897/2845 761/2899/2847
f 761/2899/2847 1295/2897/2845 1459/2900/2848
f 761/2899/2847 1459/2900/2848 762/2901/2849
f 762/2901/2849 1459/2900/2848 720/2902/2850
f 762/2901/2849 720/2902/2850 719/2903/2851
f 1295/2897/2845 1294/2904/2852 1459/2900/2848
f 1459/2900/2848 1294/2904/2852 1460/2759/2707
f 1460/2759/2707 1294/2904/2852 1293/2757/2705
f 1388/2905/2853 872/2906/2854 1365/2907/2855
f 1365/2907/2855 872/2906/2854 871/2908/2856
f 1365/2907/2855 871/2908/2856 1366/2909/2857
f 1366/2909/2857 871/2908/2856 870/2910/2858
f 1366/2909/2857 870/2910/2858 1367/2911/2859
f 1367/2911/2859 870/2910/2858 869/2912/2860
f 1367/2911/2859 869/2912/2860 1368/2913/2861
f 1368/2913/2861 869/2912/2860 1369/2914/2862
f 1369/2914/2862 869/2912/2860 868/2915/2863
f 1369/2914/2862 868/2915/2863 1370/2916/2864
f 1370/2916/2864 868/2915/2863 867/2917/2865
f 1370/2916/2864 867/2917/2865 866/2918/2866
f 1388/2905/2853 1387/2919/2867 872/2906/2854
f 872/2906/2854 1387/2919/2867 873/2920/2868
f 873/2920/2868 1387/2919/2867 389/2921/2869
f 873/2920/2868 389/2921/2869 874/2922/2870
f 874/2922/2870 389/2921/2869 388/2923/2871
f 874/2922/2870 388/2923/2871 875/2924/2872
f 875/2924/2872 388/2923/2871 387/2925/2873
f 875/2924/2872 387/2925/2873 876/2926/2874
f 876/2926/2874 387/2925/2873 386/2927/2875
f 876/2926/2874 386/2927/2875 877/2928/2876
f 877/2928/2876 386/2927/2875 385/2929/2877
f 877/2928/2876 385/2929/2877 878/2930/2878
f 878/2930/2878 385/2929/2877 384/2931/2879
f 878/2930/2878 384/2931/2879 879/2932/2880
f 879/2932/2880 384/2931/2879 383/2933/2881
f 879/2932/2880 383/2933/2881 880/2934/2882
f 880/2934/2882 383/2933/2881 382/2935/2883
f 880/2934/2882 382/2935/2883 841/2936/2884
f 841/2936/2884 382/2935/2883 381/2937/2885
f 841/2936/2884 381/2937/2885 842/2938/2886
f 842/2938/2886 381/2937/2885 380/2939/2887
f 842/2938/2886 380/2939/2887 843/2940/2888
f 843/2940/2888 380/2939/2887 379/2941/2889
f 843/2940/2888 379/2941/2889 844/2942/2890
f 844/2942/2890 379/2941/2889 378/2943/2891
f 844/2942/2890 378/2943/2891 845/2944/2892
f 845/2944/2892 378/2943/2891 377/2945/2893
f 845/2944/2892 377/2945/2893 846/2946/2894
f 846/2946/2894 377/2945/2893 376/2947/2895
f 846/2946/2894 376/2947/2895 847/2948/2896
f 847/2948/2896 376/2947/2895 375/2949/2897
f 847/2948/2896 375/2949/2897 555/2950/2898
f 555/2950/2898 375/2949/2897 67/2951/2899
f 555/2950/2898 67/2951/2899 556/2952/2900
f 556/2952/2900 67/2951/2899 66/2953/2901
f 556/2952/2900 66/2953/2901 557/2954/2902
f 557/2954/2902 66/2953/2901 65/2955/2903
f 557/2954/2902 65/2955/2903 558/2956/2904
f 558/2956/2904 65/2955/2903 64/2957/2905
f 558/2956/2904 64/2957/2905 559/2958/2906
f 559/2958/2906 64/2957/2905 63/2959/2907
f 559/2958/2906 63/2959/2907 560/2960/2908
f 560/2960/2908 63/2959/2907 62/2961/2909
f 560/2960/2908 62/2961/2909 521/2962/2910
f 521/2962/2910 62/2961/2909 61/2963/2911
f 521/2962/2910 61/2963/2911 522/2964/2912
f 522/2964/2912 61/2963/2911 60/2965/2913
f 522/2964/2912 60/2965/2913 523/2966/2914
f 523/2966/2914 60/2965/2913 59/2967/2915
f 523/2966/2914 59/2967/2915 524/2968/2916
f 524/2968/2916 59/2967/2915 58/2969/2917
f 524/2968/2916 58/2969/2917 525/2970/2918
f 525/2970/2918 58/2969/2917 57/2971/2919
f 525/2970/2918 57/2971/2919 526/2972/2920
f 526/2972/2920 57/2971/2919 56/2973/2921
f 526/2972/2920 56/2973/2921 527/2974/2922
f 527/2974/2922 56/2973/2921 55/2975/2923
f 527/2974/2922 55/2975/2923 955/2976/2924
f 955/2976/2924 55/2975/2923 467/2977/2925
f 955/2976/2924 467/2977/2925 956/2978/2926
f 956/2978/2926 467/2977/2925 466/2979/2927
f 956/2978/2926 466/2979/2927 957/2980/2928
f 957/2980/2928 466/2979/2927 465/2981/2929
f 957/2980/2928 465/2981/2929 958/2982/2930
f 958/2982/2930 465/2981/2929 464/2983/2931
f 958/2982/2930 464/2983/2931 959/2984/2932
f 959/2984/2932 464/2983/2931 463/2985/2933
f 959/2984/2932 463/2985/2933 960/2986/2934
f 960/2986/2934 463/2985/2933 462/2987/2935
f 960/2986/2934 462/2987/2935 921/2988/2936
f 921/2988/2936 462/2987/2935 461/2989/2937
f 921/2988/2936 461/2989/2937 922/2990/2938
f 922/2990/2938 461/2989/2937 460/2991/2939
f 922/2990/2938 460/2991/2939 923/2992/2940
f 923/2992/2940 460/2991/2939 459/2993/2941
f 923/2992/2940 459/2993/2941 924/2994/2942
f 924/2994/2942 459/2993/2941 458/2995/2943
f 924/2994/2942 458/2995/2943 925/2996/2944
f 925/2996/2944 458/2995/2943 457/2997/2945
f 925/2996/2944 457/2997/2945 926/2998/2946
f 926/2998/2946 457/2997/2945 456/2999/2947
f 926/2998/2946 456/2999/2947 927/3000/2948
f 927/3000/2948 456/2999/2947 455/3001/2949
f 927/3000/2948 455/3001/2949 928/3002/2950
f 928/3002/2950 455/3001/2949 454/3003/2951
f 928/3002/2950 454/3003/2951 929/3004/2952
f 929/3004/2952 454/3003/2951 453/3005/2953
f 929/3004/2952 453/3005/2953 1511/3006/2954
f 1511/3006/2954 453/3005/2953 452/3007/2955
f 1511/3006/2954 452/3007/2955 1512/3008/2956
f 1512/3008/2956 452/3007/2955 451/3009/2957
f 1512/3008/2956 451/3009/2957 1513/3010/2958
f 1513/3010/2958 451/3009/2957 1653/3011/2959
f 1513/3010/2958 1653/3011/2959 1514/3012/2960
f 1514/3012/2960 1653/3011/2959 1515/3013/2961
f 1515/3013/2961 1653/3011/2959 1516/3014/2962
f 1516/3014/2962 1653/3011/2959 1517/3015/2963
f 1517/3015/2963 1653/3011/2959 1518/3016/2964
f 1518/3016/2964 1653/3011/2959 1519/3017/2965
f 1519/3017/2965 1653/3011/2959 1520/3018/2966
f 1520/3018/2966 1653/3011/2959 1521/3019/2967
f 1521/3019/2967 1653/3011/2959 1656/3020/2968
f 1521/3019/2967 1656/3020/2968 1377/3021/2969
f 1377/3021/2969 1656/3020/2968 1378/3022/2970
f 1378/3022/2970 1656/3020/2968 1379/3023/2971
f 1379/3023/2971 1656/3020/2968 1380/3024/2972
f 1380/3024/2972 1656/3020/2968 1381/3025/2973
f 1381/3025/2973 1656/3020/2968 1382/3026/2974
f 1382/3026/2974 1656/3020/2968 1383/3027/2975
f 1383/3027/2975 1656/3020/2968 1384/3028/2976
f 1384/3028/2976 1656/3020/2968 1385/3029/2977
f 1385/3029/2977 1656/3020/2968 391/3030/2978
f 1385/3029/2977 391/3030/2978 1386/3031/2979
f 1386/3031/2979 391/3030/2978 390/3032/2980
f 1386/3031/2979 390/3032/2980 1387/2919/2867
f 1387/2919/2867 390/3032/2980 389/2921/2869
f 1521/3019/2967 1377/3021/2969 1522/3033/2981
f 1522/3033/2981 1377/3021/2969 1376/3034/2982
f 1522/3033/2981 1376/3034/2982 1523/3035/2983
f 1523/3035/2983 1376/3034/2982 1375/3036/2984
f 1523/3035/2983 1375/3036/2984 541/3037/2985
f 541/3037/2985 1375/3036/2984 542/3038/2986
f 542/3038/2986 1375/3036/2984 860/3039/2987
f 542/3038/2986 860/3039/2987 859/3040/2988
f 1375/3036/2984 1374/3041/2989 860/3039/2987
f 860/3039/2987 1374/3041/2989 861/3042/2990
f 861/3042/2990 1374/3041/2989 862/3043/2991
f 862/3043/2991 1374/3041/2989 1373/3044/2992
f 862/3043/2991 1373/3044/2992 863/3045/2993
f 863/3045/2993 1373/3044/2992 1372/3046/2994
f 863/3045/2993 1372/3046/2994 864/3047/2995
f 864/3047/2995 1372/3046/2994 865/3048/2996
f 865/3048/2996 1372/3046/2994 1371/3049/2997
f 865/3048/2996 1371/3049/2997 866/2918/2866
f 866/2918/2866 1371/3049/2997 1370/2916/2864
f 1459/2900/2848 1458/3050/2998 720/2902/2850
f 720/2902/2850 1458/3050/2998 681/3051/2999
f 681/3051/2999 1458/3050/2998 682/3052/3000
f 682/3052/3000 1458/3050/2998 1457/3053/3001
f 682/3052/3000 1457/3053/3001 683/3054/3002
f 683/3054/3002 1457/3053/3001 1456/3055/3003
f 683/3054/3002 1456/3055/3003 684/3056/3004
f 684/3056/3004 1456/3055/3003 685/3057/3005
f 685/3057/3005 1456/3055/3003 1455/3058/3006
f 685/3057/3005 1455/3058/3006 686/2872/2820
f 686/2872/2820 1455/3058/3006 1454/2870/2818
f 209/2856/2804 1447/2858/2806 210/3059/3007
f 210/3059/3007 1447/2858/2806 1446/3060/3008
f 210/3059/3007 1446/3060/3008 211/3061/3009
f 211/3061/3009 1446/3060/3008 1445/3062/3010
f 211/3061/3009 1445/3062/3010 1659/3063/3011
f 1659/3063/3011 1445/3062/3010 1444/3064/3012
f 1659/3063/3011 1444/3064/3012 1443/3065/3013
f 1443/3065/3013 1442/3066/3014 1659/3063/3011
f 1659/3063/3011 1442/3066/3014 1441/3067/3015
f 1659/3063/3011 1441/3067/3015 1440/3068/3016
f 1440/3068/3016 1439/3069/3017 1659/3063/3011
f 1659/3063/3011 1439/3069/3017 1438/3070/3018
f 1659/3063/3011 1438/3070/3018 1437/2758/2706
f 1532/3071/3019 931/3072/3020 1509/3073/3021
f 1509/3073/3021 931/3072/3020 930/3074/3022
f 1509/3073/3021 930/3074/3022 1510/3075/3023
f 1510/3075/3023 930/3074/3022 1511/3006/2954
f 1511/3006/2954 930/3074/3022 929/3004/2952
f 931/3072/3020 1532/3071/3019 932/3076/3024
f 932/3076/3024 1532/3071/3019 1531/3077/3025
f 932/3076/3024 1531/3077/3025 933/3078/3026
f 933/3078/3026 1531/3077/3025 1530/3079/3027
f 933/3078/3026 1530/3079/3027 1529/3080/3028
f 933/3078/3026 1529/3080/3028 934/3081/3029
f 934/3081/3029 1529/3080/3028 1528/3082/3030
f 934/3081/3029 1528/3082/3030 935/3083/3031
f 935/3083/3031 1528/3082/3030 936/3084/3032
f 936/3084/3032 1528/3082/3030 1527/3085/3033
f 936/3084/3032 1527/3085/3033 937/3086/3034
f 937/3086/3034 1527/3085/3033 1526/3087/3035
f 937/3086/3034 1526/3087/3035 938/3088/3036
f 938/3088/3036 1526/3087/3035 939/3089/3037
f 939/3089/3037 1526/3087/3035 1525/3090/3038
f 939/3089/3037 1525/3090/3038 940/3091/3039
f 940/3091/3039 1525/3090/3038 1524/3092/3040
f 940/3091/3039 1524/3092/3040 941/3093/3041
f 941/3093/3041 1524/3092/3040 942/3094/3042
f 942/3094/3042 1524/3092/3040 1523/3035/2983
f 942/3094/3042 1523/3035/2983 540/3095/3043
f 540/3095/3043 1523/3035/2983 541/3037/2985
f 211/3061/3009 1659/3063/3011 212/3096/3044
f 212/3096/3044 1659/3063/3011 1653/3011/2959
f 212/3096/3044 1653/3011/2959 450/3097/3045
f 450/3097/3045 1653/3011/2959 451/3009/2957
f 391/3030/2978 1656/3020/2968 392/3098/3046
f 392/3098/3046 1656/3020/2968 1660/2756/2704
f 392/3098/3046 1660/2756/2704 150/2768/2716
f 1660/2756/2704 1659/3063/3011 1437/2758/2706
f 955/2976/2924 954/3099/3047 527/2974/2922
f 527/2974/2922 954/3099/3047 528/3100/3048
f 528/3100/3048 954/3099/3047 953/3101/3049
f 528/3100/3048 953/3101/3049 529/3102/3050
f 529/3102/3050 953/3101/3049 952/3103/3051
f 529/3102/3050 952/3103/3051 530/3104/3052
f 530/3104/3052 952/3103/3051 951/3105/3053
f 530/3104/3052 951/3105/3053 531/3106/3054
f 531/3106/3054 951/3105/3053 532/3107/3055
f 532/3107/3055 951/3105/3053 950/3108/3056
f 532/3107/3055 950/3108/3056 533/3109/3057
f 533/3109/3057 950/3108/3056 949/3110/3058
f 533/3109/3057 949/3110/3058 534/3111/3059
f 534/3111/3059 949/3110/3058 948/3112/3060
f 534/3111/3059 948/3112/3060 535/3113/3061
f 535/3113/3061 948/3112/3060 947/3114/3062
f 535/3113/3061 947/3114/3062 536/3115/3063
f 536/3115/3063 947/3114/3062 946/3116/3064
f 536/3115/3063 946/3116/3064 537/3117/3065
f 537/3117/3065 946/3116/3064 945/3118/3066
f 537/3117/3065 945/3118/3066 538/3119/3067
f 538/3119/3067 945/3118/3066 944/3120/3068
f 538/3119/3067 944/3120/3068 539/3121/3069
f 539/3121/3069 944/3120/3068 943/3122/3070
f 539/3121/3069 943/3122/3070 540/3095/3043
f 540/3095/3043 943/3122/3070 942/3094/3042
f 542/3038/2986 859/3040/2988 543/3123/3071
f 543/3123/3071 859/3040/2988 858/3124/3072
f 543/3123/3071 858/3124/3072 544/3125/3073
f 544/3125/3073 858/3124/3072 545/3126/3074
f 545/3126/3074 858/3124/3072 857/3127/3075
f 545/3126/3074 857/3127/3075 546/3128/3076
f 546/3128/3076 857/3127/3075 856/3129/3077
f 546/3128/3076 856/3129/3077 547/3130/3078
f 547/3130/3078 856/3129/3077 855/3131/3079
f 547/3130/3078 855/3131/3079 548/3132/3080
f 548/3132/3080 855/3131/3079 854/3133/3081
f 548/3132/3080 854/3133/3081 549/3134/3082
f 549/3134/3082 854/3133/3081 853/3135/3083
f 549/3134/3082 853/3135/3083 550/3136/3084
f 550/3136/3084 853/3135/3083 852/3137/3085
f 550/3136/3084 852/3137/3085 551/3138/3086
f 551/3138/3086 852/3137/3085 851/3139/3087
f 551/3138/3086 851/3139/3087 850/3140/3088
f 551/3138/3086 850/3140/3088 552/3141/3089
f 552/3141/3089 850/3140/3088 849/3142/3090
f 552/3141/3089 849/3142/3090 553/3143/3091
f 553/3143/3091 849/3142/3090 848/3144/3092
f 553/3143/3091 848/3144/3092 554/3145/3093
f 554/3145/3093 848/3144/3092 847/2948/2896
f 554/3145/3093 847/2948/2896 555/2950/2898
f 602/2896/2844 800/2898/2846 603/3146/3094
f 603/3146/3094 800/2898/2846 799/3147/3095
f 603/3146/3094 799/3147/3095 604/3148/3096
f 604/3148/3096 799/3147/3095 798/3149/3097
f 604/3148/3096 798/3149/3097 797/3150/3098
f 604/3148/3096 797/3150/3098 605/3151/3099
f 605/3151/3099 797/3150/3098 796/3152/3100
f 605/3151/3099 796/3152/3100 606/3153/3101
f 606/3153/3101 796/3152/3100 795/3154/3102
f 606/3153/3101 795/3154/3102 607/3155/3103
f 607/3155/3103 795/3154/3102 794/3156/3104
f 607/3155/3103 794/3156/3104 608/3157/3105
f 608/3157/3105 794/3156/3104 793/3158/3106
f 608/3157/3105 793/3158/3106 609/3159/3107
f 609/3159/3107 793/3158/3106 792/3160/3108
f 609/3159/3107 792/3160/3108 610/3161/3109
f 610/3161/3109 792/3160/3108 791/3162/3110
f 610/3161/3109 791/3162/3110 611/3163/3111
f 611/3163/3111 791/3162/3110 612/3164/3112
f 612/3164/3112 791/3162/3110 790/3165/3113
f 612/3164/3112 790/3165/3113 613/3166/3114
f 613/3166/3114 790/3165/3113 789/3167/3115
f 613/3166/3114 789/3167/3115 614/3168/3116
f 614/3168/3116 789/3167/3115 788/3169/3117
f 614/3168/3116 788/3169/3117 787/2803/2751
f 775/2827/2775 774/3170/3118 707/2829/2777
f 707/2829/2777 774/3170/3118 708/3171/3119
f 708/3171/3119 774/3170/3118 709/3172/3120
f 709/3172/3120 774/3170/3118 773/3173/3121
f 709/3172/3120 773/3173/3121 710/3174/3122
f 710/3174/3122 773/3173/3121 772/3175/3123
f 710/3174/3122 772/3175/3123 711/3176/3124
f 711/3176/3124 772/3175/3123 771/3177/3125
f 711/3176/3124 771/3177/3125 770/3178/3126
f 711/3176/3124 770/3178/3126 712/3179/3127
f 712/3179/3127 770/3178/3126 769/3180/3128
f 712/3179/3127 769/3180/3128 713/3181/3129
f 713/3181/3129 769/3180/3128 768/3182/3130
f 713/3181/3129 768/3182/3130 714/3183/3131
f 714/3183/3131 768/3182/3130 767/3184/3132
f 714/3183/3131 767/3184/3132 715/3185/3133
f 715/3185/3133 767/3184/3132 766/3186/3134
f 715/3185/3133 766/3186/3134 716/3187/3135
f 716/3187/3135 766/3186/3134 765/3188/3136
f 716/3187/3135 765/3188/3136 717/3189/3137
f 717/3189/3137 765/3188/3136 764/3190/3138
f 717/3189/3137 764/3190/3138 718/3191/3139
f 718/3191/3139 764/3190/3138 763/3192/3140
f 718/3191/3139 763/3192/3140 719/2903/2851
f 719/2903/2851 763/3192/3140 762/2901/2849
f 615/2801/2749 614/3168/3116 787/2803/2751
f 480/3193/3141 222/3194/3142 441/3195/3143
f 441/3195/3143 222/3194/3142 221/3196/3144
f 441/3195/3143 221/3196/3144 442/3197/3145
f 442/3197/3145 221/3196/3144 220/3198/3146
f 442/3197/3145 220/3198/3146 443/3199/3147
f 443/3199/3147 220/3198/3146 219/3200/3148
f 443/3199/3147 219/3200/3148 444/3201/3149
f 444/3201/3149 219/3200/3148 218/3202/3150
f 444/3201/3149 218/3202/3150 445/3203/3151
f 445/3203/3151 218/3202/3150 217/3204/3152
f 445/3203/3151 217/3204/3152 446/3205/3153
f 446/3205/3153 217/3204/3152 216/3206/3154
f 446/3205/3153 216/3206/3154 447/3207/3155
f 447/3207/3155 216/3206/3154 215/3208/3156
f 447/3207/3155 215/3208/3156 448/3209/3157
f 448/3209/3157 215/3208/3156 214/3210/3158
f 448/3209/3157 214/3210/3158 449/3211/3159
f 449/3211/3159 214/3210/3158 213/3212/3160
f 449/3211/3159 213/3212/3160 450/3097/3045
f 450/3097/3045 213/3212/3160 212/3096/3044
f 222/3194/3142 480/3193/3141 223/3213/3161
f 223/3213/3161 480/3193/3141 479/3214/3162
f 223/3213/3161 479/3214/3162 224/3215/3163
f 224/3215/3163 479/3214/3162 478/3216/3164
f 224/3215/3163 478/3216/3164 225/3217/3165
f 225/3217/3165 478/3216/3164 477/3218/3166
f 225/3217/3165 477/3218/3166 297/3219/3167
f 297/3219/3167 477/3218/3166 45/3220/3168
f 297/3219/3167 45/3220/3168 298/3221/3169
f 298/3221/3169 45/3220/3168 44/3222/3170
f 298/3221/3169 44/3222/3170 299/3223/3171
f 299/3223/3171 44/3222/3170 43/3224/3172
f 299/3223/3171 43/3224/3172 300/3225/3173
f 300/3225/3173 43/3224/3172 42/3226/3174
f 300/3225/3173 42/3226/3174 301/3227/3175
f 301/3227/3175 42/3226/3174 41/3228/3176
f 301/3227/3175 41/3228/3176 302/3229/3177
f 302/3229/3177 41/3228/3176 80/3230/3178
f 302/3229/3177 80/3230/3178 303/3231/3179
f 303/3231/3179 80/3230/3178 79/3232/3180
f 303/3231/3179 79/3232/3180 304/3233/3181
f 304/3233/3181 79/3232/3180 78/3234/3182
f 304/3233/3181 78/3234/3182 305/3235/3183
f 305/3235/3183 78/3234/3182 77/3236/3184
f 305/3235/3183 77/3236/3184 137/3237/3185
f 137/3237/3185 77/3236/3184 365/3238/3186
f 137/3237/3185 365/3238/3186 138/3239/3187
f 138/3239/3187 365/3238/3186 364/3240/3188
f 138/3239/3187 364/3240/3188 139/3241/3189
f 139/3241/3189 364/3240/3188 363/3242/3190
f 139/3241/3189 363/3242/3190 140/3243/3191
f 140/3243/3191 363/3242/3190 362/3244/3192
f 140/3243/3191 362/3244/3192 141/3245/3193
f 141/3245/3193 362/3244/3192 361/3246/3194
f 141/3245/3193 361/3246/3194 142/3247/3195
f 142/3247/3195 361/3246/3194 400/3248/3196
f 142/3247/3195 400/3248/3196 143/3249/3197
f 143/3249/3197 400/3248/3196 399/3250/3198
f 143/3249/3197 399/3250/3198 144/3251/3199
f 144/3251/3199 399/3250/3198 398/3252/3200
f 144/3251/3199 398/3252/3200 145/3253/3201
f 145/3253/3201 398/3252/3200 397/3254/3202
f 145/3253/3201 397/3254/3202 146/3255/3203
f 146/3255/3203 397/3254/3202 396/3256/3204
f 146/3255/3203 396/3256/3204 147/3257/3205
f 147/3257/3205 396/3256/3204 395/3258/3206
f 147/3257/3205 395/3258/3206 148/3259/3207
f 148/3259/3207 395/3258/3206 394/3260/3208
f 148/3259/3207 394/3260/3208 149/3261/3209
f 149/3261/3209 394/3260/3208 393/3262/3210
f 149/3261/3209 393/3262/3210 150/2768/2716
f 150/2768/2716 393/3262/3210 392/3098/3046
f 477/3218/3166 476/3263/3211 45/3220/3168
f 45/3220/3168 476/3263/3211 46/3264/3212
f 46/3264/3212 476/3263/3211 475/3265/3213
f 46/3264/3212 475/3265/3213 47/3266/3214
f 47/3266/3214 475/3265/3213 474/3267/3215
f 47/3266/3214 474/3267/3215 48/3268/3216
f 48/3268/3216 474/3267/3215 473/3269/3217
f 48/3268/3216 473/3269/3217 49/3270/3218
f 49/3270/3218 473/3269/3217 472/3271/3219
f 49/3270/3218 472/3271/3219 50/3272/3220
f 50/3272/3220 472/3271/3219 471/3273/3221
f 50/3272/3220 471/3273/3221 51/3274/3222
f 51/3274/3222 471/3273/3221 52/3275/3223
f 52/3275/3223 471/3273/3221 470/3276/3224
f 52/3275/3223 470/3276/3224 53/3277/3225
f 53/3277/3225 470/3276/3224 469/3278/3226
f 53/3277/3225 469/3278/3226 54/3279/3227
f 54/3279/3227 469/3278/3226 468/3280/3228
f 54/3279/3227 468/3280/3228 467/2977/2925
f 375/2949/2897 374/3281/3229 67/2951/2899
f 67/2951/2899 374/3281/3229 68/3282/3230
f 68/3282/3230 374/3281/3229 69/3283/3231
f 69/3283/3231 374/3281/3229 373/3284/3232
f 69/3283/3231 373/3284/3232 70/3285/3233
f 70/3285/3233 373/3284/3232 372/3286/3234
f 70/3285/3233 372/3286/3234 71/3287/3235
f 71/3287/3235 372/3286/3234 371/3288/3236
f 71/3287/3235 371/3288/3236 370/3289/3237
f 71/3287/3235 370/3289/3237 72/3290/3238
f 72/3290/3238 370/3289/3237 369/3291/3239
f 72/3290/3238 369/3291/3239 73/3292/3240
f 73/3292/3240 369/3291/3239 368/3293/3241
f 73/3292/3240 368/3293/3241 74/3294/3242
f 74/3294/3242 368/3293/3241 367/3295/3243
f 74/3294/3242 367/3295/3243 75/3296/3244
f 75/3296/3244 367/3295/3243 366/3297/3245
f 75/3296/3244 366/3297/3245 76/3298/3246
f 76/3298/3246 366/3297/3245 365/3238/3186
f 76/3298/3246 365/3238/3186 77/3236/3184
f 315/2802/2750 314/3299/3247 127/2800/2748
f 127/2800/2748 314/3299/3247 128/3300/3248
f 128/3300/3248 314/3299/3247 313/3301/3249
f 128/3300/3248 313/3301/3249 129/3302/3250
f 129/3302/3250 313/3301/3249 312/3303/3251
f 129/3302/3250 312/3303/3251 130/3304/3252
f 130/3304/3252 312/3303/3251 311/3305/3253
f 130/3304/3252 311/3305/3253 131/3306/3254
f 131/3306/3254 311/3305/3253 132/3307/3255
f 132/3307/3255 311/3305/3253 310/3308/3256
f 132/3307/3255 310/3308/3256 133/3309/3257
f 133/3309/3257 310/3308/3256 309/3310/3258
f 133/3309/3257 309/3310/3258 134/3311/3259
f 134/3311/3259 309/3310/3258 308/3312/3260
f 134/3311/3259 308/3312/3260 135/3313/3261
f 135/3313/3261 308/3312/3260 307/3314/3262
f 135/3313/3261 307/3314/3262 306/3315/3263
f 135/3313/3261 306/3315/3263 136/3316/3264
f 136/3316/3264 306/3315/3263 305/3235/3183
f 136/3316/3264 305/3235/3183 137/3237/3185
f 297/3219/3167 296/3317/3265 225/3217/3165
f 225/3217/3165 296/3317/3265 226/3318/3266
f 226/3318/3266 296/3317/3265 295/3319/3267
f 226/3318/3266 295/3319/3267 227/3320/3268
f 227/3320/3268 295/3319/3267 228/3321/3269
f 228/3321/3269 295/3319/3267 294/3322/3270
f 228/3321/3269 294/3322/3270 229/3323/3271
f 229/3323/3271 294/3322/3270 293/3324/3272
f 229/3323/3271 293/3324/3272 230/3325/3273
f 230/3325/3273 293/3324/3272 292/3326/3274
f 230/3325/3273 292/3326/3274 231/3327/3275
f 231/3327/3275 292/3326/3274 291/3328/3276
f 231/3327/3275 291/3328/3276 290/3329/3277
f 231/3327/3275 290/3329/3277 232/3330/3278
f 232/3330/3278 290/3329/3277 289/3331/3279
f 232/3330/3278 289/3331/3279 233/3332/3280
f 233/3332/3280 289/3331/3279 288/3333/3281
f 233/3332/3280 288/3333/3281 234/3334/3282
f 234/3334/3282 288/3333/3281 287/2826/2774
f 234/3334/3282 287/2826/2774 235/2828/2776
f 55/2975/2923 54/3279/3227 467/2977/2925
f 1655/3335/3283 1658/3336/3284 1656/3337/3285
f 1656/3337/3285 1658/3336/3284 1660/3338/3286
f 1008/3339/3287 1654/3340/3288 985/3341/3289
f 985/3341/3289 1654/3340/3288 1653/3342/3290
f 985/3341/3289 1653/3342/3290 986/3343/3291
f 986/3343/3291 1653/3342/3290 987/3344/3292
f 987/3344/3292 1653/3342/3290 988/3345/3293
f 988/3345/3293 1653/3342/3290 989/3346/3294
f 989/3346/3294 1653/3342/3290 990/3347/3295
f 990/3347/3295 1653/3342/3290 991/3348/3296
f 991/3348/3296 1653/3342/3290 1659/3349/3297
f 991/3348/3296 1659/3349/3297 1039/3350/3298
f 1039/3350/3298 1659/3349/3297 1040/3351/3299
f 1040/3351/3299 1659/3349/3297 1041/3352/3300
f 1041/3352/3300 1659/3349/3297 1042/3353/3301
f 1042/3353/3301 1659/3349/3297 1043/3354/3302
f 1043/3354/3302 1659/3349/3297 1044/3355/3303
f 1044/3355/3303 1659/3349/3297 1045/3356/3304
f 1045/3356/3304 1659/3349/3297 1657/3357/3305
f 1045/3356/3304 1657/3357/3305 1046/3358/3306
f 1046/3358/3306 1657/3357/3305 1047/3359/3307
f 1047/3359/3307 1657/3357/3305 1048/3360/3308
f 1048/3360/3308 1657/3357/3305 1049/3361/3309
f 1049/3361/3309 1657/3357/3305 1050/3362/3310
f 1050/3362/3310 1657/3357/3305 1051/3363/3311
f 1051/3363/3311 1657/3357/3305 1654/3340/3288
f 1051/3363/3311 1654/3340/3288 1003/3364/3312
f 1003/3364/3312 1654/3340/3288 1004/3365/3313
f 1004/3365/3313 1654/3340/3288 1005/3366/3314
f 1005/3366/3314 1654/3340/3288 1006/3367/3315
f 1006/3367/3315 1654/3340/3288 1007/3368/3316
f 1007/3368/3316 1654/3340/3288 1008/3339/3287
f 1051/3363/3311 1003/3364/3312 1052/3369/3317
f 1052/3369/3317 1003/3364/3312 1002/3370/3318
f 1052/3369/3317 1002/3370/3318 1053/3371/3319
f 1053/3371/3319 1002/3370/3318 1001/3372/3320
f 1053/3371/3319 1001/3372/3320 1054/3373/3321
f 1054/3373/3321 1001/3372/3320 1000/3374/3322
f 1054/3373/3321 1000/3374/3322 1055/3375/3323
f 1055/3375/3323 1000/3374/3322 999/3376/3324
f 1055/3375/3323 999/3376/3324 1056/3377/3325
f 1056/3377/3325 999/3376/3324 998/3378/3326
f 1056/3377/3325 998/3378/3326 1033/3379/3327
f 1033/3379/3327 998/3378/3326 997/3380/3328
f 1033/3379/3327 997/3380/3328 1034/3381/3329
f 1034/3381/3329 997/3380/3328 996/3382/3330
f 1034/3381/3329 996/3382/3330 1035/3383/3331
f 1035/3383/3331 996/3382/3330 995/3384/3332
f 1035/3383/3331 995/3384/3332 1036/3385/3333
f 1036/3385/3333 995/3384/3332 994/3386/3334
f 1036/3385/3333 994/3386/3334 1037/3387/3335
f 1037/3387/3335 994/3386/3334 993/3388/3336
f 1037/3387/3335 993/3388/3336 1038/3389/3337
f 1038/3389/3337 993/3388/3336 992/3390/3338
f 1038/3389/3337 992/3390/3338 1039/3350/3298
f 1039/3350/3298 992/3390/3338 991/3348/3296
# 1660 vertices
# 3390 texture params
# 3338 normals
# 3388 facets

# 1 groups
