# WaveFront *.obj file (generated by Autodesk ATF)

mtllib bodyody.mtl

g bodyody

v 56.300000 -5.000000 -47.000000
v 56.351111 -5.388229 -47.000000
v 56.500962 -5.750000 -47.000000
v 56.739340 -6.060660 -47.000000
v 57.050000 -6.299038 -47.000000
v 57.411771 -6.448889 -47.000000
v 57.800000 -6.500000 -47.000000
v 58.188229 -6.448889 -47.000000
v 58.550000 -6.299038 -47.000000
v 58.860660 -6.060660 -47.000000
v 59.099038 -5.750000 -47.000000
v 59.248889 -5.388229 -47.000000
v 59.300000 -5.000000 -47.000000
v 59.248889 -4.611771 -47.000000
v 59.099038 -4.250000 -47.000000
v 58.860660 -3.939340 -47.000000
v 58.550000 -3.700962 -47.000000
v 58.188229 -3.551111 -47.000000
v 57.800000 -3.500000 -47.000000
v 57.411771 -3.551111 -47.000000
v 57.050000 -3.700962 -47.000000
v 56.739340 -3.939340 -47.000000
v 56.500962 -4.250000 -47.000000
v 56.351111 -4.611771 -47.000000
v 56.300000 -5.000000 -50.000000
v 56.351111 -4.611771 -50.000000
v 56.500962 -4.250000 -50.000000
v 56.739340 -3.939340 -50.000000
v 57.050000 -3.700962 -50.000000
v 57.411771 -3.551111 -50.000000
v 57.800000 -3.500000 -50.000000
v 58.188229 -3.551111 -50.000000
v 58.550000 -3.700962 -50.000000
v 58.860660 -3.939340 -50.000000
v 59.099038 -4.250000 -50.000000
v 59.248889 -4.611771 -50.000000
v 59.300000 -5.000000 -50.000000
v 59.248889 -5.388229 -50.000000
v 59.099038 -5.750000 -50.000000
v 58.860660 -6.060660 -50.000000
v 58.550000 -6.299038 -50.000000
v 58.188229 -6.448889 -50.000000
v 57.800000 -6.500000 -50.000000
v 57.411771 -6.448889 -50.000000
v 57.050000 -6.299038 -50.000000
v 56.739340 -6.060660 -50.000000
v 56.500962 -5.750000 -50.000000
v 56.351111 -5.388229 -50.000000
v 120.300000 -5.000000 -47.000000
v 120.351111 -5.388229 -47.000000
v 120.500962 -5.750000 -47.000000
v 120.739340 -6.060660 -47.000000
v 121.050000 -6.299038 -47.000000
v 121.411771 -6.448889 -47.000000
v 121.800000 -6.500000 -47.000000
v 122.188229 -6.448889 -47.000000
v 122.550000 -6.299038 -47.000000
v 122.860660 -6.060660 -47.000000
v 123.099038 -5.750000 -47.000000
v 123.248889 -5.388229 -47.000000
v 123.300000 -5.000000 -47.000000
v 123.248889 -4.611771 -47.000000
v 123.099038 -4.250000 -47.000000
v 122.860660 -3.939340 -47.000000
v 122.550000 -3.700962 -47.000000
v 122.188229 -3.551111 -47.000000
v 121.800000 -3.500000 -47.000000
v 121.411771 -3.551111 -47.000000
v 121.050000 -3.700962 -47.000000
v 120.739340 -3.939340 -47.000000
v 120.500962 -4.250000 -47.000000
v 120.351111 -4.611771 -47.000000
v 120.300000 -5.000000 -50.000000
v 120.351111 -4.611771 -50.000000
v 120.500962 -4.250000 -50.000000
v 120.739340 -3.939340 -50.000000
v 121.050000 -3.700962 -50.000000
v 121.411771 -3.551111 -50.000000
v 121.800000 -3.500000 -50.000000
v 122.188229 -3.551111 -50.000000
v 122.550000 -3.700962 -50.000000
v 122.860660 -3.939340 -50.000000
v 123.099038 -4.250000 -50.000000
v 123.248889 -4.611771 -50.000000
v 123.300000 -5.000000 -50.000000
v 123.248889 -5.388229 -50.000000
v 123.099038 -5.750000 -50.000000
v 122.860660 -6.060660 -50.000000
v 122.550000 -6.299038 -50.000000
v 122.188229 -6.448889 -50.000000
v 121.800000 -6.500000 -50.000000
v 121.411771 -6.448889 -50.000000
v 121.050000 -6.299038 -50.000000
v 120.739340 -6.060660 -50.000000
v 120.500962 -5.750000 -50.000000
v 120.351111 -5.388229 -50.000000
v 116.732572 -3.000000 -40.092216
v 56.550572 -3.000000 -40.092216
v 56.550572 -4.600000 -40.092216
v 116.732572 -4.600000 -40.092216
v 56.550572 -3.000000 -9.856816
v 56.550572 -4.600000 -9.856816
v 116.732572 -3.000000 -9.856816
v 116.732572 -4.600000 -9.856816
v 114.800000 -4.600000 -37.000000
v 114.800000 -4.600000 -13.000000
v 64.800000 -4.600000 -13.000000
v 64.800000 -4.600000 -37.000000
v 114.800000 -7.000000 -13.000000
v 64.800000 -7.000000 -13.000000
v 114.800000 -7.000000 -37.000000
v 53.800000 16.295088 0.000000
v 53.800000 6.589265 0.000000
v 53.800000 7.104885 0.241911
v 53.800000 7.654818 0.390095
v 53.800000 8.222176 0.440000
v 53.800000 14.662176 0.440000
v 53.800000 15.229534 0.390095
v 53.800000 15.779467 0.241911
v 53.800000 17.912176 -3.520000
v 53.800000 17.912176 -2.810000
v 49.800000 17.912176 -2.810000
v 49.800000 17.912176 -3.520000
v 53.800000 14.662176 -6.770000
v 53.800000 15.296220 -6.707552
v 53.800000 15.905897 -6.522608
v 53.800000 16.467779 -6.222276
v 53.800000 16.960273 -5.818097
v 53.800000 17.364452 -5.325603
v 53.800000 17.664785 -4.763721
v 53.800000 17.849728 -4.154044
v 49.800000 17.849728 -4.154044
v 49.800000 17.664785 -4.763721
v 49.800000 17.364452 -5.325603
v 49.800000 16.960273 -5.818097
v 49.800000 16.467779 -6.222276
v 49.800000 15.905897 -6.522608
v 49.800000 15.296220 -6.707552
v 49.800000 14.662176 -6.770000
v 53.800000 8.222176 -6.770000
v 49.800000 8.222176 -6.770000
v 53.800000 4.972176 -3.520000
v 53.800000 5.034624 -4.154044
v 53.800000 5.219568 -4.763721
v 53.800000 5.519900 -5.325603
v 53.800000 5.924079 -5.818097
v 53.800000 6.416573 -6.222276
v 53.800000 6.978455 -6.522608
v 53.800000 7.588132 -6.707552
v 49.800000 7.588132 -6.707552
v 49.800000 6.978455 -6.522608
v 49.800000 6.416573 -6.222276
v 49.800000 5.924079 -5.818097
v 49.800000 5.519900 -5.325603
v 49.800000 5.219568 -4.763721
v 49.800000 5.034624 -4.154044
v 49.800000 4.972176 -3.520000
v 53.800000 4.972176 -2.810000
v 49.800000 4.972176 -2.810000
v 53.800000 6.127286 -0.325260
v 53.800000 5.728618 -0.725613
v 53.800000 5.405311 -1.188961
v 53.800000 5.167134 -1.701299
v 53.800000 5.021287 -2.247144
v 49.800000 5.034624 -2.175956
v 49.800000 5.219568 -1.566279
v 49.800000 5.519900 -1.004397
v 49.800000 5.924079 -0.511903
v 49.800000 6.416573 -0.107724
v 49.800000 6.978455 0.192608
v 49.800000 7.588132 0.377552
v 49.800000 8.222176 0.440000
v 49.800000 14.662176 0.440000
v 49.800000 15.296220 0.377552
v 49.800000 15.905897 0.192608
v 49.800000 16.467779 -0.107724
v 49.800000 16.960273 -0.511903
v 49.800000 17.364452 -1.004397
v 49.800000 17.664785 -1.566279
v 49.800000 17.849728 -2.175956
v 53.800000 17.863065 -2.247144
v 53.800000 17.717218 -1.701299
v 53.800000 17.479042 -1.188961
v 53.800000 17.155734 -0.725613
v 53.800000 16.757067 -0.325260
v 53.300000 22.860000 -3.500000
v 53.248889 22.860000 -3.111771
v 53.099038 22.860000 -2.750000
v 52.860660 22.860000 -2.439340
v 52.550000 22.860000 -2.200962
v 52.188229 22.860000 -2.051111
v 51.800000 22.860000 -2.000000
v 51.411771 22.860000 -2.051111
v 51.050000 22.860000 -2.200962
v 50.739340 22.860000 -2.439340
v 50.500962 22.860000 -2.750000
v 50.351111 22.860000 -3.111771
v 50.300000 22.860000 -3.500000
v 50.351111 22.860000 -3.888229
v 50.500962 22.860000 -4.250000
v 50.739340 22.860000 -4.560660
v 51.050000 22.860000 -4.799038
v 51.411771 22.860000 -4.948889
v 51.800000 22.860000 -5.000000
v 52.188229 22.860000 -4.948889
v 52.550000 22.860000 -4.799038
v 52.860660 22.860000 -4.560660
v 53.099038 22.860000 -4.250000
v 53.248889 22.860000 -3.888229
v 53.300000 25.860000 -3.500000
v 53.248889 25.860000 -3.888229
v 53.099038 25.860000 -4.250000
v 52.860660 25.860000 -4.560660
v 52.550000 25.860000 -4.799038
v 52.188229 25.860000 -4.948889
v 51.800000 25.860000 -5.000000
v 51.411771 25.860000 -4.948889
v 51.050000 25.860000 -4.799038
v 50.739340 25.860000 -4.560660
v 50.500962 25.860000 -4.250000
v 50.351111 25.860000 -3.888229
v 50.300000 25.860000 -3.500000
v 50.351111 25.860000 -3.111771
v 50.500962 25.860000 -2.750000
v 50.739340 25.860000 -2.439340
v 51.050000 25.860000 -2.200962
v 51.411771 25.860000 -2.051111
v 51.800000 25.860000 -2.000000
v 52.188229 25.860000 -2.051111
v 52.550000 25.860000 -2.200962
v 52.860660 25.860000 -2.439340
v 53.099038 25.860000 -2.750000
v 53.248889 25.860000 -3.111771
v 129.300000 22.860000 -3.500000
v 129.248889 22.860000 -3.111771
v 129.099038 22.860000 -2.750000
v 128.860660 22.860000 -2.439340
v 128.550000 22.860000 -2.200962
v 128.188229 22.860000 -2.051111
v 127.800000 22.860000 -2.000000
v 127.411771 22.860000 -2.051111
v 127.050000 22.860000 -2.200962
v 126.739340 22.860000 -2.439340
v 126.500962 22.860000 -2.750000
v 126.351111 22.860000 -3.111771
v 126.300000 22.860000 -3.500000
v 126.351111 22.860000 -3.888229
v 126.500962 22.860000 -4.250000
v 126.739340 22.860000 -4.560660
v 127.050000 22.860000 -4.799038
v 127.411771 22.860000 -4.948889
v 127.800000 22.860000 -5.000000
v 128.188229 22.860000 -4.948889
v 128.550000 22.860000 -4.799038
v 128.860660 22.860000 -4.560660
v 129.099038 22.860000 -4.250000
v 129.248889 22.860000 -3.888229
v 129.300000 25.860000 -3.500000
v 129.248889 25.860000 -3.888229
v 129.099038 25.860000 -4.250000
v 128.860660 25.860000 -4.560660
v 128.550000 25.860000 -4.799038
v 128.188229 25.860000 -4.948889
v 127.800000 25.860000 -5.000000
v 127.411771 25.860000 -4.948889
v 127.050000 25.860000 -4.799038
v 126.739340 25.860000 -4.560660
v 126.500962 25.860000 -4.250000
v 126.351111 25.860000 -3.888229
v 126.300000 25.860000 -3.500000
v 126.351111 25.860000 -3.111771
v 126.500962 25.860000 -2.750000
v 126.739340 25.860000 -2.439340
v 127.050000 25.860000 -2.200962
v 127.411771 25.860000 -2.051111
v 127.800000 25.860000 -2.000000
v 128.188229 25.860000 -2.051111
v 128.550000 25.860000 -2.200962
v 128.860660 25.860000 -2.439340
v 129.099038 25.860000 -2.750000
v 129.248889 25.860000 -3.111771
v 53.300000 22.860000 -46.500000
v 53.248889 22.860000 -46.111771
v 53.099038 22.860000 -45.750000
v 52.860660 22.860000 -45.439340
v 52.550000 22.860000 -45.200962
v 52.188229 22.860000 -45.051111
v 51.800000 22.860000 -45.000000
v 51.411771 22.860000 -45.051111
v 51.050000 22.860000 -45.200962
v 50.739340 22.860000 -45.439340
v 50.500962 22.860000 -45.750000
v 50.351111 22.860000 -46.111771
v 50.300000 22.860000 -46.500000
v 50.351111 22.860000 -46.888229
v 50.500962 22.860000 -47.250000
v 50.739340 22.860000 -47.560660
v 51.050000 22.860000 -47.799038
v 51.411771 22.860000 -47.948889
v 51.800000 22.860000 -48.000000
v 52.188229 22.860000 -47.948889
v 52.550000 22.860000 -47.799038
v 52.860660 22.860000 -47.560660
v 53.099038 22.860000 -47.250000
v 53.248889 22.860000 -46.888229
v 53.300000 25.860000 -46.500000
v 53.248889 25.860000 -46.888229
v 53.099038 25.860000 -47.250000
v 52.860660 25.860000 -47.560660
v 52.550000 25.860000 -47.799038
v 52.188229 25.860000 -47.948889
v 51.800000 25.860000 -48.000000
v 51.411771 25.860000 -47.948889
v 51.050000 25.860000 -47.799038
v 50.739340 25.860000 -47.560660
v 50.500962 25.860000 -47.250000
v 50.351111 25.860000 -46.888229
v 50.300000 25.860000 -46.500000
v 50.351111 25.860000 -46.111771
v 50.500962 25.860000 -45.750000
v 50.739340 25.860000 -45.439340
v 51.050000 25.860000 -45.200962
v 51.411771 25.860000 -45.051111
v 51.800000 25.860000 -45.000000
v 52.188229 25.860000 -45.051111
v 52.550000 25.860000 -45.200962
v 52.860660 25.860000 -45.439340
v 53.099038 25.860000 -45.750000
v 53.248889 25.860000 -46.111771
v 129.300000 22.860000 -46.500000
v 129.248889 22.860000 -46.111771
v 129.099038 22.860000 -45.750000
v 128.860660 22.860000 -45.439340
v 128.550000 22.860000 -45.200962
v 128.188229 22.860000 -45.051111
v 127.800000 22.860000 -45.000000
v 127.411771 22.860000 -45.051111
v 127.050000 22.860000 -45.200962
v 126.739340 22.860000 -45.439340
v 126.500962 22.860000 -45.750000
v 126.351111 22.860000 -46.111771
v 126.300000 22.860000 -46.500000
v 126.351111 22.860000 -46.888229
v 126.500962 22.860000 -47.250000
v 126.739340 22.860000 -47.560660
v 127.050000 22.860000 -47.799038
v 127.411771 22.860000 -47.948889
v 127.800000 22.860000 -48.000000
v 128.188229 22.860000 -47.948889
v 128.550000 22.860000 -47.799038
v 128.860660 22.860000 -47.560660
v 129.099038 22.860000 -47.250000
v 129.248889 22.860000 -46.888229
v 129.300000 25.860000 -46.500000
v 129.248889 25.860000 -46.888229
v 129.099038 25.860000 -47.250000
v 128.860660 25.860000 -47.560660
v 128.550000 25.860000 -47.799038
v 128.188229 25.860000 -47.948889
v 127.800000 25.860000 -48.000000
v 127.411771 25.860000 -47.948889
v 127.050000 25.860000 -47.799038
v 126.739340 25.860000 -47.560660
v 126.500962 25.860000 -47.250000
v 126.351111 25.860000 -46.888229
v 126.300000 25.860000 -46.500000
v 126.351111 25.860000 -46.111771
v 126.500962 25.860000 -45.750000
v 126.739340 25.860000 -45.439340
v 127.050000 25.860000 -45.200962
v 127.411771 25.860000 -45.051111
v 127.800000 25.860000 -45.000000
v 128.188229 25.860000 -45.051111
v 128.550000 25.860000 -45.200962
v 128.860660 25.860000 -45.439340
v 129.099038 25.860000 -45.750000
v 129.248889 25.860000 -46.111771
v 115.926872 -6.000000 -7.918774
v 115.884279 -6.000000 -7.595250
v 115.759404 -6.000000 -7.293774
v 115.560755 -6.000000 -7.034890
v 115.301872 -6.000000 -6.836242
v 115.000396 -6.000000 -6.711367
v 114.676872 -6.000000 -6.668774
v 114.353348 -6.000000 -6.711367
v 114.051872 -6.000000 -6.836242
v 113.792988 -6.000000 -7.034890
v 113.594340 -6.000000 -7.293774
v 113.469465 -6.000000 -7.595250
v 113.426872 -6.000000 -7.918774
v 113.469465 -6.000000 -8.242298
v 113.594340 -6.000000 -8.543774
v 113.792988 -6.000000 -8.802657
v 114.051872 -6.000000 -9.001306
v 114.353348 -6.000000 -9.126181
v 114.676872 -6.000000 -9.168774
v 115.000396 -6.000000 -9.126181
v 115.301872 -6.000000 -9.001306
v 115.560755 -6.000000 -8.802657
v 115.759404 -6.000000 -8.543774
v 115.884279 -6.000000 -8.242298
v 115.926872 -3.000000 -7.918774
v 115.884279 -3.000000 -8.242298
v 115.759404 -3.000000 -8.543774
v 115.560755 -3.000000 -8.802657
v 115.301872 -3.000000 -9.001306
v 115.000396 -3.000000 -9.126181
v 114.676872 -3.000000 -9.168774
v 114.353348 -3.000000 -9.126181
v 114.051872 -3.000000 -9.001306
v 113.792988 -3.000000 -8.802657
v 113.594340 -3.000000 -8.543774
v 113.469465 -3.000000 -8.242298
v 113.426872 -3.000000 -7.918774
v 113.469465 -3.000000 -7.595250
v 113.594340 -3.000000 -7.293774
v 113.792988 -3.000000 -7.034890
v 114.051872 -3.000000 -6.836242
v 114.353348 -3.000000 -6.711367
v 114.676872 -3.000000 -6.668774
v 115.000396 -3.000000 -6.711367
v 115.301872 -3.000000 -6.836242
v 115.560755 -3.000000 -7.034890
v 115.759404 -3.000000 -7.293774
v 115.884279 -3.000000 -7.595250
v 60.046872 -6.000000 -7.918774
v 60.004279 -6.000000 -7.595250
v 59.879404 -6.000000 -7.293774
v 59.680755 -6.000000 -7.034890
v 59.421872 -6.000000 -6.836242
v 59.120396 -6.000000 -6.711367
v 58.796872 -6.000000 -6.668774
v 58.473348 -6.000000 -6.711367
v 58.171872 -6.000000 -6.836242
v 57.912988 -6.000000 -7.034890
v 57.714340 -6.000000 -7.293774
v 57.589465 -6.000000 -7.595250
v 57.546872 -6.000000 -7.918774
v 57.589465 -6.000000 -8.242298
v 57.714340 -6.000000 -8.543774
v 57.912988 -6.000000 -8.802657
v 58.171872 -6.000000 -9.001306
v 58.473348 -6.000000 -9.126181
v 58.796872 -6.000000 -9.168774
v 59.120396 -6.000000 -9.126181
v 59.421872 -6.000000 -9.001306
v 59.680755 -6.000000 -8.802657
v 59.879404 -6.000000 -8.543774
v 60.004279 -6.000000 -8.242298
v 60.046872 -3.000000 -7.918774
v 60.004279 -3.000000 -8.242298
v 59.879404 -3.000000 -8.543774
v 59.680755 -3.000000 -8.802657
v 59.421872 -3.000000 -9.001306
v 59.120396 -3.000000 -9.126181
v 58.796872 -3.000000 -9.168774
v 58.473348 -3.000000 -9.126181
v 58.171872 -3.000000 -9.001306
v 57.912988 -3.000000 -8.802657
v 57.714340 -3.000000 -8.543774
v 57.589465 -3.000000 -8.242298
v 57.546872 -3.000000 -7.918774
v 57.589465 -3.000000 -7.595250
v 57.714340 -3.000000 -7.293774
v 57.912988 -3.000000 -7.034890
v 58.171872 -3.000000 -6.836242
v 58.473348 -3.000000 -6.711367
v 58.796872 -3.000000 -6.668774
v 59.120396 -3.000000 -6.711367
v 59.421872 -3.000000 -6.836242
v 59.680755 -3.000000 -7.034890
v 59.879404 -3.000000 -7.293774
v 60.004279 -3.000000 -7.595250
v 115.926872 -6.000000 -42.208774
v 115.884279 -6.000000 -41.885250
v 115.759404 -6.000000 -41.583774
v 115.560755 -6.000000 -41.324890
v 115.301872 -6.000000 -41.126242
v 115.000396 -6.000000 -41.001367
v 114.676872 -6.000000 -40.958774
v 114.353348 -6.000000 -41.001367
v 114.051872 -6.000000 -41.126242
v 113.792988 -6.000000 -41.324890
v 113.594340 -6.000000 -41.583774
v 113.469465 -6.000000 -41.885250
v 113.426872 -6.000000 -42.208774
v 113.469465 -6.000000 -42.532298
v 113.594340 -6.000000 -42.833774
v 113.792988 -6.000000 -43.092657
v 114.051872 -6.000000 -43.291306
v 114.353348 -6.000000 -43.416181
v 114.676872 -6.000000 -43.458774
v 115.000396 -6.000000 -43.416181
v 115.301872 -6.000000 -43.291306
v 115.560755 -6.000000 -43.092657
v 115.759404 -6.000000 -42.833774
v 115.884279 -6.000000 -42.532298
v 115.926872 -3.000000 -42.208774
v 115.884279 -3.000000 -42.532298
v 115.759404 -3.000000 -42.833774
v 115.560755 -3.000000 -43.092657
v 115.301872 -3.000000 -43.291306
v 115.000396 -3.000000 -43.416181
v 114.676872 -3.000000 -43.458774
v 114.353348 -3.000000 -43.416181
v 114.051872 -3.000000 -43.291306
v 113.792988 -3.000000 -43.092657
v 113.594340 -3.000000 -42.833774
v 113.469465 -3.000000 -42.532298
v 113.426872 -3.000000 -42.208774
v 113.469465 -3.000000 -41.885250
v 113.594340 -3.000000 -41.583774
v 113.792988 -3.000000 -41.324890
v 114.051872 -3.000000 -41.126242
v 114.353348 -3.000000 -41.001367
v 114.676872 -3.000000 -40.958774
v 115.000396 -3.000000 -41.001367
v 115.301872 -3.000000 -41.126242
v 115.560755 -3.000000 -41.324890
v 115.759404 -3.000000 -41.583774
v 115.884279 -3.000000 -41.885250
v 60.046872 -6.000000 -42.208774
v 60.004279 -6.000000 -41.885250
v 59.879404 -6.000000 -41.583774
v 59.680755 -6.000000 -41.324890
v 59.421872 -6.000000 -41.126242
v 59.120396 -6.000000 -41.001367
v 58.796872 -6.000000 -40.958774
v 58.473348 -6.000000 -41.001367
v 58.171872 -6.000000 -41.126242
v 57.912988 -6.000000 -41.324890
v 57.714340 -6.000000 -41.583774
v 57.589465 -6.000000 -41.885250
v 57.546872 -6.000000 -42.208774
v 57.589465 -6.000000 -42.532298
v 57.714340 -6.000000 -42.833774
v 57.912988 -6.000000 -43.092657
v 58.171872 -6.000000 -43.291306
v 58.473348 -6.000000 -43.416181
v 58.796872 -6.000000 -43.458774
v 59.120396 -6.000000 -43.416181
v 59.421872 -6.000000 -43.291306
v 59.680755 -6.000000 -43.092657
v 59.879404 -6.000000 -42.833774
v 60.004279 -6.000000 -42.532298
v 60.046872 -3.000000 -42.208774
v 60.004279 -3.000000 -42.532298
v 59.879404 -3.000000 -42.833774
v 59.680755 -3.000000 -43.092657
v 59.421872 -3.000000 -43.291306
v 59.120396 -3.000000 -43.416181
v 58.796872 -3.000000 -43.458774
v 58.473348 -3.000000 -43.416181
v 58.171872 -3.000000 -43.291306
v 57.912988 -3.000000 -43.092657
v 57.714340 -3.000000 -42.833774
v 57.589465 -3.000000 -42.532298
v 57.546872 -3.000000 -42.208774
v 57.589465 -3.000000 -41.885250
v 57.714340 -3.000000 -41.583774
v 57.912988 -3.000000 -41.324890
v 58.171872 -3.000000 -41.126242
v 58.473348 -3.000000 -41.001367
v 58.796872 -3.000000 -40.958774
v 59.120396 -3.000000 -41.001367
v 59.421872 -3.000000 -41.126242
v 59.680755 -3.000000 -41.324890
v 59.879404 -3.000000 -41.583774
v 60.004279 -3.000000 -41.885250
v 64.800000 -7.000000 -37.000000
v 53.800000 -3.000000 0.000000
v 53.800000 -3.000000 -50.000000
v 53.800000 25.860000 -50.000000
v 53.800000 25.860000 0.000000
v 49.800000 25.860000 0.000000
v 49.800000 25.860000 -50.000000
v 125.800000 25.860000 0.000000
v 129.800000 25.860000 0.000000
v 129.800000 25.860000 -50.000000
v 125.800000 25.860000 -50.000000
v 125.800000 -3.000000 0.000000
v 125.800000 -3.000000 -50.000000
v 129.800000 -7.000000 -50.000000
v 49.800000 -7.000000 -50.000000
v 49.800000 29.860000 0.000000
v 129.800000 29.860000 0.000000
v 101.760000 1.842000 0.000000
v 101.811111 1.453771 0.000000
v 101.960962 1.092000 0.000000
v 102.199340 0.781340 0.000000
v 102.510000 0.542962 0.000000
v 102.871771 0.393111 0.000000
v 103.260000 0.342000 0.000000
v 103.648229 0.393111 0.000000
v 104.010000 0.542962 0.000000
v 104.320660 0.781340 0.000000
v 104.559038 1.092000 0.000000
v 104.708889 1.453771 0.000000
v 104.760000 1.842000 0.000000
v 104.708889 2.230229 0.000000
v 104.559038 2.592000 0.000000
v 104.320660 2.902660 0.000000
v 104.010000 3.141038 0.000000
v 103.648229 3.290889 0.000000
v 103.260000 3.342000 0.000000
v 102.871771 3.290889 0.000000
v 102.510000 3.141038 0.000000
v 102.199340 2.902660 0.000000
v 101.960962 2.592000 0.000000
v 101.811111 2.230229 0.000000
v 56.040000 2.540000 0.000000
v 56.091111 2.151771 0.000000
v 56.240962 1.790000 0.000000
v 56.479340 1.479340 0.000000
v 56.790000 1.240962 0.000000
v 57.151771 1.091111 0.000000
v 57.540000 1.040000 0.000000
v 57.928229 1.091111 0.000000
v 58.290000 1.240962 0.000000
v 58.600660 1.479340 0.000000
v 58.839038 1.790000 0.000000
v 58.988889 2.151771 0.000000
v 59.040000 2.540000 0.000000
v 58.988889 2.928229 0.000000
v 58.839038 3.290000 0.000000
v 58.600660 3.600660 0.000000
v 58.290000 3.839038 0.000000
v 57.928229 3.988889 0.000000
v 57.540000 4.040000 0.000000
v 57.151771 3.988889 0.000000
v 56.790000 3.839038 0.000000
v 56.479340 3.600660 0.000000
v 56.240962 3.290000 0.000000
v 56.091111 2.928229 0.000000
v 101.760000 20.955000 0.000000
v 101.811111 20.566771 0.000000
v 101.960962 20.205000 0.000000
v 102.199340 19.894340 0.000000
v 102.510000 19.655962 0.000000
v 102.871771 19.506111 0.000000
v 103.260000 19.455000 0.000000
v 103.648229 19.506111 0.000000
v 104.010000 19.655962 0.000000
v 104.320660 19.894340 0.000000
v 104.559038 20.205000 0.000000
v 104.708889 20.566771 0.000000
v 104.760000 20.955000 0.000000
v 104.708889 21.343229 0.000000
v 104.559038 21.705000 0.000000
v 104.320660 22.015660 0.000000
v 104.010000 22.254038 0.000000
v 103.648229 22.403889 0.000000
v 103.260000 22.455000 0.000000
v 102.871771 22.403889 0.000000
v 102.510000 22.254038 0.000000
v 102.199340 22.015660 0.000000
v 101.960962 21.705000 0.000000
v 101.811111 21.343229 0.000000
v 56.040000 20.320000 0.000000
v 56.091111 19.931771 0.000000
v 56.240962 19.570000 0.000000
v 56.479340 19.259340 0.000000
v 56.790000 19.020962 0.000000
v 57.151771 18.871111 0.000000
v 57.540000 18.820000 0.000000
v 57.928229 18.871111 0.000000
v 58.290000 19.020962 0.000000
v 58.600660 19.259340 0.000000
v 58.839038 19.570000 0.000000
v 58.988889 19.931771 0.000000
v 59.040000 20.320000 0.000000
v 58.988889 20.708229 0.000000
v 58.839038 21.070000 0.000000
v 58.600660 21.380660 0.000000
v 58.290000 21.619038 0.000000
v 57.928229 21.768889 0.000000
v 57.540000 21.820000 0.000000
v 57.151771 21.768889 0.000000
v 56.790000 21.619038 0.000000
v 56.479340 21.380660 0.000000
v 56.240962 21.070000 0.000000
v 56.091111 20.708229 0.000000
v 56.040000 20.320000 3.000000
v 56.091111 19.931771 3.000000
v 56.240962 19.570000 3.000000
v 56.479340 19.259340 3.000000
v 56.790000 19.020962 3.000000
v 57.151771 18.871111 3.000000
v 57.540000 18.820000 3.000000
v 57.928229 18.871111 3.000000
v 58.290000 19.020962 3.000000
v 58.600660 19.259340 3.000000
v 58.839038 19.570000 3.000000
v 58.988889 19.931771 3.000000
v 59.040000 20.320000 3.000000
v 58.988889 20.708229 3.000000
v 58.839038 21.070000 3.000000
v 58.600660 21.380660 3.000000
v 58.290000 21.619038 3.000000
v 57.928229 21.768889 3.000000
v 57.540000 21.820000 3.000000
v 57.151771 21.768889 3.000000
v 56.790000 21.619038 3.000000
v 56.479340 21.380660 3.000000
v 56.240962 21.070000 3.000000
v 56.091111 20.708229 3.000000
v 101.760000 20.955000 3.000000
v 101.811111 20.566771 3.000000
v 101.960962 20.205000 3.000000
v 102.199340 19.894340 3.000000
v 102.510000 19.655962 3.000000
v 102.871771 19.506111 3.000000
v 103.260000 19.455000 3.000000
v 103.648229 19.506111 3.000000
v 104.010000 19.655962 3.000000
v 104.320660 19.894340 3.000000
v 104.559038 20.205000 3.000000
v 104.708889 20.566771 3.000000
v 104.760000 20.955000 3.000000
v 104.708889 21.343229 3.000000
v 104.559038 21.705000 3.000000
v 104.320660 22.015660 3.000000
v 104.010000 22.254038 3.000000
v 103.648229 22.403889 3.000000
v 103.260000 22.455000 3.000000
v 102.871771 22.403889 3.000000
v 102.510000 22.254038 3.000000
v 102.199340 22.015660 3.000000
v 101.960962 21.705000 3.000000
v 101.811111 21.343229 3.000000
v 56.040000 2.540000 3.000000
v 56.091111 2.151771 3.000000
v 56.240962 1.790000 3.000000
v 56.479340 1.479340 3.000000
v 56.790000 1.240962 3.000000
v 57.151771 1.091111 3.000000
v 57.540000 1.040000 3.000000
v 57.928229 1.091111 3.000000
v 58.290000 1.240962 3.000000
v 58.600660 1.479340 3.000000
v 58.839038 1.790000 3.000000
v 58.988889 2.151771 3.000000
v 59.040000 2.540000 3.000000
v 58.988889 2.928229 3.000000
v 58.839038 3.290000 3.000000
v 58.600660 3.600660 3.000000
v 58.290000 3.839038 3.000000
v 57.928229 3.988889 3.000000
v 57.540000 4.040000 3.000000
v 57.151771 3.988889 3.000000
v 56.790000 3.839038 3.000000
v 56.479340 3.600660 3.000000
v 56.240962 3.290000 3.000000
v 56.091111 2.928229 3.000000
v 101.760000 1.842000 3.000000
v 101.811111 1.453771 3.000000
v 101.960962 1.092000 3.000000
v 102.199340 0.781340 3.000000
v 102.510000 0.542962 3.000000
v 102.871771 0.393111 3.000000
v 103.260000 0.342000 3.000000
v 103.648229 0.393111 3.000000
v 104.010000 0.542962 3.000000
v 104.320660 0.781340 3.000000
v 104.559038 1.092000 3.000000
v 104.708889 1.453771 3.000000
v 104.760000 1.842000 3.000000
v 104.708889 2.230229 3.000000
v 104.559038 2.592000 3.000000
v 104.320660 2.902660 3.000000
v 104.010000 3.141038 3.000000
v 103.648229 3.290889 3.000000
v 103.260000 3.342000 3.000000
v 102.871771 3.290889 3.000000
v 102.510000 3.141038 3.000000
v 102.199340 2.902660 3.000000
v 101.960962 2.592000 3.000000
v 101.811111 2.230229 3.000000
v 49.800000 -7.000000 4.000000
v 49.800000 29.860000 4.000000
v 129.800000 29.860000 4.000000
v 129.800000 -7.000000 4.000000
vt 0.300000 -0.431969 0.000000
vt 0.000000 -0.431969 0.000000
vt 0.300000 -0.471239 0.000000
vt 0.000000 -0.471239 0.000000
vt 0.300000 0.471239 0.000000
vt 0.000000 0.471239 0.000000
vt 0.300000 0.431969 0.000000
vt 0.000000 0.431969 0.000000
vt 0.300000 0.392699 0.000000
vt 0.000000 0.392699 0.000000
vt 0.300000 0.353429 0.000000
vt 0.000000 0.353429 0.000000
vt 0.300000 0.314159 0.000000
vt 0.000000 0.314159 0.000000
vt 0.300000 0.274889 0.000000
vt 0.000000 0.274889 0.000000
vt 0.300000 0.235619 0.000000
vt 0.000000 0.235619 0.000000
vt 0.300000 0.196350 0.000000
vt 0.000000 0.196350 0.000000
vt 0.300000 0.157080 0.000000
vt 0.000000 0.157080 0.000000
vt 0.300000 0.117810 0.000000
vt 0.000000 0.117810 0.000000
vt 0.300000 0.078540 0.000000
vt 0.000000 0.078540 0.000000
vt 0.300000 0.039270 0.000000
vt 0.000000 0.039270 0.000000
vt 0.300000 0.000000 0.000000
vt 0.000000 0.000000 0.000000
vt 0.300000 -0.039270 0.000000
vt 0.000000 -0.039270 0.000000
vt 0.300000 -0.078540 0.000000
vt 0.000000 -0.078540 0.000000
vt 0.300000 -0.117810 0.000000
vt 0.000000 -0.117810 0.000000
vt 0.300000 -0.157080 0.000000
vt 0.000000 -0.157080 0.000000
vt 0.300000 -0.196350 0.000000
vt 0.000000 -0.196350 0.000000
vt 0.300000 -0.235619 0.000000
vt 0.000000 -0.235619 0.000000
vt 0.300000 -0.274889 0.000000
vt 0.000000 -0.274889 0.000000
vt 0.300000 -0.314159 0.000000
vt 0.000000 -0.314159 0.000000
vt 0.300000 -0.353429 0.000000
vt 0.000000 -0.353429 0.000000
vt 0.300000 -0.392699 0.000000
vt 0.000000 -0.392699 0.000000
vt -0.144889 -0.038823 0.000000
vt 0.144889 -0.038823 0.000000
vt -0.150000 0.000000 0.000000
vt 0.150000 0.000000 0.000000
vt -0.144889 0.038823 0.000000
vt 0.144889 0.038823 0.000000
vt -0.129904 0.075000 0.000000
vt 0.129904 0.075000 0.000000
vt -0.106066 0.106066 0.000000
vt 0.106066 0.106066 0.000000
vt -0.075000 0.129904 0.000000
vt 0.075000 0.129904 0.000000
vt -0.038823 0.144889 0.000000
vt 0.038823 0.144889 0.000000
vt 0.000000 0.150000 0.000000
vt 0.129904 -0.075000 0.000000
vt -0.129904 -0.075000 0.000000
vt 0.106066 -0.106066 0.000000
vt -0.106066 -0.106066 0.000000
vt 0.075000 -0.129904 0.000000
vt -0.075000 -0.129904 0.000000
vt 0.038823 -0.144889 0.000000
vt -0.038823 -0.144889 0.000000
vt 0.000000 -0.150000 0.000000
vt 0.300000 -0.431969 0.000000
vt 0.000000 -0.431969 0.000000
vt 0.300000 -0.471239 0.000000
vt 0.000000 -0.471239 0.000000
vt 0.300000 0.471239 0.000000
vt 0.000000 0.471239 0.000000
vt 0.300000 0.431969 0.000000
vt 0.000000 0.431969 0.000000
vt 0.300000 0.392699 0.000000
vt 0.000000 0.392699 0.000000
vt 0.300000 0.353429 0.000000
vt 0.000000 0.353429 0.000000
vt 0.300000 0.314159 0.000000
vt 0.000000 0.314159 0.000000
vt 0.300000 0.274889 0.000000
vt 0.000000 0.274889 0.000000
vt 0.300000 0.235619 0.000000
vt 0.000000 0.235619 0.000000
vt 0.300000 0.196350 0.000000
vt 0.000000 0.196350 0.000000
vt 0.300000 0.157080 0.000000
vt 0.000000 0.157080 0.000000
vt 0.300000 0.117810 0.000000
vt 0.000000 0.117810 0.000000
vt 0.300000 0.078540 0.000000
vt 0.000000 0.078540 0.000000
vt 0.300000 0.039270 0.000000
vt 0.000000 0.039270 0.000000
vt 0.300000 0.000000 0.000000
vt 0.000000 0.000000 0.000000
vt 0.300000 -0.039270 0.000000
vt 0.000000 -0.039270 0.000000
vt 0.300000 -0.078540 0.000000
vt 0.000000 -0.078540 0.000000
vt 0.300000 -0.117810 0.000000
vt 0.000000 -0.117810 0.000000
vt 0.300000 -0.157080 0.000000
vt 0.000000 -0.157080 0.000000
vt 0.300000 -0.196350 0.000000
vt 0.000000 -0.196350 0.000000
vt 0.300000 -0.235619 0.000000
vt 0.000000 -0.235619 0.000000
vt 0.300000 -0.274889 0.000000
vt 0.000000 -0.274889 0.000000
vt 0.300000 -0.314159 0.000000
vt 0.000000 -0.314159 0.000000
vt 0.300000 -0.353429 0.000000
vt 0.000000 -0.353429 0.000000
vt 0.300000 -0.392699 0.000000
vt 0.000000 -0.392699 0.000000
vt -0.144889 -0.038823 0.000000
vt 0.144889 -0.038823 0.000000
vt -0.150000 0.000000 0.000000
vt 0.150000 0.000000 0.000000
vt -0.144889 0.038823 0.000000
vt 0.144889 0.038823 0.000000
vt -0.129904 0.075000 0.000000
vt 0.129904 0.075000 0.000000
vt -0.106066 0.106066 0.000000
vt 0.106066 0.106066 0.000000
vt -0.075000 0.129904 0.000000
vt 0.075000 0.129904 0.000000
vt -0.038823 0.144889 0.000000
vt 0.038823 0.144889 0.000000
vt 0.000000 0.150000 0.000000
vt 0.129904 -0.075000 0.000000
vt -0.129904 -0.075000 0.000000
vt 0.106066 -0.106066 0.000000
vt -0.106066 -0.106066 0.000000
vt 0.075000 -0.129904 0.000000
vt -0.075000 -0.129904 0.000000
vt 0.038823 -0.144889 0.000000
vt -0.038823 -0.144889 0.000000
vt 0.000000 -0.150000 0.000000
vt -6.018200 0.000000 0.000000
vt -0.000000 0.000000 0.000000
vt -6.018200 0.160000 0.000000
vt -0.000000 0.160000 0.000000
vt -3.023540 -0.000000 0.000000
vt 0.000000 0.000000 0.000000
vt -3.023540 0.160000 0.000000
vt -0.000000 0.160000 0.000000
vt -6.018200 0.000000 0.000000
vt -0.000000 0.000000 0.000000
vt -6.018200 0.160000 0.000000
vt 0.000000 0.160000 0.000000
vt -3.023540 0.000000 0.000000
vt -0.000000 0.000000 0.000000
vt -3.023540 0.160000 0.000000
vt -0.000000 0.160000 0.000000
vt -1.202548 -2.184157 0.000000
vt -1.202548 2.815843 0.000000
vt -1.511770 3.009100 0.000000
vt 1.197452 2.815843 0.000000
vt 1.511770 3.009100 0.000000
vt 1.197452 -2.184157 0.000000
vt 1.511770 -3.009100 0.000000
vt -1.511770 -3.009100 0.000000
vt -0.000000 0.240000 0.000000
vt -5.000000 0.240000 0.000000
vt -0.000000 0.000000 0.000000
vt -5.000000 0.000000 0.000000
vt -0.000000 0.240000 0.000000
vt -2.400000 0.240000 0.000000
vt -0.000000 0.000000 0.000000
vt -2.400000 0.000000 0.000000
vt 0.316500 0.485291 0.000000
vt 0.316500 -0.485291 0.000000
vt 0.340691 0.433729 0.000000
vt 0.340691 -0.433729 0.000000
vt 0.355509 -0.378736 0.000000
vt 0.355509 0.378736 0.000000
vt 0.360500 -0.322000 0.000000
vt 0.360500 0.322000 0.000000
vt -0.000000 0.400000 0.000000
vt -0.071000 0.400000 0.000000
vt -0.000000 0.000000 0.000000
vt -0.071000 0.000000 0.000000
vt 0.000000 -0.510509 0.000000
vt 0.400000 -0.510509 0.000000
vt 0.000000 -0.446695 0.000000
vt 0.400000 -0.446695 0.000000
vt 0.000000 -0.382882 0.000000
vt 0.400000 -0.382882 0.000000
vt 0.000000 -0.319068 0.000000
vt 0.400000 -0.319068 0.000000
vt 0.000000 -0.255254 0.000000
vt 0.400000 -0.255254 0.000000
vt 0.000000 -0.191441 0.000000
vt 0.400000 -0.191441 0.000000
vt 0.000000 -0.127627 0.000000
vt 0.400000 -0.127627 0.000000
vt 0.000000 -0.063814 0.000000
vt 0.400000 -0.063814 0.000000
vt 0.000000 0.000000 0.000000
vt 0.400000 0.000000 0.000000
vt -0.000000 0.400000 0.000000
vt -0.644000 0.400000 0.000000
vt -0.000000 0.000000 0.000000
vt -0.644000 0.000000 0.000000
vt 0.000000 -0.510509 0.000000
vt 0.400000 -0.510509 0.000000
vt 0.000000 -0.446695 0.000000
vt 0.400000 -0.446695 0.000000
vt 0.000000 -0.382882 0.000000
vt 0.400000 -0.382882 0.000000
vt 0.000000 -0.319068 0.000000
vt 0.400000 -0.319068 0.000000
vt 0.000000 -0.255254 0.000000
vt 0.400000 -0.255254 0.000000
vt 0.000000 -0.191441 0.000000
vt 0.400000 -0.191441 0.000000
vt 0.000000 -0.127627 0.000000
vt 0.400000 -0.127627 0.000000
vt 0.000000 -0.063814 0.000000
vt 0.400000 -0.063814 0.000000
vt 0.000000 0.000000 0.000000
vt 0.400000 0.000000 0.000000
vt 0.000000 0.400000 0.000000
vt -0.071000 0.400000 0.000000
vt 0.000000 0.000000 0.000000
vt -0.071000 0.000000 0.000000
vt 0.400000 -0.282854 0.000000
vt 0.000000 -0.319068 0.000000
vt 0.400000 -0.339425 0.000000
vt 0.000000 -0.382882 0.000000
vt 0.400000 -0.396453 0.000000
vt 0.000000 -0.446695 0.000000
vt 0.400000 -0.453481 0.000000
vt 0.000000 -0.510509 0.000000
vt 0.400000 -0.510509 0.000000
vt 0.000000 -0.255254 0.000000
vt 0.400000 -0.226283 0.000000
vt 0.000000 -0.191441 0.000000
vt 0.400000 -0.169712 0.000000
vt 0.000000 -0.127627 0.000000
vt 0.400000 -0.113142 0.000000
vt 0.000000 -0.063814 0.000000
vt 0.400000 -0.056571 0.000000
vt 0.000000 0.000000 0.000000
vt 0.400000 0.000000 0.000000
vt -0.000000 0.400000 0.000000
vt -0.644000 0.400000 0.000000
vt -0.000000 0.000000 0.000000
vt -0.644000 0.000000 0.000000
vt 0.400000 -0.114056 0.000000
vt 0.000000 -0.127627 0.000000
vt 0.400000 -0.171084 0.000000
vt 0.000000 -0.191441 0.000000
vt 0.400000 -0.227655 0.000000
vt 0.000000 -0.255254 0.000000
vt 0.400000 -0.284226 0.000000
vt 0.000000 -0.319068 0.000000
vt 0.400000 -0.340796 0.000000
vt 0.000000 -0.382882 0.000000
vt 0.400000 -0.397367 0.000000
vt 0.000000 -0.446695 0.000000
vt 0.400000 -0.453938 0.000000
vt 0.000000 -0.510509 0.000000
vt 0.400000 -0.510509 0.000000
vt 0.000000 -0.063814 0.000000
vt 0.400000 -0.057028 0.000000
vt 0.000000 0.000000 0.000000
vt 0.400000 0.000000 0.000000
vt 0.300000 -0.431969 0.000000
vt 0.000000 -0.431969 0.000000
vt 0.300000 -0.471239 0.000000
vt 0.000000 -0.471239 0.000000
vt 0.300000 0.471239 0.000000
vt 0.000000 0.471239 0.000000
vt 0.300000 0.431969 0.000000
vt 0.000000 0.431969 0.000000
vt 0.300000 0.392699 0.000000
vt 0.000000 0.392699 0.000000
vt 0.300000 0.353429 0.000000
vt 0.000000 0.353429 0.000000
vt 0.300000 0.314159 0.000000
vt 0.000000 0.314159 0.000000
vt 0.300000 0.274889 0.000000
vt 0.000000 0.274889 0.000000
vt 0.300000 0.235619 0.000000
vt 0.000000 0.235619 0.000000
vt 0.300000 0.196350 0.000000
vt -0.000000 0.196350 0.000000
vt 0.300000 0.157080 0.000000
vt -0.000000 0.157080 0.000000
vt 0.300000 0.117810 0.000000
vt 0.000000 0.117810 0.000000
vt 0.300000 0.078540 0.000000
vt -0.000000 0.078540 0.000000
vt 0.300000 0.039270 0.000000
vt -0.000000 0.039270 0.000000
vt 0.300000 0.000000 0.000000
vt 0.000000 0.000000 0.000000
vt 0.300000 -0.039270 0.000000
vt 0.000000 -0.039270 0.000000
vt 0.300000 -0.078540 0.000000
vt 0.000000 -0.078540 0.000000
vt 0.300000 -0.117810 0.000000
vt 0.000000 -0.117810 0.000000
vt 0.300000 -0.157080 0.000000
vt 0.000000 -0.157080 0.000000
vt 0.300000 -0.196350 0.000000
vt 0.000000 -0.196350 0.000000
vt 0.300000 -0.235619 0.000000
vt 0.000000 -0.235619 0.000000
vt 0.300000 -0.274889 0.000000
vt 0.000000 -0.274889 0.000000
vt 0.300000 -0.314159 0.000000
vt 0.000000 -0.314159 0.000000
vt 0.300000 -0.353429 0.000000
vt 0.000000 -0.353429 0.000000
vt 0.300000 -0.392699 0.000000
vt 0.000000 -0.392699 0.000000
vt -0.144889 -0.038823 0.000000
vt 0.144889 -0.038823 0.000000
vt -0.150000 0.000000 0.000000
vt 0.150000 0.000000 0.000000
vt -0.144889 0.038823 0.000000
vt 0.144889 0.038823 0.000000
vt -0.129904 0.075000 0.000000
vt 0.129904 0.075000 0.000000
vt -0.106066 0.106066 0.000000
vt 0.106066 0.106066 0.000000
vt -0.075000 0.129904 0.000000
vt 0.075000 0.129904 0.000000
vt -0.038823 0.144889 0.000000
vt 0.038823 0.144889 0.000000
vt 0.000000 0.150000 0.000000
vt 0.129904 -0.075000 0.000000
vt -0.129904 -0.075000 0.000000
vt 0.106066 -0.106066 0.000000
vt -0.106066 -0.106066 0.000000
vt 0.075000 -0.129904 0.000000
vt -0.075000 -0.129904 0.000000
vt 0.038823 -0.144889 0.000000
vt -0.038823 -0.144889 0.000000
vt 0.000000 -0.150000 0.000000
vt 0.300000 -0.431969 0.000000
vt 0.000000 -0.431969 0.000000
vt 0.300000 -0.471239 0.000000
vt 0.000000 -0.471239 0.000000
vt 0.300000 0.471239 0.000000
vt 0.000000 0.471239 0.000000
vt 0.300000 0.431969 0.000000
vt 0.000000 0.431969 0.000000
vt 0.300000 0.392699 0.000000
vt 0.000000 0.392699 0.000000
vt 0.300000 0.353429 0.000000
vt 0.000000 0.353429 0.000000
vt 0.300000 0.314159 0.000000
vt 0.000000 0.314159 0.000000
vt 0.300000 0.274889 0.000000
vt 0.000000 0.274889 0.000000
vt 0.300000 0.235619 0.000000
vt 0.000000 0.235619 0.000000
vt 0.300000 0.196350 0.000000
vt -0.000000 0.196350 0.000000
vt 0.300000 0.157080 0.000000
vt 0.000000 0.157080 0.000000
vt 0.300000 0.117810 0.000000
vt -0.000000 0.117810 0.000000
vt 0.300000 0.078540 0.000000
vt 0.000000 0.078540 0.000000
vt 0.300000 0.039270 0.000000
vt -0.000000 0.039270 0.000000
vt 0.300000 0.000000 0.000000
vt 0.000000 0.000000 0.000000
vt 0.300000 -0.039270 0.000000
vt 0.000000 -0.039270 0.000000
vt 0.300000 -0.078540 0.000000
vt 0.000000 -0.078540 0.000000
vt 0.300000 -0.117810 0.000000
vt 0.000000 -0.117810 0.000000
vt 0.300000 -0.157080 0.000000
vt 0.000000 -0.157080 0.000000
vt 0.300000 -0.196350 0.000000
vt 0.000000 -0.196350 0.000000
vt 0.300000 -0.235619 0.000000
vt 0.000000 -0.235619 0.000000
vt 0.300000 -0.274889 0.000000
vt 0.000000 -0.274889 0.000000
vt 0.300000 -0.314159 0.000000
vt 0.000000 -0.314159 0.000000
vt 0.300000 -0.353429 0.000000
vt 0.000000 -0.353429 0.000000
vt 0.300000 -0.392699 0.000000
vt 0.000000 -0.392699 0.000000
vt -0.144889 -0.038823 0.000000
vt 0.144889 -0.038823 0.000000
vt -0.150000 0.000000 0.000000
vt 0.150000 0.000000 0.000000
vt -0.144889 0.038823 0.000000
vt 0.144889 0.038823 0.000000
vt -0.129904 0.075000 0.000000
vt 0.129904 0.075000 0.000000
vt -0.106066 0.106066 0.000000
vt 0.106066 0.106066 0.000000
vt -0.075000 0.129904 0.000000
vt 0.075000 0.129904 0.000000
vt -0.038823 0.144889 0.000000
vt 0.038823 0.144889 0.000000
vt 0.000000 0.150000 0.000000
vt 0.129904 -0.075000 0.000000
vt -0.129904 -0.075000 0.000000
vt 0.106066 -0.106066 0.000000
vt -0.106066 -0.106066 0.000000
vt 0.075000 -0.129904 0.000000
vt -0.075000 -0.129904 0.000000
vt 0.038823 -0.144889 0.000000
vt -0.038823 -0.144889 0.000000
vt 0.000000 -0.150000 0.000000
vt 0.300000 -0.431969 0.000000
vt 0.000000 -0.431969 0.000000
vt 0.300000 -0.471239 0.000000
vt 0.000000 -0.471239 0.000000
vt 0.300000 0.471239 0.000000
vt 0.000000 0.471239 0.000000
vt 0.300000 0.431969 0.000000
vt 0.000000 0.431969 0.000000
vt 0.300000 0.392699 0.000000
vt 0.000000 0.392699 0.000000
vt 0.300000 0.353429 0.000000
vt 0.000000 0.353429 0.000000
vt 0.300000 0.314159 0.000000
vt 0.000000 0.314159 0.000000
vt 0.300000 0.274889 0.000000
vt 0.000000 0.274889 0.000000
vt 0.300000 0.235619 0.000000
vt 0.000000 0.235619 0.000000
vt 0.300000 0.196350 0.000000
vt -0.000000 0.196350 0.000000
vt 0.300000 0.157080 0.000000
vt -0.000000 0.157080 0.000000
vt 0.300000 0.117810 0.000000
vt -0.000000 0.117810 0.000000
vt 0.300000 0.078540 0.000000
vt -0.000000 0.078540 0.000000
vt 0.300000 0.039270 0.000000
vt -0.000000 0.039270 0.000000
vt 0.300000 0.000000 0.000000
vt 0.000000 0.000000 0.000000
vt 0.300000 -0.039270 0.000000
vt 0.000000 -0.039270 0.000000
vt 0.300000 -0.078540 0.000000
vt 0.000000 -0.078540 0.000000
vt 0.300000 -0.117810 0.000000
vt 0.000000 -0.117810 0.000000
vt 0.300000 -0.157080 0.000000
vt 0.000000 -0.157080 0.000000
vt 0.300000 -0.196350 0.000000
vt 0.000000 -0.196350 0.000000
vt 0.300000 -0.235619 0.000000
vt 0.000000 -0.235619 0.000000
vt 0.300000 -0.274889 0.000000
vt 0.000000 -0.274889 0.000000
vt 0.300000 -0.314159 0.000000
vt 0.000000 -0.314159 0.000000
vt 0.300000 -0.353429 0.000000
vt 0.000000 -0.353429 0.000000
vt 0.300000 -0.392699 0.000000
vt 0.000000 -0.392699 0.000000
vt -0.144889 -0.038823 0.000000
vt 0.144889 -0.038823 0.000000
vt -0.150000 0.000000 0.000000
vt 0.150000 0.000000 0.000000
vt -0.144889 0.038823 0.000000
vt 0.144889 0.038823 0.000000
vt -0.129904 0.075000 0.000000
vt 0.129904 0.075000 0.000000
vt -0.106066 0.106066 0.000000
vt 0.106066 0.106066 0.000000
vt -0.075000 0.129904 0.000000
vt 0.075000 0.129904 0.000000
vt -0.038823 0.144889 0.000000
vt 0.038823 0.144889 0.000000
vt 0.000000 0.150000 0.000000
vt 0.129904 -0.075000 0.000000
vt -0.129904 -0.075000 0.000000
vt 0.106066 -0.106066 0.000000
vt -0.106066 -0.106066 0.000000
vt 0.075000 -0.129904 0.000000
vt -0.075000 -0.129904 0.000000
vt 0.038823 -0.144889 0.000000
vt -0.038823 -0.144889 0.000000
vt 0.000000 -0.150000 0.000000
vt 0.300000 -0.431969 0.000000
vt 0.000000 -0.431969 0.000000
vt 0.300000 -0.471239 0.000000
vt 0.000000 -0.471239 0.000000
vt 0.300000 0.471239 0.000000
vt 0.000000 0.471239 0.000000
vt 0.300000 0.431969 0.000000
vt 0.000000 0.431969 0.000000
vt 0.300000 0.392699 0.000000
vt 0.000000 0.392699 0.000000
vt 0.300000 0.353429 0.000000
vt 0.000000 0.353429 0.000000
vt 0.300000 0.314159 0.000000
vt 0.000000 0.314159 0.000000
vt 0.300000 0.274889 0.000000
vt 0.000000 0.274889 0.000000
vt 0.300000 0.235619 0.000000
vt 0.000000 0.235619 0.000000
vt 0.300000 0.196350 0.000000
vt -0.000000 0.196350 0.000000
vt 0.300000 0.157080 0.000000
vt 0.000000 0.157080 0.000000
vt 0.300000 0.117810 0.000000
vt -0.000000 0.117810 0.000000
vt 0.300000 0.078540 0.000000
vt 0.000000 0.078540 0.000000
vt 0.300000 0.039270 0.000000
vt -0.000000 0.039270 0.000000
vt 0.300000 0.000000 0.000000
vt 0.000000 0.000000 0.000000
vt 0.300000 -0.039270 0.000000
vt 0.000000 -0.039270 0.000000
vt 0.300000 -0.078540 0.000000
vt 0.000000 -0.078540 0.000000
vt 0.300000 -0.117810 0.000000
vt 0.000000 -0.117810 0.000000
vt 0.300000 -0.157080 0.000000
vt 0.000000 -0.157080 0.000000
vt 0.300000 -0.196350 0.000000
vt 0.000000 -0.196350 0.000000
vt 0.300000 -0.235619 0.000000
vt 0.000000 -0.235619 0.000000
vt 0.300000 -0.274889 0.000000
vt 0.000000 -0.274889 0.000000
vt 0.300000 -0.314159 0.000000
vt 0.000000 -0.314159 0.000000
vt 0.300000 -0.353429 0.000000
vt 0.000000 -0.353429 0.000000
vt 0.300000 -0.392699 0.000000
vt 0.000000 -0.392699 0.000000
vt -0.144889 -0.038823 0.000000
vt 0.144889 -0.038823 0.000000
vt -0.150000 0.000000 0.000000
vt 0.150000 0.000000 0.000000
vt -0.144889 0.038823 0.000000
vt 0.144889 0.038823 0.000000
vt -0.129904 0.075000 0.000000
vt 0.129904 0.075000 0.000000
vt -0.106066 0.106066 0.000000
vt 0.106066 0.106066 0.000000
vt -0.075000 0.129904 0.000000
vt 0.075000 0.129904 0.000000
vt -0.038823 0.144889 0.000000
vt 0.038823 0.144889 0.000000
vt 0.000000 0.150000 0.000000
vt 0.129904 -0.075000 0.000000
vt -0.129904 -0.075000 0.000000
vt 0.106066 -0.106066 0.000000
vt -0.106066 -0.106066 0.000000
vt 0.075000 -0.129904 0.000000
vt -0.075000 -0.129904 0.000000
vt 0.038823 -0.144889 0.000000
vt -0.038823 -0.144889 0.000000
vt 0.000000 -0.150000 0.000000
vt 0.300000 -0.359974 0.000000
vt 0.000000 -0.359974 0.000000
vt 0.300000 -0.392699 0.000000
vt 0.000000 -0.392699 0.000000
vt 0.300000 0.392699 0.000000
vt 0.000000 0.392699 0.000000
vt 0.300000 0.359974 0.000000
vt 0.000000 0.359974 0.000000
vt 0.300000 0.327249 0.000000
vt 0.000000 0.327249 0.000000
vt 0.300000 0.294524 0.000000
vt 0.000000 0.294524 0.000000
vt 0.300000 0.261799 0.000000
vt 0.000000 0.261799 0.000000
vt 0.300000 0.229074 0.000000
vt 0.000000 0.229074 0.000000
vt 0.300000 0.196350 0.000000
vt 0.000000 0.196350 0.000000
vt 0.300000 0.163625 0.000000
vt 0.000000 0.163625 0.000000
vt 0.300000 0.130900 0.000000
vt 0.000000 0.130900 0.000000
vt 0.300000 0.098175 0.000000
vt 0.000000 0.098175 0.000000
vt 0.300000 0.065450 0.000000
vt 0.000000 0.065450 0.000000
vt 0.300000 0.032725 0.000000
vt 0.000000 0.032725 0.000000
vt 0.300000 0.000000 0.000000
vt 0.000000 0.000000 0.000000
vt 0.300000 -0.032725 0.000000
vt 0.000000 -0.032725 0.000000
vt 0.300000 -0.065450 0.000000
vt 0.000000 -0.065450 0.000000
vt 0.300000 -0.098175 0.000000
vt 0.000000 -0.098175 0.000000
vt 0.300000 -0.130900 0.000000
vt 0.000000 -0.130900 0.000000
vt 0.300000 -0.163625 0.000000
vt 0.000000 -0.163625 0.000000
vt 0.300000 -0.196350 0.000000
vt 0.000000 -0.196350 0.000000
vt 0.300000 -0.229074 0.000000
vt 0.000000 -0.229074 0.000000
vt 0.300000 -0.261799 0.000000
vt 0.000000 -0.261799 0.000000
vt 0.300000 -0.294524 0.000000
vt 0.000000 -0.294524 0.000000
vt 0.300000 -0.327249 0.000000
vt 0.000000 -0.327249 0.000000
vt -0.120741 -0.032352 0.000000
vt 0.120741 -0.032352 0.000000
vt -0.125000 0.000000 0.000000
vt 0.125000 0.000000 0.000000
vt -0.120741 0.032352 0.000000
vt 0.120741 0.032352 0.000000
vt -0.108253 0.062500 0.000000
vt 0.108253 0.062500 0.000000
vt -0.088388 0.088388 0.000000
vt 0.088388 0.088388 0.000000
vt -0.062500 0.108253 0.000000
vt 0.062500 0.108253 0.000000
vt -0.032352 0.120741 0.000000
vt 0.032352 0.120741 0.000000
vt 0.000000 0.125000 0.000000
vt 0.108253 -0.062500 0.000000
vt -0.108253 -0.062500 0.000000
vt 0.088388 -0.088388 0.000000
vt -0.088388 -0.088388 0.000000
vt 0.062500 -0.108253 0.000000
vt -0.062500 -0.108253 0.000000
vt 0.032352 -0.120741 0.000000
vt -0.032352 -0.120741 0.000000
vt 0.000000 -0.125000 0.000000
vt 0.300000 -0.359974 0.000000
vt 0.000000 -0.359974 0.000000
vt 0.300000 -0.392699 0.000000
vt 0.000000 -0.392699 0.000000
vt 0.300000 0.392699 0.000000
vt 0.000000 0.392699 0.000000
vt 0.300000 0.359974 0.000000
vt 0.000000 0.359974 0.000000
vt 0.300000 0.327249 0.000000
vt 0.000000 0.327249 0.000000
vt 0.300000 0.294524 0.000000
vt 0.000000 0.294524 0.000000
vt 0.300000 0.261799 0.000000
vt 0.000000 0.261799 0.000000
vt 0.300000 0.229074 0.000000
vt 0.000000 0.229074 0.000000
vt 0.300000 0.196350 0.000000
vt 0.000000 0.196350 0.000000
vt 0.300000 0.163625 0.000000
vt -0.000000 0.163625 0.000000
vt 0.300000 0.130900 0.000000
vt -0.000000 0.130900 0.000000
vt 0.300000 0.098175 0.000000
vt -0.000000 0.098175 0.000000
vt 0.300000 0.065450 0.000000
vt 0.000000 0.065450 0.000000
vt 0.300000 0.032725 0.000000
vt -0.000000 0.032725 0.000000
vt 0.300000 0.000000 0.000000
vt 0.000000 0.000000 0.000000
vt 0.300000 -0.032725 0.000000
vt 0.000000 -0.032725 0.000000
vt 0.300000 -0.065450 0.000000
vt 0.000000 -0.065450 0.000000
vt 0.300000 -0.098175 0.000000
vt 0.000000 -0.098175 0.000000
vt 0.300000 -0.130900 0.000000
vt 0.000000 -0.130900 0.000000
vt 0.300000 -0.163625 0.000000
vt 0.000000 -0.163625 0.000000
vt 0.300000 -0.196350 0.000000
vt 0.000000 -0.196350 0.000000
vt 0.300000 -0.229074 0.000000
vt 0.000000 -0.229074 0.000000
vt 0.300000 -0.261799 0.000000
vt 0.000000 -0.261799 0.000000
vt 0.300000 -0.294524 0.000000
vt 0.000000 -0.294524 0.000000
vt 0.300000 -0.327249 0.000000
vt 0.000000 -0.327249 0.000000
vt -0.120741 -0.032352 0.000000
vt 0.120741 -0.032352 0.000000
vt -0.125000 0.000000 0.000000
vt 0.125000 0.000000 0.000000
vt -0.120741 0.032352 0.000000
vt 0.120741 0.032352 0.000000
vt -0.108253 0.062500 0.000000
vt 0.108253 0.062500 0.000000
vt -0.088388 0.088388 0.000000
vt 0.088388 0.088388 0.000000
vt -0.062500 0.108253 0.000000
vt 0.062500 0.108253 0.000000
vt -0.032352 0.120741 0.000000
vt 0.032352 0.120741 0.000000
vt 0.000000 0.125000 0.000000
vt 0.108253 -0.062500 0.000000
vt -0.108253 -0.062500 0.000000
vt 0.088388 -0.088388 0.000000
vt -0.088388 -0.088388 0.000000
vt 0.062500 -0.108253 0.000000
vt -0.062500 -0.108253 0.000000
vt 0.032352 -0.120741 0.000000
vt -0.032352 -0.120741 0.000000
vt 0.000000 -0.125000 0.000000
vt 0.300000 -0.359974 0.000000
vt 0.000000 -0.359974 0.000000
vt 0.300000 -0.392699 0.000000
vt 0.000000 -0.392699 0.000000
vt 0.300000 0.392699 0.000000
vt 0.000000 0.392699 0.000000
vt 0.300000 0.359974 0.000000
vt 0.000000 0.359974 0.000000
vt 0.300000 0.327249 0.000000
vt 0.000000 0.327249 0.000000
vt 0.300000 0.294524 0.000000
vt 0.000000 0.294524 0.000000
vt 0.300000 0.261799 0.000000
vt 0.000000 0.261799 0.000000
vt 0.300000 0.229074 0.000000
vt 0.000000 0.229074 0.000000
vt 0.300000 0.196350 0.000000
vt 0.000000 0.196350 0.000000
vt 0.300000 0.163625 0.000000
vt 0.000000 0.163625 0.000000
vt 0.300000 0.130900 0.000000
vt 0.000000 0.130900 0.000000
vt 0.300000 0.098175 0.000000
vt 0.000000 0.098175 0.000000
vt 0.300000 0.065450 0.000000
vt 0.000000 0.065450 0.000000
vt 0.300000 0.032725 0.000000
vt 0.000000 0.032725 0.000000
vt 0.300000 0.000000 0.000000
vt 0.000000 0.000000 0.000000
vt 0.300000 -0.032725 0.000000
vt 0.000000 -0.032725 0.000000
vt 0.300000 -0.065450 0.000000
vt 0.000000 -0.065450 0.000000
vt 0.300000 -0.098175 0.000000
vt 0.000000 -0.098175 0.000000
vt 0.300000 -0.130900 0.000000
vt 0.000000 -0.130900 0.000000
vt 0.300000 -0.163625 0.000000
vt 0.000000 -0.163625 0.000000
vt 0.300000 -0.196350 0.000000
vt 0.000000 -0.196350 0.000000
vt 0.300000 -0.229074 0.000000
vt 0.000000 -0.229074 0.000000
vt 0.300000 -0.261799 0.000000
vt 0.000000 -0.261799 0.000000
vt 0.300000 -0.294524 0.000000
vt 0.000000 -0.294524 0.000000
vt 0.300000 -0.327249 0.000000
vt 0.000000 -0.327249 0.000000
vt -0.120741 -0.032352 0.000000
vt 0.120741 -0.032352 0.000000
vt -0.125000 0.000000 0.000000
vt 0.125000 0.000000 0.000000
vt -0.120741 0.032352 0.000000
vt 0.120741 0.032352 0.000000
vt -0.108253 0.062500 0.000000
vt 0.108253 0.062500 0.000000
vt -0.088388 0.088388 0.000000
vt 0.088388 0.088388 0.000000
vt -0.062500 0.108253 0.000000
vt 0.062500 0.108253 0.000000
vt -0.032352 0.120741 0.000000
vt 0.032352 0.120741 0.000000
vt 0.000000 0.125000 0.000000
vt 0.108253 -0.062500 0.000000
vt -0.108253 -0.062500 0.000000
vt 0.088388 -0.088388 0.000000
vt -0.088388 -0.088388 0.000000
vt 0.062500 -0.108253 0.000000
vt -0.062500 -0.108253 0.000000
vt 0.032352 -0.120741 0.000000
vt -0.032352 -0.120741 0.000000
vt 0.000000 -0.125000 0.000000
vt 0.300000 -0.359974 0.000000
vt 0.000000 -0.359974 0.000000
vt 0.300000 -0.392699 0.000000
vt 0.000000 -0.392699 0.000000
vt 0.300000 0.392699 0.000000
vt 0.000000 0.392699 0.000000
vt 0.300000 0.359974 0.000000
vt 0.000000 0.359974 0.000000
vt 0.300000 0.327249 0.000000
vt 0.000000 0.327249 0.000000
vt 0.300000 0.294524 0.000000
vt 0.000000 0.294524 0.000000
vt 0.300000 0.261799 0.000000
vt 0.000000 0.261799 0.000000
vt 0.300000 0.229074 0.000000
vt 0.000000 0.229074 0.000000
vt 0.300000 0.196350 0.000000
vt 0.000000 0.196350 0.000000
vt 0.300000 0.163625 0.000000
vt -0.000000 0.163625 0.000000
vt 0.300000 0.130900 0.000000
vt 0.000000 0.130900 0.000000
vt 0.300000 0.098175 0.000000
vt -0.000000 0.098175 0.000000
vt 0.300000 0.065450 0.000000
vt 0.000000 0.065450 0.000000
vt 0.300000 0.032725 0.000000
vt -0.000000 0.032725 0.000000
vt 0.300000 0.000000 0.000000
vt 0.000000 0.000000 0.000000
vt 0.300000 -0.032725 0.000000
vt 0.000000 -0.032725 0.000000
vt 0.300000 -0.065450 0.000000
vt 0.000000 -0.065450 0.000000
vt 0.300000 -0.098175 0.000000
vt 0.000000 -0.098175 0.000000
vt 0.300000 -0.130900 0.000000
vt 0.000000 -0.130900 0.000000
vt 0.300000 -0.163625 0.000000
vt 0.000000 -0.163625 0.000000
vt 0.300000 -0.196350 0.000000
vt 0.000000 -0.196350 0.000000
vt 0.300000 -0.229074 0.000000
vt 0.000000 -0.229074 0.000000
vt 0.300000 -0.261799 0.000000
vt 0.000000 -0.261799 0.000000
vt 0.300000 -0.294524 0.000000
vt 0.000000 -0.294524 0.000000
vt 0.300000 -0.327249 0.000000
vt 0.000000 -0.327249 0.000000
vt -0.120741 -0.032352 0.000000
vt 0.120741 -0.032352 0.000000
vt -0.125000 0.000000 0.000000
vt 0.125000 0.000000 0.000000
vt -0.120741 0.032352 0.000000
vt 0.120741 0.032352 0.000000
vt -0.108253 0.062500 0.000000
vt 0.108253 0.062500 0.000000
vt -0.088388 0.088388 0.000000
vt 0.088388 0.088388 0.000000
vt -0.062500 0.108253 0.000000
vt 0.062500 0.108253 0.000000
vt -0.032352 0.120741 0.000000
vt 0.032352 0.120741 0.000000
vt 0.000000 0.125000 0.000000
vt 0.108253 -0.062500 0.000000
vt -0.108253 -0.062500 0.000000
vt 0.088388 -0.088388 0.000000
vt -0.088388 -0.088388 0.000000
vt 0.062500 -0.108253 0.000000
vt -0.062500 -0.108253 0.000000
vt 0.032352 -0.120741 0.000000
vt -0.032352 -0.120741 0.000000
vt 0.000000 -0.125000 0.000000
vt -0.000000 0.240000 0.000000
vt -2.400000 0.240000 0.000000
vt -0.000000 0.000000 0.000000
vt -2.400000 0.000000 0.000000
vt -0.000000 0.240000 0.000000
vt -5.000000 0.240000 0.000000
vt -0.000000 0.000000 0.000000
vt -5.000000 0.000000 0.000000
vt 2.088782 0.352000 0.000000
vt 2.088782 0.281000 0.000000
vt 2.886000 0.000000 0.000000
vt 2.083871 0.224714 0.000000
vt 2.069287 0.170130 0.000000
vt 2.045469 0.118896 0.000000
vt 2.013138 0.072561 0.000000
vt 1.973271 0.032526 0.000000
vt 1.927074 -0.000000 0.000000
vt 2.886000 5.000000 0.000000
vt 2.034010 0.532560 0.000000
vt 2.064043 0.476372 0.000000
vt 2.082538 0.415404 0.000000
vt 0.000000 5.000000 0.000000
vt 1.763782 0.677000 0.000000
vt 1.827187 0.670755 0.000000
vt 1.888155 0.652261 0.000000
vt 0.000000 0.000000 0.000000
vt 0.849555 0.532560 0.000000
vt 0.889973 0.581810 0.000000
vt 0.939222 0.622228 0.000000
vt 0.956491 -0.000000 0.000000
vt 0.910293 0.032526 0.000000
vt 0.870427 0.072561 0.000000
vt 0.838096 0.118896 0.000000
vt 0.814278 0.170130 0.000000
vt 0.799693 0.224714 0.000000
vt 0.794782 0.281000 0.000000
vt 0.794782 0.352000 0.000000
vt 0.801027 0.415404 0.000000
vt 0.819522 0.476372 0.000000
vt 0.995410 0.652261 0.000000
vt 1.056378 0.670755 0.000000
vt 1.119782 0.677000 0.000000
vt 1.944343 0.622228 0.000000
vt 1.993592 0.581810 0.000000
vt 0.344889 0.311177 0.000000
vt 0.400000 0.000000 0.000000
vt 0.350000 0.350000 0.000000
vt 0.350000 4.650000 0.000000
vt 0.344889 0.388823 0.000000
vt 0.344889 4.611177 0.000000
vt 0.329904 4.575000 0.000000
vt 0.329904 0.275000 0.000000
vt 0.306066 0.243934 0.000000
vt 0.275000 0.220096 0.000000
vt 0.238823 0.205111 0.000000
vt 0.200000 0.200000 0.000000
vt 0.000000 0.000000 0.000000
vt 0.161177 0.205111 0.000000
vt 0.125000 0.220096 0.000000
vt 0.093934 0.243934 0.000000
vt 0.070096 0.275000 0.000000
vt 0.055111 0.311177 0.000000
vt 0.050000 0.350000 0.000000
vt 0.050000 4.650000 0.000000
vt 0.000000 5.000000 0.000000
vt 0.055111 4.688823 0.000000
vt 0.070096 4.725000 0.000000
vt 0.055111 0.388823 0.000000
vt 0.055111 4.611177 0.000000
vt 0.070096 4.575000 0.000000
vt 0.070096 0.425000 0.000000
vt 0.093934 4.543934 0.000000
vt 0.093934 0.456066 0.000000
vt 0.125000 4.520096 0.000000
vt 0.125000 0.479904 0.000000
vt 0.161177 4.505111 0.000000
vt 0.161177 0.494889 0.000000
vt 0.200000 4.500000 0.000000
vt 0.200000 0.500000 0.000000
vt 0.238823 0.494889 0.000000
vt 0.238823 4.505111 0.000000
vt 0.275000 0.479904 0.000000
vt 0.275000 4.520096 0.000000
vt 0.306066 0.456066 0.000000
vt 0.306066 4.543934 0.000000
vt 0.329904 0.425000 0.000000
vt 0.093934 4.756066 0.000000
vt 0.125000 4.779904 0.000000
vt 0.161177 4.794889 0.000000
vt 0.200000 4.800000 0.000000
vt 0.400000 5.000000 0.000000
vt 0.238823 4.794889 0.000000
vt 0.275000 4.779904 0.000000
vt 0.306066 4.756066 0.000000
vt 0.329904 4.725000 0.000000
vt 0.344889 4.688823 0.000000
vt 0.344889 0.311177 0.000000
vt 0.400000 0.000000 0.000000
vt 0.350000 0.350000 0.000000
vt 0.350000 4.650000 0.000000
vt 0.344889 0.388823 0.000000
vt 0.344889 4.611177 0.000000
vt 0.329904 4.575000 0.000000
vt 0.329904 0.275000 0.000000
vt 0.306066 0.243934 0.000000
vt 0.275000 0.220096 0.000000
vt 0.238823 0.205111 0.000000
vt 0.200000 0.200000 0.000000
vt 0.000000 0.000000 0.000000
vt 0.161177 0.205111 0.000000
vt 0.125000 0.220096 0.000000
vt 0.093934 0.243934 0.000000
vt 0.070096 0.275000 0.000000
vt 0.055111 0.311177 0.000000
vt 0.050000 0.350000 0.000000
vt 0.050000 4.650000 0.000000
vt 0.000000 5.000000 0.000000
vt 0.055111 4.688823 0.000000
vt 0.070096 4.725000 0.000000
vt 0.055111 0.388823 0.000000
vt 0.055111 4.611177 0.000000
vt 0.070096 4.575000 0.000000
vt 0.070096 0.425000 0.000000
vt 0.093934 4.543934 0.000000
vt 0.093934 0.456066 0.000000
vt 0.125000 4.520096 0.000000
vt 0.125000 0.479904 0.000000
vt 0.161177 4.505111 0.000000
vt 0.161177 0.494889 0.000000
vt 0.200000 4.500000 0.000000
vt 0.200000 0.500000 0.000000
vt 0.238823 0.494889 0.000000
vt 0.238823 4.505111 0.000000
vt 0.275000 0.479904 0.000000
vt 0.275000 4.520096 0.000000
vt 0.306066 0.456066 0.000000
vt 0.306066 4.543934 0.000000
vt 0.329904 0.425000 0.000000
vt 0.093934 4.756066 0.000000
vt 0.125000 4.779904 0.000000
vt 0.161177 4.794889 0.000000
vt 0.200000 4.800000 0.000000
vt 0.400000 5.000000 0.000000
vt 0.238823 4.794889 0.000000
vt 0.275000 4.779904 0.000000
vt 0.306066 4.756066 0.000000
vt 0.329904 4.725000 0.000000
vt 0.344889 4.688823 0.000000
vt 0.000000 0.000000 0.000000
vt 2.886000 0.000000 0.000000
vt 0.000000 5.000000 0.000000
vt 2.886000 5.000000 0.000000
vt 6.293257 4.009222 0.000000
vt 0.532040 4.100137 0.000000
vt 0.275057 4.009222 0.000000
vt 0.499687 4.095877 0.000000
vt 0.467335 4.100137 0.000000
vt 6.293257 0.985682 0.000000
vt 7.200000 0.000000 0.000000
vt 7.200000 5.000000 0.000000
vt 6.212687 4.220877 0.000000
vt 6.208428 4.253230 0.000000
vt 6.195940 4.283377 0.000000
vt 6.176076 4.309266 0.000000
vt 6.150187 4.329131 0.000000
vt 6.120040 4.341618 0.000000
vt 6.087687 4.345877 0.000000
vt 6.055335 4.341618 0.000000
vt 0.000000 5.000000 0.000000
vt 6.025187 4.329131 0.000000
vt 5.999299 4.309266 0.000000
vt 0.588076 4.309266 0.000000
vt 5.979434 4.283377 0.000000
vt 0.607940 4.283377 0.000000
vt 5.966946 4.253230 0.000000
vt 0.620428 4.253230 0.000000
vt 5.962687 4.220877 0.000000
vt 0.624687 4.220877 0.000000
vt 5.966946 4.188525 0.000000
vt 0.620428 4.188525 0.000000
vt 5.979434 4.158377 0.000000
vt 0.607940 4.158377 0.000000
vt 5.999299 4.132489 0.000000
vt 0.588076 4.132489 0.000000
vt 6.025187 4.112624 0.000000
vt 0.562187 4.112624 0.000000
vt 6.055335 4.100137 0.000000
vt 0.275057 0.985682 0.000000
vt 0.532040 0.912618 0.000000
vt 6.055335 0.912618 0.000000
vt 6.087687 0.916877 0.000000
vt 0.000000 0.000000 0.000000
vt 0.378946 0.759525 0.000000
vt 0.374687 0.791877 0.000000
vt 6.025187 0.683624 0.000000
vt 5.999299 0.703489 0.000000
vt 0.588076 0.703489 0.000000
vt 0.607940 0.729377 0.000000
vt 5.979434 0.729377 0.000000
vt 0.620428 0.759525 0.000000
vt 5.966946 0.759525 0.000000
vt 0.624687 0.791877 0.000000
vt 5.962687 0.791877 0.000000
vt 0.620428 0.824230 0.000000
vt 5.966946 0.824230 0.000000
vt 0.607940 0.854377 0.000000
vt 5.979434 0.854377 0.000000
vt 0.588076 0.880266 0.000000
vt 5.999299 0.880266 0.000000
vt 0.562187 0.900131 0.000000
vt 6.025187 0.900131 0.000000
vt 0.378946 4.253230 0.000000
vt 0.391434 4.283377 0.000000
vt 0.437187 4.112624 0.000000
vt 0.411299 4.132489 0.000000
vt 0.391434 4.158377 0.000000
vt 0.378946 4.188525 0.000000
vt 0.374687 4.220877 0.000000
vt 0.411299 4.309266 0.000000
vt 0.437187 4.329131 0.000000
vt 0.467335 4.341618 0.000000
vt 0.499687 4.345877 0.000000
vt 0.532040 4.341618 0.000000
vt 0.562187 4.329131 0.000000
vt 6.208428 4.188525 0.000000
vt 6.195940 4.158377 0.000000
vt 6.176076 4.132489 0.000000
vt 6.150187 4.112624 0.000000
vt 6.120040 4.100137 0.000000
vt 6.087687 4.095877 0.000000
vt 0.562187 0.683624 0.000000
vt 0.532040 0.671137 0.000000
vt 0.499687 0.666877 0.000000
vt 0.467335 0.671137 0.000000
vt 0.437187 0.683624 0.000000
vt 0.411299 0.703489 0.000000
vt 0.391434 0.729377 0.000000
vt 0.378946 0.824230 0.000000
vt 0.391434 0.854377 0.000000
vt 0.411299 0.880266 0.000000
vt 0.437187 0.900131 0.000000
vt 0.467335 0.912618 0.000000
vt 0.499687 0.916877 0.000000
vt 6.208428 0.824230 0.000000
vt 6.212687 0.791877 0.000000
vt 6.208428 0.759525 0.000000
vt 6.195940 0.729377 0.000000
vt 6.176076 0.703489 0.000000
vt 6.150187 0.683624 0.000000
vt 6.120040 0.671137 0.000000
vt 6.087687 0.666877 0.000000
vt 6.055335 0.671137 0.000000
vt 6.120040 0.912618 0.000000
vt 6.150187 0.900131 0.000000
vt 6.176076 0.880266 0.000000
vt 6.195940 0.854377 0.000000
vt 3.344889 -1.481823 0.000000
vt 4.000000 -1.643000 0.000000
vt 3.350000 -1.443000 0.000000
vt 3.600000 -1.243000 0.000000
vt 3.344889 -1.404177 0.000000
vt 3.329904 -1.368000 0.000000
vt 3.306066 -1.336934 0.000000
vt 3.275000 -1.313096 0.000000
vt 3.238823 -1.298111 0.000000
vt 3.200000 -1.293000 0.000000
vt -3.600000 -1.243000 0.000000
vt -3.200000 -1.293000 0.000000
vt -3.238823 -1.298111 0.000000
vt -3.275000 -1.313096 0.000000
vt -3.306066 -1.336934 0.000000
vt -3.329904 -1.368000 0.000000
vt -3.344889 -1.404177 0.000000
vt -3.350000 -1.443000 0.000000
vt -4.000000 -1.643000 0.000000
vt -3.344889 -1.481823 0.000000
vt -3.329904 -1.518000 0.000000
vt -3.306066 -1.549066 0.000000
vt -3.275000 -1.572904 0.000000
vt -3.238823 -1.587889 0.000000
vt -3.200000 -1.593000 0.000000
vt 3.200000 -1.593000 0.000000
vt 3.238823 -1.587889 0.000000
vt 3.275000 -1.572904 0.000000
vt 3.306066 -1.549066 0.000000
vt 3.329904 -1.518000 0.000000
vt -3.161177 -1.587889 0.000000
vt 3.161177 -1.587889 0.000000
vt -3.125000 -1.572904 0.000000
vt 3.125000 -1.572904 0.000000
vt -3.093934 -1.549066 0.000000
vt 3.093934 -1.549066 0.000000
vt -3.070096 -1.518000 0.000000
vt 3.070096 -1.518000 0.000000
vt -3.055111 -1.481823 0.000000
vt 3.055111 -1.481823 0.000000
vt -3.050000 -1.443000 0.000000
vt 3.050000 -1.443000 0.000000
vt -3.055111 -1.404177 0.000000
vt 3.055111 -1.404177 0.000000
vt -3.070096 -1.368000 0.000000
vt 3.070096 -1.368000 0.000000
vt -3.093934 -1.336934 0.000000
vt 3.093934 -1.336934 0.000000
vt -3.125000 -1.313096 0.000000
vt 3.125000 -1.313096 0.000000
vt -3.161177 -1.298111 0.000000
vt 3.161177 -1.298111 0.000000
vt -3.600000 1.643000 0.000000
vt -4.000000 1.643000 0.000000
vt 4.000000 1.643000 0.000000
vt 3.600000 1.643000 0.000000
vt 4.000000 -1.443000 0.000000
vt 3.600000 -1.443000 0.000000
vt 4.000000 -1.843000 0.000000
vt 1.346000 -1.102500 0.000000
vt -4.000000 -1.843000 0.000000
vt 1.307177 -1.097389 0.000000
vt -3.600000 -1.443000 0.000000
vt 1.271000 -1.082404 0.000000
vt -3.151000 -1.018904 0.000000
vt 1.239934 -1.058566 0.000000
vt -3.119934 -0.995066 0.000000
vt 1.216096 -1.027500 0.000000
vt -3.096096 -0.964000 0.000000
vt 1.201111 -0.991323 0.000000
vt -3.081111 -0.927823 0.000000
vt 1.196000 -0.952500 0.000000
vt -3.076000 -0.889000 0.000000
vt 1.201111 -0.913677 0.000000
vt -3.081111 -0.850177 0.000000
vt 1.216096 -0.877500 0.000000
vt -3.096096 -0.814000 0.000000
vt 1.239934 -0.846434 0.000000
vt -3.119934 -0.782934 0.000000
vt 1.271000 -0.822596 0.000000
vt -3.151000 -0.759096 0.000000
vt -3.151000 0.759096 0.000000
vt -3.600000 0.484074 0.000000
vt -3.187177 0.744111 0.000000
vt -3.226000 0.739000 0.000000
vt 3.600000 1.443000 0.000000
vt 1.421000 -0.822596 0.000000
vt 1.452066 -0.846434 0.000000
vt 1.475904 -0.877500 0.000000
vt -3.600000 1.443000 0.000000
vt 1.346000 1.108800 0.000000
vt 1.384823 1.103689 0.000000
vt 1.421000 1.088704 0.000000
vt -3.376000 0.889000 0.000000
vt -3.370889 0.927823 0.000000
vt -3.355904 0.964000 0.000000
vt -3.600000 -0.486509 0.000000
vt -3.187177 -0.744111 0.000000
vt -3.226000 -0.739000 0.000000
vt -3.264823 -0.744111 0.000000
vt -3.301000 -0.759096 0.000000
vt -3.332066 -0.782934 0.000000
vt -3.355904 -0.814000 0.000000
vt -3.370889 -0.850177 0.000000
vt -3.376000 -0.889000 0.000000
vt -3.370889 -0.927823 0.000000
vt -3.355904 -0.964000 0.000000
vt -3.332066 -0.995066 0.000000
vt -3.301000 -1.018904 0.000000
vt -3.264823 -1.033889 0.000000
vt -3.226000 -1.039000 0.000000
vt -3.187177 -1.033889 0.000000
vt -4.000000 -1.443000 0.000000
vt 1.201111 0.997623 0.000000
vt -3.081111 0.927823 0.000000
vt 1.196000 0.958800 0.000000
vt -3.076000 0.889000 0.000000
vt 1.201111 0.919977 0.000000
vt -3.081111 0.850177 0.000000
vt 1.216096 0.883800 0.000000
vt -3.096096 0.814000 0.000000
vt 1.239934 0.852734 0.000000
vt -3.119934 0.782934 0.000000
vt 1.271000 0.828896 0.000000
vt -3.096096 0.964000 0.000000
vt 1.216096 1.033800 0.000000
vt -3.119934 0.995066 0.000000
vt 1.239934 1.064866 0.000000
vt -3.151000 1.018904 0.000000
vt 1.271000 1.088704 0.000000
vt 1.307177 1.103689 0.000000
vt 1.452066 1.064866 0.000000
vt 1.475904 1.033800 0.000000
vt 1.490889 0.997623 0.000000
vt 1.496000 0.958800 0.000000
vt 1.490889 0.919977 0.000000
vt 1.475904 0.883800 0.000000
vt 1.452066 0.852734 0.000000
vt 1.421000 0.828896 0.000000
vt 1.384823 -0.807611 0.000000
vt 1.384823 0.813911 0.000000
vt 1.346000 0.808800 0.000000
vt 1.307177 0.813911 0.000000
vt 1.307177 -0.807611 0.000000
vt 1.346000 -0.802500 0.000000
vt -3.332066 0.995066 0.000000
vt -3.301000 1.018904 0.000000
vt -3.264823 1.033889 0.000000
vt -3.226000 1.039000 0.000000
vt -3.187177 1.033889 0.000000
vt -3.264823 0.744111 0.000000
vt -3.301000 0.759096 0.000000
vt -3.332066 0.782934 0.000000
vt -3.355904 0.814000 0.000000
vt -3.370889 0.850177 0.000000
vt 1.490889 -0.913677 0.000000
vt 1.496000 -0.952500 0.000000
vt 1.490889 -0.991323 0.000000
vt 1.475904 -1.027500 0.000000
vt 1.452066 -1.058566 0.000000
vt 1.421000 -1.082404 0.000000
vt 1.384823 -1.097389 0.000000
vt 0.300000 -0.431969 0.000000
vt 0.000000 -0.431969 0.000000
vt 0.300000 -0.471239 0.000000
vt 0.000000 -0.471239 0.000000
vt 0.300000 0.471239 0.000000
vt 0.000000 0.471239 0.000000
vt 0.300000 0.431969 0.000000
vt 0.000000 0.431969 0.000000
vt 0.300000 0.392699 0.000000
vt 0.000000 0.392699 0.000000
vt 0.300000 0.353429 0.000000
vt 0.000000 0.353429 0.000000
vt 0.300000 0.314159 0.000000
vt 0.000000 0.314159 0.000000
vt 0.300000 0.274889 0.000000
vt 0.000000 0.274889 0.000000
vt 0.300000 0.235619 0.000000
vt 0.000000 0.235619 0.000000
vt 0.300000 0.196350 0.000000
vt 0.000000 0.196350 0.000000
vt 0.300000 0.157080 0.000000
vt 0.000000 0.157080 0.000000
vt 0.300000 0.117810 0.000000
vt 0.000000 0.117810 0.000000
vt 0.300000 0.078540 0.000000
vt 0.000000 0.078540 0.000000
vt 0.300000 0.039270 0.000000
vt 0.000000 0.039270 0.000000
vt 0.300000 0.000000 0.000000
vt 0.000000 0.000000 0.000000
vt 0.300000 -0.039270 0.000000
vt 0.000000 -0.039270 0.000000
vt 0.300000 -0.078540 0.000000
vt 0.000000 -0.078540 0.000000
vt 0.300000 -0.117810 0.000000
vt 0.000000 -0.117810 0.000000
vt 0.300000 -0.157080 0.000000
vt 0.000000 -0.157080 0.000000
vt 0.300000 -0.196350 0.000000
vt 0.000000 -0.196350 0.000000
vt 0.300000 -0.235619 0.000000
vt 0.000000 -0.235619 0.000000
vt 0.300000 -0.274889 0.000000
vt 0.000000 -0.274889 0.000000
vt 0.300000 -0.314159 0.000000
vt 0.000000 -0.314159 0.000000
vt 0.300000 -0.353429 0.000000
vt 0.000000 -0.353429 0.000000
vt 0.300000 -0.392699 0.000000
vt 0.000000 -0.392699 0.000000
vt -0.144889 -0.038823 0.000000
vt 0.144889 -0.038823 0.000000
vt -0.150000 0.000000 0.000000
vt 0.150000 0.000000 0.000000
vt -0.144889 0.038823 0.000000
vt 0.144889 0.038823 0.000000
vt -0.129904 0.075000 0.000000
vt 0.129904 0.075000 0.000000
vt -0.106066 0.106066 0.000000
vt 0.106066 0.106066 0.000000
vt -0.075000 0.129904 0.000000
vt 0.075000 0.129904 0.000000
vt -0.038823 0.144889 0.000000
vt 0.038823 0.144889 0.000000
vt 0.000000 0.150000 0.000000
vt 0.129904 -0.075000 0.000000
vt -0.129904 -0.075000 0.000000
vt 0.106066 -0.106066 0.000000
vt -0.106066 -0.106066 0.000000
vt 0.075000 -0.129904 0.000000
vt -0.075000 -0.129904 0.000000
vt 0.038823 -0.144889 0.000000
vt -0.038823 -0.144889 0.000000
vt 0.000000 -0.150000 0.000000
vt 0.300000 -0.431969 0.000000
vt 0.000000 -0.431969 0.000000
vt 0.300000 -0.471239 0.000000
vt 0.000000 -0.471239 0.000000
vt 0.300000 0.471239 0.000000
vt 0.000000 0.471239 0.000000
vt 0.300000 0.431969 0.000000
vt 0.000000 0.431969 0.000000
vt 0.300000 0.392699 0.000000
vt 0.000000 0.392699 0.000000
vt 0.300000 0.353429 0.000000
vt 0.000000 0.353429 0.000000
vt 0.300000 0.314159 0.000000
vt 0.000000 0.314159 0.000000
vt 0.300000 0.274889 0.000000
vt 0.000000 0.274889 0.000000
vt 0.300000 0.235619 0.000000
vt 0.000000 0.235619 0.000000
vt 0.300000 0.196350 0.000000
vt 0.000000 0.196350 0.000000
vt 0.300000 0.157080 0.000000
vt 0.000000 0.157080 0.000000
vt 0.300000 0.117810 0.000000
vt 0.000000 0.117810 0.000000
vt 0.300000 0.078540 0.000000
vt 0.000000 0.078540 0.000000
vt 0.300000 0.039270 0.000000
vt 0.000000 0.039270 0.000000
vt 0.300000 0.000000 0.000000
vt 0.000000 0.000000 0.000000
vt 0.300000 -0.039270 0.000000
vt 0.000000 -0.039270 0.000000
vt 0.300000 -0.078540 0.000000
vt 0.000000 -0.078540 0.000000
vt 0.300000 -0.117810 0.000000
vt 0.000000 -0.117810 0.000000
vt 0.300000 -0.157080 0.000000
vt 0.000000 -0.157080 0.000000
vt 0.300000 -0.196350 0.000000
vt 0.000000 -0.196350 0.000000
vt 0.300000 -0.235619 0.000000
vt 0.000000 -0.235619 0.000000
vt 0.300000 -0.274889 0.000000
vt 0.000000 -0.274889 0.000000
vt 0.300000 -0.314159 0.000000
vt 0.000000 -0.314159 0.000000
vt 0.300000 -0.353429 0.000000
vt 0.000000 -0.353429 0.000000
vt 0.300000 -0.392699 0.000000
vt 0.000000 -0.392699 0.000000
vt -0.144889 -0.038823 0.000000
vt 0.144889 -0.038823 0.000000
vt -0.150000 0.000000 0.000000
vt 0.150000 0.000000 0.000000
vt -0.144889 0.038823 0.000000
vt 0.144889 0.038823 0.000000
vt -0.129904 0.075000 0.000000
vt 0.129904 0.075000 0.000000
vt -0.106066 0.106066 0.000000
vt 0.106066 0.106066 0.000000
vt -0.075000 0.129904 0.000000
vt 0.075000 0.129904 0.000000
vt -0.038823 0.144889 0.000000
vt 0.038823 0.144889 0.000000
vt 0.000000 0.150000 0.000000
vt 0.129904 -0.075000 0.000000
vt -0.129904 -0.075000 0.000000
vt 0.106066 -0.106066 0.000000
vt -0.106066 -0.106066 0.000000
vt 0.075000 -0.129904 0.000000
vt -0.075000 -0.129904 0.000000
vt 0.038823 -0.144889 0.000000
vt -0.038823 -0.144889 0.000000
vt 0.000000 -0.150000 0.000000
vt 0.300000 -0.431969 0.000000
vt 0.000000 -0.431969 0.000000
vt 0.300000 -0.471239 0.000000
vt 0.000000 -0.471239 0.000000
vt 0.300000 0.471239 0.000000
vt 0.000000 0.471239 0.000000
vt 0.300000 0.431969 0.000000
vt 0.000000 0.431969 0.000000
vt 0.300000 0.392699 0.000000
vt 0.000000 0.392699 0.000000
vt 0.300000 0.353429 0.000000
vt 0.000000 0.353429 0.000000
vt 0.300000 0.314159 0.000000
vt 0.000000 0.314159 0.000000
vt 0.300000 0.274889 0.000000
vt 0.000000 0.274889 0.000000
vt 0.300000 0.235619 0.000000
vt 0.000000 0.235619 0.000000
vt 0.300000 0.196350 0.000000
vt 0.000000 0.196350 0.000000
vt 0.300000 0.157080 0.000000
vt 0.000000 0.157080 0.000000
vt 0.300000 0.117810 0.000000
vt 0.000000 0.117810 0.000000
vt 0.300000 0.078540 0.000000
vt 0.000000 0.078540 0.000000
vt 0.300000 0.039270 0.000000
vt 0.000000 0.039270 0.000000
vt 0.300000 0.000000 0.000000
vt 0.000000 0.000000 0.000000
vt 0.300000 -0.039270 0.000000
vt 0.000000 -0.039270 0.000000
vt 0.300000 -0.078540 0.000000
vt 0.000000 -0.078540 0.000000
vt 0.300000 -0.117810 0.000000
vt 0.000000 -0.117810 0.000000
vt 0.300000 -0.157080 0.000000
vt 0.000000 -0.157080 0.000000
vt 0.300000 -0.196350 0.000000
vt 0.000000 -0.196350 0.000000
vt 0.300000 -0.235619 0.000000
vt 0.000000 -0.235619 0.000000
vt 0.300000 -0.274889 0.000000
vt 0.000000 -0.274889 0.000000
vt 0.300000 -0.314159 0.000000
vt 0.000000 -0.314159 0.000000
vt 0.300000 -0.353429 0.000000
vt 0.000000 -0.353429 0.000000
vt 0.300000 -0.392699 0.000000
vt 0.000000 -0.392699 0.000000
vt -0.144889 -0.038823 0.000000
vt 0.144889 -0.038823 0.000000
vt -0.150000 0.000000 0.000000
vt 0.150000 0.000000 0.000000
vt -0.144889 0.038823 0.000000
vt 0.144889 0.038823 0.000000
vt -0.129904 0.075000 0.000000
vt 0.129904 0.075000 0.000000
vt -0.106066 0.106066 0.000000
vt 0.106066 0.106066 0.000000
vt -0.075000 0.129904 0.000000
vt 0.075000 0.129904 0.000000
vt -0.038823 0.144889 0.000000
vt 0.038823 0.144889 0.000000
vt 0.000000 0.150000 0.000000
vt 0.129904 -0.075000 0.000000
vt -0.129904 -0.075000 0.000000
vt 0.106066 -0.106066 0.000000
vt -0.106066 -0.106066 0.000000
vt 0.075000 -0.129904 0.000000
vt -0.075000 -0.129904 0.000000
vt 0.038823 -0.144889 0.000000
vt -0.038823 -0.144889 0.000000
vt 0.000000 -0.150000 0.000000
vt 0.300000 -0.431969 0.000000
vt 0.000000 -0.431969 0.000000
vt 0.300000 -0.471239 0.000000
vt 0.000000 -0.471239 0.000000
vt 0.300000 0.471239 0.000000
vt 0.000000 0.471239 0.000000
vt 0.300000 0.431969 0.000000
vt 0.000000 0.431969 0.000000
vt 0.300000 0.392699 0.000000
vt 0.000000 0.392699 0.000000
vt 0.300000 0.353429 0.000000
vt 0.000000 0.353429 0.000000
vt 0.300000 0.314159 0.000000
vt 0.000000 0.314159 0.000000
vt 0.300000 0.274889 0.000000
vt 0.000000 0.274889 0.000000
vt 0.300000 0.235619 0.000000
vt 0.000000 0.235619 0.000000
vt 0.300000 0.196350 0.000000
vt 0.000000 0.196350 0.000000
vt 0.300000 0.157080 0.000000
vt 0.000000 0.157080 0.000000
vt 0.300000 0.117810 0.000000
vt 0.000000 0.117810 0.000000
vt 0.300000 0.078540 0.000000
vt 0.000000 0.078540 0.000000
vt 0.300000 0.039270 0.000000
vt 0.000000 0.039270 0.000000
vt 0.300000 0.000000 0.000000
vt 0.000000 0.000000 0.000000
vt 0.300000 -0.039270 0.000000
vt 0.000000 -0.039270 0.000000
vt 0.300000 -0.078540 0.000000
vt 0.000000 -0.078540 0.000000
vt 0.300000 -0.117810 0.000000
vt 0.000000 -0.117810 0.000000
vt 0.300000 -0.157080 0.000000
vt 0.000000 -0.157080 0.000000
vt 0.300000 -0.196350 0.000000
vt 0.000000 -0.196350 0.000000
vt 0.300000 -0.235619 0.000000
vt 0.000000 -0.235619 0.000000
vt 0.300000 -0.274889 0.000000
vt 0.000000 -0.274889 0.000000
vt 0.300000 -0.314159 0.000000
vt 0.000000 -0.314159 0.000000
vt 0.300000 -0.353429 0.000000
vt 0.000000 -0.353429 0.000000
vt 0.300000 -0.392699 0.000000
vt 0.000000 -0.392699 0.000000
vt -0.144889 -0.038823 0.000000
vt 0.144889 -0.038823 0.000000
vt -0.150000 -0.000000 0.000000
vt 0.150000 0.000000 0.000000
vt -0.144889 0.038823 0.000000
vt 0.144889 0.038823 0.000000
vt -0.129904 0.075000 0.000000
vt 0.129904 0.075000 0.000000
vt -0.106066 0.106066 0.000000
vt 0.106066 0.106066 0.000000
vt -0.075000 0.129904 0.000000
vt 0.075000 0.129904 0.000000
vt -0.038823 0.144889 0.000000
vt 0.038823 0.144889 0.000000
vt 0.000000 0.150000 0.000000
vt 0.129904 -0.075000 0.000000
vt -0.129904 -0.075000 0.000000
vt 0.106066 -0.106066 0.000000
vt -0.106066 -0.106066 0.000000
vt 0.075000 -0.129904 0.000000
vt -0.075000 -0.129904 0.000000
vt 0.038823 -0.144889 0.000000
vt -0.038823 -0.144889 0.000000
vt 0.000000 -0.150000 0.000000
vt 1.201027 -0.415404 0.000000
vt 1.194782 -0.352000 0.000000
vt 0.400000 0.000000 0.000000
vt 1.194782 -0.281000 0.000000
vt 1.201027 -0.217596 0.000000
vt 1.219522 -0.156628 0.000000
vt 1.249555 -0.100440 0.000000
vt 1.289973 -0.051190 0.000000
vt 1.339222 -0.010772 0.000000
vt 0.000000 0.400000 0.000000
vt 0.000000 0.000000 0.000000
vt 1.395410 0.019261 0.000000
vt 1.456378 0.037755 0.000000
vt 1.519782 0.044000 0.000000
vt 2.163782 0.044000 0.000000
vt 3.686000 0.400000 0.000000
vt 2.227187 0.037755 0.000000
vt 2.288155 0.019261 0.000000
vt 2.344343 -0.010772 0.000000
vt 2.393592 -0.051190 0.000000
vt 2.434010 -0.100440 0.000000
vt 2.464043 -0.156628 0.000000
vt 2.482538 -0.217596 0.000000
vt 2.488782 -0.281000 0.000000
vt 2.488782 -0.352000 0.000000
vt 2.482538 -0.415404 0.000000
vt 2.464043 -0.476372 0.000000
vt 2.434010 -0.532560 0.000000
vt 3.686000 -5.000000 0.000000
vt 2.393592 -0.581810 0.000000
vt 2.344343 -0.622228 0.000000
vt 2.288155 -0.652261 0.000000
vt 2.227187 -0.670755 0.000000
vt 2.163782 -0.677000 0.000000
vt 0.400000 -5.000000 0.000000
vt 1.519782 -0.677000 0.000000
vt 1.456378 -0.670755 0.000000
vt 1.395410 -0.652261 0.000000
vt 1.339222 -0.622228 0.000000
vt 1.289973 -0.581810 0.000000
vt 1.249555 -0.532560 0.000000
vt 1.219522 -0.476372 0.000000
vt 0.000000 0.000000 0.000000
vt 8.000000 0.000000 0.000000
vt 0.000000 0.400000 0.000000
vt 8.000000 0.400000 0.000000
vt 3.686000 0.000000 0.000000
vt 3.686000 0.400000 0.000000
vt 3.286000 0.000000 0.000000
vt 0.000000 0.400000 0.000000
vt 0.000000 -5.000000 0.000000
vt 3.286000 -5.000000 0.000000
vt 1.500000 -1.300000 0.000000
vt 0.000000 -5.000000 0.000000
vt 1.500000 -3.700000 0.000000
vt 8.000000 -5.000000 0.000000
vt 6.500000 -3.700000 0.000000
vt 6.500000 -1.300000 0.000000
vt 8.000000 0.400000 0.000000
vt 0.000000 0.400000 0.000000
vt -4.000000 -1.843000 0.000000
vt 4.000000 -1.843000 0.000000
vt -4.000000 1.843000 0.000000
vt 4.000000 1.843000 0.000000
vn 0.096593 0.025882 0.000000
vn 0.096593 0.025882 0.000000
vn 0.100000 0.000000 0.000000
vn 0.100000 0.000000 0.000000
vn 0.096593 -0.025882 0.000000
vn 0.096593 -0.025882 0.000000
vn 0.086603 -0.050000 0.000000
vn 0.086603 -0.050000 0.000000
vn 0.070711 -0.070711 0.000000
vn 0.070711 -0.070711 0.000000
vn 0.050000 -0.086603 0.000000
vn 0.050000 -0.086603 0.000000
vn 0.025882 -0.096593 0.000000
vn 0.025882 -0.096593 0.000000
vn -0.000000 -0.100000 0.000000
vn -0.000000 -0.100000 0.000000
vn -0.025882 -0.096593 0.000000
vn -0.025882 -0.096593 0.000000
vn -0.050000 -0.086603 0.000000
vn -0.050000 -0.086603 0.000000
vn -0.070711 -0.070711 0.000000
vn -0.070711 -0.070711 0.000000
vn -0.086603 -0.050000 0.000000
vn -0.086603 -0.050000 0.000000
vn -0.096593 -0.025882 0.000000
vn -0.096593 -0.025882 0.000000
vn -0.100000 0.000000 0.000000
vn -0.100000 0.000000 0.000000
vn -0.096593 0.025882 0.000000
vn -0.096593 0.025882 0.000000
vn -0.086603 0.050000 0.000000
vn -0.086603 0.050000 0.000000
vn -0.070711 0.070711 0.000000
vn -0.070711 0.070711 0.000000
vn -0.050000 0.086603 0.000000
vn -0.050000 0.086603 0.000000
vn -0.025882 0.096593 0.000000
vn -0.025882 0.096593 0.000000
vn -0.000000 0.100000 0.000000
vn -0.000000 0.100000 0.000000
vn 0.025882 0.096593 0.000000
vn 0.025882 0.096593 0.000000
vn 0.050000 0.086603 0.000000
vn 0.050000 0.086603 0.000000
vn 0.070711 0.070711 0.000000
vn 0.070711 0.070711 0.000000
vn 0.086603 0.050000 0.000000
vn 0.086603 0.050000 0.000000
vn 0.000000 0.000000 -0.100000
vn 0.000000 0.000000 -0.100000
vn 0.000000 0.000000 -0.100000
vn 0.000000 0.000000 -0.100000
vn 0.000000 0.000000 -0.100000
vn 0.000000 0.000000 -0.100000
vn 0.000000 0.000000 -0.100000
vn 0.000000 0.000000 -0.100000
vn 0.000000 0.000000 -0.100000
vn 0.000000 0.000000 -0.100000
vn 0.000000 0.000000 -0.100000
vn 0.000000 0.000000 -0.100000
vn 0.000000 0.000000 -0.100000
vn 0.000000 0.000000 -0.100000
vn 0.000000 0.000000 -0.100000
vn 0.000000 0.000000 -0.100000
vn 0.000000 0.000000 -0.100000
vn 0.000000 0.000000 -0.100000
vn 0.000000 0.000000 -0.100000
vn 0.000000 0.000000 -0.100000
vn 0.000000 0.000000 -0.100000
vn 0.000000 0.000000 -0.100000
vn 0.000000 0.000000 -0.100000
vn 0.000000 0.000000 -0.100000
vn 0.096593 0.025882 0.000000
vn 0.096593 0.025882 0.000000
vn 0.100000 0.000000 0.000000
vn 0.100000 0.000000 0.000000
vn 0.096593 -0.025882 0.000000
vn 0.096593 -0.025882 0.000000
vn 0.086603 -0.050000 0.000000
vn 0.086603 -0.050000 0.000000
vn 0.070711 -0.070711 0.000000
vn 0.070711 -0.070711 0.000000
vn 0.050000 -0.086603 0.000000
vn 0.050000 -0.086603 0.000000
vn 0.025882 -0.096593 0.000000
vn 0.025882 -0.096593 0.000000
vn -0.000000 -0.100000 0.000000
vn -0.000000 -0.100000 0.000000
vn -0.025882 -0.096593 0.000000
vn -0.025882 -0.096593 0.000000
vn -0.050000 -0.086603 0.000000
vn -0.050000 -0.086603 0.000000
vn -0.070711 -0.070711 0.000000
vn -0.070711 -0.070711 0.000000
vn -0.086603 -0.050000 0.000000
vn -0.086603 -0.050000 0.000000
vn -0.096593 -0.025882 0.000000
vn -0.096593 -0.025882 0.000000
vn -0.100000 0.000000 0.000000
vn -0.100000 0.000000 0.000000
vn -0.096593 0.025882 0.000000
vn -0.096593 0.025882 0.000000
vn -0.086603 0.050000 0.000000
vn -0.086603 0.050000 0.000000
vn -0.070711 0.070711 0.000000
vn -0.070711 0.070711 0.000000
vn -0.050000 0.086603 0.000000
vn -0.050000 0.086603 0.000000
vn -0.025882 0.096593 0.000000
vn -0.025882 0.096593 0.000000
vn -0.000000 0.100000 0.000000
vn -0.000000 0.100000 0.000000
vn 0.025882 0.096593 0.000000
vn 0.025882 0.096593 0.000000
vn 0.050000 0.086603 0.000000
vn 0.050000 0.086603 0.000000
vn 0.070711 0.070711 0.000000
vn 0.070711 0.070711 0.000000
vn 0.086603 0.050000 0.000000
vn 0.086603 0.050000 0.000000
vn 0.000000 0.000000 -0.100000
vn 0.000000 0.000000 -0.100000
vn 0.000000 0.000000 -0.100000
vn 0.000000 0.000000 -0.100000
vn 0.000000 0.000000 -0.100000
vn 0.000000 0.000000 -0.100000
vn 0.000000 0.000000 -0.100000
vn 0.000000 0.000000 -0.100000
vn 0.000000 0.000000 -0.100000
vn 0.000000 0.000000 -0.100000
vn 0.000000 0.000000 -0.100000
vn 0.000000 0.000000 -0.100000
vn 0.000000 0.000000 -0.100000
vn 0.000000 0.000000 -0.100000
vn 0.000000 0.000000 -0.100000
vn 0.000000 0.000000 -0.100000
vn 0.000000 0.000000 -0.100000
vn 0.000000 0.000000 -0.100000
vn 0.000000 0.000000 -0.100000
vn 0.000000 0.000000 -0.100000
vn 0.000000 0.000000 -0.100000
vn 0.000000 0.000000 -0.100000
vn 0.000000 0.000000 -0.100000
vn 0.000000 0.000000 -0.100000
vn 0.000000 0.000000 0.100000
vn 0.000000 0.000000 0.100000
vn 0.000000 0.000000 0.100000
vn 0.000000 0.000000 0.100000
vn 0.100000 0.000000 -0.000000
vn 0.100000 0.000000 -0.000000
vn 0.100000 0.000000 -0.000000
vn 0.100000 0.000000 -0.000000
vn -0.000000 0.000000 -0.100000
vn -0.000000 0.000000 -0.100000
vn -0.000000 0.000000 -0.100000
vn -0.000000 0.000000 -0.100000
vn -0.100000 0.000000 0.000000
vn -0.100000 0.000000 0.000000
vn -0.100000 0.000000 0.000000
vn -0.100000 0.000000 0.000000
vn -0.000000 0.100000 -0.000000
vn -0.000000 0.100000 -0.000000
vn -0.000000 0.100000 -0.000000
vn -0.000000 0.100000 -0.000000
vn -0.000000 0.100000 -0.000000
vn -0.000000 0.100000 -0.000000
vn -0.000000 0.100000 -0.000000
vn -0.000000 0.100000 -0.000000
vn 0.000000 0.000000 -0.100000
vn 0.000000 0.000000 -0.100000
vn 0.000000 0.000000 -0.100000
vn 0.000000 0.000000 -0.100000
vn -0.100000 0.000000 -0.000000
vn -0.100000 0.000000 -0.000000
vn -0.100000 0.000000 -0.000000
vn -0.100000 0.000000 -0.000000
vn -0.100000 0.000000 0.000000
vn -0.100000 0.000000 0.000000
vn -0.100000 0.000000 0.000000
vn -0.100000 0.000000 0.000000
vn -0.100000 0.000000 0.000000
vn -0.100000 0.000000 0.000000
vn -0.100000 0.000000 0.000000
vn -0.100000 0.000000 0.000000
vn 0.000000 -0.100000 0.000000
vn 0.000000 -0.100000 0.000000
vn 0.000000 -0.100000 0.000000
vn 0.000000 -0.100000 0.000000
vn 0.000000 -0.000000 0.100000
vn 0.000000 -0.000000 0.100000
vn 0.000000 -0.019509 0.098079
vn 0.000000 -0.019509 0.098079
vn 0.000000 -0.038268 0.092388
vn 0.000000 -0.038268 0.092388
vn 0.000000 -0.055557 0.083147
vn 0.000000 -0.055557 0.083147
vn 0.000000 -0.070711 0.070711
vn 0.000000 -0.070711 0.070711
vn 0.000000 -0.083147 0.055557
vn 0.000000 -0.083147 0.055557
vn 0.000000 -0.092388 0.038268
vn 0.000000 -0.092388 0.038268
vn 0.000000 -0.098079 0.019509
vn 0.000000 -0.098079 0.019509
vn 0.000000 0.000000 0.100000
vn 0.000000 0.000000 0.100000
vn 0.000000 0.100000 0.000000
vn 0.000000 0.100000 0.000000
vn 0.000000 0.098079 0.019509
vn 0.000000 0.098079 0.019509
vn 0.000000 0.092388 0.038268
vn 0.000000 0.092388 0.038268
vn 0.000000 0.083147 0.055557
vn 0.000000 0.083147 0.055557
vn 0.000000 0.070711 0.070711
vn 0.000000 0.070711 0.070711
vn 0.000000 0.055557 0.083147
vn 0.000000 0.055557 0.083147
vn 0.000000 0.038268 0.092388
vn 0.000000 0.038268 0.092388
vn 0.000000 0.019509 0.098079
vn 0.000000 0.019509 0.098079
vn -0.000000 0.100000 -0.000000
vn -0.000000 0.100000 -0.000000
vn 0.000000 0.064458 -0.076454
vn 0.000000 0.055557 -0.083147
vn 0.000000 0.050243 -0.086462
vn 0.000000 0.038268 -0.092388
vn 0.000000 0.034378 -0.093905
vn 0.000000 0.019509 -0.098079
vn 0.000000 0.017457 -0.098464
vn 0.000000 0.000000 -0.100000
vn 0.000000 0.000000 -0.100000
vn 0.000000 0.070711 -0.070711
vn 0.000000 0.076725 -0.064135
vn 0.000000 0.083147 -0.055557
vn 0.000000 0.086673 -0.049878
vn 0.000000 0.092388 -0.038268
vn 0.000000 0.094001 -0.034114
vn 0.000000 0.098079 -0.019509
vn 0.000000 0.098489 -0.017319
vn -0.000000 0.000000 -0.100000
vn -0.000000 0.000000 -0.100000
vn 0.000000 -0.034378 -0.093905
vn 0.000000 -0.038268 -0.092388
vn 0.000000 -0.050243 -0.086462
vn 0.000000 -0.055557 -0.083147
vn 0.000000 -0.064458 -0.076454
vn 0.000000 -0.070711 -0.070711
vn 0.000000 -0.076725 -0.064135
vn 0.000000 -0.083147 -0.055557
vn 0.000000 -0.086673 -0.049878
vn 0.000000 -0.092388 -0.038268
vn 0.000000 -0.094001 -0.034114
vn 0.000000 -0.098079 -0.019509
vn 0.000000 -0.098489 -0.017319
vn 0.000000 -0.019509 -0.098079
vn 0.000000 -0.017457 -0.098464
vn -0.096593 0.000000 -0.025882
vn -0.096593 0.000000 -0.025882
vn -0.100000 0.000000 -0.000000
vn -0.100000 0.000000 -0.000000
vn -0.096593 0.000000 0.025882
vn -0.096593 0.000000 0.025882
vn -0.086603 0.000000 0.050000
vn -0.086603 0.000000 0.050000
vn -0.070711 0.000000 0.070711
vn -0.070711 0.000000 0.070711
vn -0.050000 0.000000 0.086603
vn -0.050000 0.000000 0.086603
vn -0.025882 0.000000 0.096593
vn -0.025882 0.000000 0.096593
vn 0.000000 0.000000 0.100000
vn 0.000000 0.000000 0.100000
vn 0.025882 0.000000 0.096593
vn 0.025882 0.000000 0.096593
vn 0.050000 0.000000 0.086603
vn 0.050000 0.000000 0.086603
vn 0.070711 0.000000 0.070711
vn 0.070711 0.000000 0.070711
vn 0.086603 0.000000 0.050000
vn 0.086603 0.000000 0.050000
vn 0.096593 0.000000 0.025882
vn 0.096593 0.000000 0.025882
vn 0.100000 0.000000 0.000000
vn 0.100000 0.000000 0.000000
vn 0.096593 0.000000 -0.025882
vn 0.096593 0.000000 -0.025882
vn 0.086603 0.000000 -0.050000
vn 0.086603 0.000000 -0.050000
vn 0.070711 0.000000 -0.070711
vn 0.070711 0.000000 -0.070711
vn 0.050000 0.000000 -0.086603
vn 0.050000 0.000000 -0.086603
vn 0.025882 0.000000 -0.096593
vn 0.025882 0.000000 -0.096593
vn 0.000000 0.000000 -0.100000
vn 0.000000 0.000000 -0.100000
vn -0.025882 0.000000 -0.096593
vn -0.025882 0.000000 -0.096593
vn -0.050000 0.000000 -0.086603
vn -0.050000 0.000000 -0.086603
vn -0.070711 0.000000 -0.070711
vn -0.070711 0.000000 -0.070711
vn -0.086603 0.000000 -0.050000
vn -0.086603 0.000000 -0.050000
vn 0.000000 0.100000 0.000000
vn 0.000000 0.100000 0.000000
vn 0.000000 0.100000 0.000000
vn 0.000000 0.100000 0.000000
vn 0.000000 0.100000 0.000000
vn 0.000000 0.100000 0.000000
vn 0.000000 0.100000 0.000000
vn 0.000000 0.100000 0.000000
vn 0.000000 0.100000 0.000000
vn 0.000000 0.100000 0.000000
vn 0.000000 0.100000 0.000000
vn 0.000000 0.100000 0.000000
vn 0.000000 0.100000 0.000000
vn 0.000000 0.100000 0.000000
vn 0.000000 0.100000 0.000000
vn 0.000000 0.100000 0.000000
vn 0.000000 0.100000 0.000000
vn 0.000000 0.100000 0.000000
vn 0.000000 0.100000 0.000000
vn 0.000000 0.100000 0.000000
vn 0.000000 0.100000 0.000000
vn 0.000000 0.100000 0.000000
vn 0.000000 0.100000 0.000000
vn 0.000000 0.100000 0.000000
vn -0.096593 0.000000 -0.025882
vn -0.096593 0.000000 -0.025882
vn -0.100000 0.000000 -0.000000
vn -0.100000 0.000000 -0.000000
vn -0.096593 0.000000 0.025882
vn -0.096593 0.000000 0.025882
vn -0.086603 0.000000 0.050000
vn -0.086603 0.000000 0.050000
vn -0.070711 0.000000 0.070711
vn -0.070711 0.000000 0.070711
vn -0.050000 0.000000 0.086603
vn -0.050000 0.000000 0.086603
vn -0.025882 0.000000 0.096593
vn -0.025882 0.000000 0.096593
vn 0.000000 0.000000 0.100000
vn 0.000000 0.000000 0.100000
vn 0.025882 0.000000 0.096593
vn 0.025882 0.000000 0.096593
vn 0.050000 0.000000 0.086603
vn 0.050000 0.000000 0.086603
vn 0.070711 0.000000 0.070711
vn 0.070711 0.000000 0.070711
vn 0.086603 0.000000 0.050000
vn 0.086603 0.000000 0.050000
vn 0.096593 0.000000 0.025882
vn 0.096593 0.000000 0.025882
vn 0.100000 0.000000 0.000000
vn 0.100000 0.000000 0.000000
vn 0.096593 0.000000 -0.025882
vn 0.096593 0.000000 -0.025882
vn 0.086603 0.000000 -0.050000
vn 0.086603 0.000000 -0.050000
vn 0.070711 0.000000 -0.070711
vn 0.070711 0.000000 -0.070711
vn 0.050000 0.000000 -0.086603
vn 0.050000 0.000000 -0.086603
vn 0.025882 0.000000 -0.096593
vn 0.025882 0.000000 -0.096593
vn 0.000000 0.000000 -0.100000
vn 0.000000 0.000000 -0.100000
vn -0.025882 0.000000 -0.096593
vn -0.025882 0.000000 -0.096593
vn -0.050000 0.000000 -0.086603
vn -0.050000 0.000000 -0.086603
vn -0.070711 0.000000 -0.070711
vn -0.070711 0.000000 -0.070711
vn -0.086603 0.000000 -0.050000
vn -0.086603 0.000000 -0.050000
vn 0.000000 0.100000 0.000000
vn 0.000000 0.100000 0.000000
vn 0.000000 0.100000 0.000000
vn 0.000000 0.100000 0.000000
vn 0.000000 0.100000 0.000000
vn 0.000000 0.100000 0.000000
vn 0.000000 0.100000 0.000000
vn 0.000000 0.100000 0.000000
vn 0.000000 0.100000 0.000000
vn 0.000000 0.100000 0.000000
vn 0.000000 0.100000 0.000000
vn 0.000000 0.100000 0.000000
vn 0.000000 0.100000 0.000000
vn 0.000000 0.100000 0.000000
vn 0.000000 0.100000 0.000000
vn 0.000000 0.100000 0.000000
vn 0.000000 0.100000 0.000000
vn 0.000000 0.100000 0.000000
vn 0.000000 0.100000 0.000000
vn 0.000000 0.100000 0.000000
vn 0.000000 0.100000 0.000000
vn 0.000000 0.100000 0.000000
vn 0.000000 0.100000 0.000000
vn 0.000000 0.100000 0.000000
vn -0.096593 0.000000 -0.025882
vn -0.096593 0.000000 -0.025882
vn -0.100000 0.000000 -0.000000
vn -0.100000 0.000000 -0.000000
vn -0.096593 0.000000 0.025882
vn -0.096593 0.000000 0.025882
vn -0.086603 0.000000 0.050000
vn -0.086603 0.000000 0.050000
vn -0.070711 0.000000 0.070711
vn -0.070711 0.000000 0.070711
vn -0.050000 0.000000 0.086603
vn -0.050000 0.000000 0.086603
vn -0.025882 0.000000 0.096593
vn -0.025882 0.000000 0.096593
vn 0.000000 0.000000 0.100000
vn 0.000000 0.000000 0.100000
vn 0.025882 0.000000 0.096593
vn 0.025882 0.000000 0.096593
vn 0.050000 0.000000 0.086603
vn 0.050000 0.000000 0.086603
vn 0.070711 0.000000 0.070711
vn 0.070711 0.000000 0.070711
vn 0.086603 0.000000 0.050000
vn 0.086603 0.000000 0.050000
vn 0.096593 0.000000 0.025882
vn 0.096593 0.000000 0.025882
vn 0.100000 0.000000 0.000000
vn 0.100000 0.000000 0.000000
vn 0.096593 0.000000 -0.025882
vn 0.096593 0.000000 -0.025882
vn 0.086603 0.000000 -0.050000
vn 0.086603 0.000000 -0.050000
vn 0.070711 0.000000 -0.070711
vn 0.070711 0.000000 -0.070711
vn 0.050000 0.000000 -0.086603
vn 0.050000 0.000000 -0.086603
vn 0.025882 0.000000 -0.096593
vn 0.025882 0.000000 -0.096593
vn 0.000000 0.000000 -0.100000
vn 0.000000 0.000000 -0.100000
vn -0.025882 0.000000 -0.096593
vn -0.025882 0.000000 -0.096593
vn -0.050000 0.000000 -0.086603
vn -0.050000 0.000000 -0.086603
vn -0.070711 0.000000 -0.070711
vn -0.070711 0.000000 -0.070711
vn -0.086603 0.000000 -0.050000
vn -0.086603 0.000000 -0.050000
vn 0.000000 0.100000 0.000000
vn 0.000000 0.100000 0.000000
vn 0.000000 0.100000 0.000000
vn 0.000000 0.100000 0.000000
vn 0.000000 0.100000 0.000000
vn 0.000000 0.100000 0.000000
vn 0.000000 0.100000 0.000000
vn 0.000000 0.100000 0.000000
vn 0.000000 0.100000 0.000000
vn 0.000000 0.100000 0.000000
vn 0.000000 0.100000 0.000000
vn 0.000000 0.100000 0.000000
vn 0.000000 0.100000 0.000000
vn 0.000000 0.100000 0.000000
vn 0.000000 0.100000 0.000000
vn 0.000000 0.100000 0.000000
vn 0.000000 0.100000 0.000000
vn 0.000000 0.100000 0.000000
vn 0.000000 0.100000 0.000000
vn 0.000000 0.100000 0.000000
vn 0.000000 0.100000 0.000000
vn 0.000000 0.100000 0.000000
vn 0.000000 0.100000 0.000000
vn 0.000000 0.100000 0.000000
vn -0.096593 0.000000 -0.025882
vn -0.096593 0.000000 -0.025882
vn -0.100000 0.000000 -0.000000
vn -0.100000 0.000000 -0.000000
vn -0.096593 0.000000 0.025882
vn -0.096593 0.000000 0.025882
vn -0.086603 0.000000 0.050000
vn -0.086603 0.000000 0.050000
vn -0.070711 0.000000 0.070711
vn -0.070711 0.000000 0.070711
vn -0.050000 0.000000 0.086603
vn -0.050000 0.000000 0.086603
vn -0.025882 0.000000 0.096593
vn -0.025882 0.000000 0.096593
vn 0.000000 0.000000 0.100000
vn 0.000000 0.000000 0.100000
vn 0.025882 0.000000 0.096593
vn 0.025882 0.000000 0.096593
vn 0.050000 0.000000 0.086603
vn 0.050000 0.000000 0.086603
vn 0.070711 0.000000 0.070711
vn 0.070711 0.000000 0.070711
vn 0.086603 0.000000 0.050000
vn 0.086603 0.000000 0.050000
vn 0.096593 0.000000 0.025882
vn 0.096593 0.000000 0.025882
vn 0.100000 0.000000 0.000000
vn 0.100000 0.000000 0.000000
vn 0.096593 0.000000 -0.025882
vn 0.096593 0.000000 -0.025882
vn 0.086603 0.000000 -0.050000
vn 0.086603 0.000000 -0.050000
vn 0.070711 0.000000 -0.070711
vn 0.070711 0.000000 -0.070711
vn 0.050000 0.000000 -0.086603
vn 0.050000 0.000000 -0.086603
vn 0.025882 0.000000 -0.096593
vn 0.025882 0.000000 -0.096593
vn 0.000000 0.000000 -0.100000
vn 0.000000 0.000000 -0.100000
vn -0.025882 0.000000 -0.096593
vn -0.025882 0.000000 -0.096593
vn -0.050000 0.000000 -0.086603
vn -0.050000 0.000000 -0.086603
vn -0.070711 0.000000 -0.070711
vn -0.070711 0.000000 -0.070711
vn -0.086603 0.000000 -0.050000
vn -0.086603 0.000000 -0.050000
vn 0.000000 0.100000 0.000000
vn 0.000000 0.100000 0.000000
vn 0.000000 0.100000 0.000000
vn 0.000000 0.100000 0.000000
vn 0.000000 0.100000 0.000000
vn 0.000000 0.100000 0.000000
vn 0.000000 0.100000 0.000000
vn 0.000000 0.100000 0.000000
vn 0.000000 0.100000 0.000000
vn 0.000000 0.100000 0.000000
vn 0.000000 0.100000 0.000000
vn 0.000000 0.100000 0.000000
vn 0.000000 0.100000 0.000000
vn 0.000000 0.100000 0.000000
vn 0.000000 0.100000 0.000000
vn 0.000000 0.100000 0.000000
vn 0.000000 0.100000 0.000000
vn 0.000000 0.100000 0.000000
vn 0.000000 0.100000 0.000000
vn 0.000000 0.100000 0.000000
vn 0.000000 0.100000 0.000000
vn 0.000000 0.100000 0.000000
vn 0.000000 0.100000 0.000000
vn 0.000000 0.100000 0.000000
vn -0.096593 0.000000 -0.025882
vn -0.096593 0.000000 -0.025882
vn -0.100000 0.000000 -0.000000
vn -0.100000 0.000000 -0.000000
vn -0.096593 0.000000 0.025882
vn -0.096593 0.000000 0.025882
vn -0.086603 0.000000 0.050000
vn -0.086603 0.000000 0.050000
vn -0.070711 0.000000 0.070711
vn -0.070711 0.000000 0.070711
vn -0.050000 0.000000 0.086603
vn -0.050000 0.000000 0.086603
vn -0.025882 0.000000 0.096593
vn -0.025882 0.000000 0.096593
vn 0.000000 0.000000 0.100000
vn 0.000000 0.000000 0.100000
vn 0.025882 0.000000 0.096593
vn 0.025882 0.000000 0.096593
vn 0.050000 0.000000 0.086603
vn 0.050000 0.000000 0.086603
vn 0.070711 0.000000 0.070711
vn 0.070711 0.000000 0.070711
vn 0.086603 0.000000 0.050000
vn 0.086603 0.000000 0.050000
vn 0.096593 0.000000 0.025882
vn 0.096593 0.000000 0.025882
vn 0.100000 0.000000 0.000000
vn 0.100000 0.000000 0.000000
vn 0.096593 0.000000 -0.025882
vn 0.096593 0.000000 -0.025882
vn 0.086603 0.000000 -0.050000
vn 0.086603 0.000000 -0.050000
vn 0.070711 0.000000 -0.070711
vn 0.070711 0.000000 -0.070711
vn 0.050000 0.000000 -0.086603
vn 0.050000 0.000000 -0.086603
vn 0.025882 0.000000 -0.096593
vn 0.025882 0.000000 -0.096593
vn 0.000000 0.000000 -0.100000
vn 0.000000 0.000000 -0.100000
vn -0.025882 0.000000 -0.096593
vn -0.025882 0.000000 -0.096593
vn -0.050000 0.000000 -0.086603
vn -0.050000 0.000000 -0.086603
vn -0.070711 0.000000 -0.070711
vn -0.070711 0.000000 -0.070711
vn -0.086603 0.000000 -0.050000
vn -0.086603 0.000000 -0.050000
vn 0.000000 0.100000 0.000000
vn 0.000000 0.100000 0.000000
vn 0.000000 0.100000 0.000000
vn 0.000000 0.100000 0.000000
vn 0.000000 0.100000 0.000000
vn 0.000000 0.100000 0.000000
vn 0.000000 0.100000 0.000000
vn 0.000000 0.100000 0.000000
vn 0.000000 0.100000 0.000000
vn 0.000000 0.100000 0.000000
vn 0.000000 0.100000 0.000000
vn 0.000000 0.100000 0.000000
vn 0.000000 0.100000 0.000000
vn 0.000000 0.100000 0.000000
vn 0.000000 0.100000 0.000000
vn 0.000000 0.100000 0.000000
vn 0.000000 0.100000 0.000000
vn 0.000000 0.100000 0.000000
vn 0.000000 0.100000 0.000000
vn 0.000000 0.100000 0.000000
vn 0.000000 0.100000 0.000000
vn 0.000000 0.100000 0.000000
vn 0.000000 0.100000 0.000000
vn 0.000000 0.100000 0.000000
vn -0.096593 0.000000 -0.025882
vn -0.096593 0.000000 -0.025882
vn -0.100000 0.000000 -0.000000
vn -0.100000 0.000000 -0.000000
vn -0.096593 0.000000 0.025882
vn -0.096593 0.000000 0.025882
vn -0.086603 0.000000 0.050000
vn -0.086603 0.000000 0.050000
vn -0.070711 0.000000 0.070711
vn -0.070711 0.000000 0.070711
vn -0.050000 0.000000 0.086603
vn -0.050000 0.000000 0.086603
vn -0.025882 0.000000 0.096593
vn -0.025882 0.000000 0.096593
vn 0.000000 0.000000 0.100000
vn 0.000000 0.000000 0.100000
vn 0.025882 0.000000 0.096593
vn 0.025882 0.000000 0.096593
vn 0.050000 0.000000 0.086603
vn 0.050000 0.000000 0.086603
vn 0.070711 0.000000 0.070711
vn 0.070711 0.000000 0.070711
vn 0.086603 0.000000 0.050000
vn 0.086603 0.000000 0.050000
vn 0.096593 0.000000 0.025882
vn 0.096593 0.000000 0.025882
vn 0.100000 0.000000 0.000000
vn 0.100000 0.000000 0.000000
vn 0.096593 0.000000 -0.025882
vn 0.096593 0.000000 -0.025882
vn 0.086603 0.000000 -0.050000
vn 0.086603 0.000000 -0.050000
vn 0.070711 0.000000 -0.070711
vn 0.070711 0.000000 -0.070711
vn 0.050000 0.000000 -0.086603
vn 0.050000 0.000000 -0.086603
vn 0.025882 0.000000 -0.096593
vn 0.025882 0.000000 -0.096593
vn 0.000000 0.000000 -0.100000
vn 0.000000 0.000000 -0.100000
vn -0.025882 0.000000 -0.096593
vn -0.025882 0.000000 -0.096593
vn -0.050000 0.000000 -0.086603
vn -0.050000 0.000000 -0.086603
vn -0.070711 0.000000 -0.070711
vn -0.070711 0.000000 -0.070711
vn -0.086603 0.000000 -0.050000
vn -0.086603 0.000000 -0.050000
vn 0.000000 0.100000 0.000000
vn 0.000000 0.100000 0.000000
vn 0.000000 0.100000 0.000000
vn 0.000000 0.100000 0.000000
vn 0.000000 0.100000 0.000000
vn 0.000000 0.100000 0.000000
vn 0.000000 0.100000 0.000000
vn 0.000000 0.100000 0.000000
vn 0.000000 0.100000 0.000000
vn 0.000000 0.100000 0.000000
vn 0.000000 0.100000 0.000000
vn 0.000000 0.100000 0.000000
vn 0.000000 0.100000 0.000000
vn 0.000000 0.100000 0.000000
vn 0.000000 0.100000 0.000000
vn 0.000000 0.100000 0.000000
vn 0.000000 0.100000 0.000000
vn 0.000000 0.100000 0.000000
vn 0.000000 0.100000 0.000000
vn 0.000000 0.100000 0.000000
vn 0.000000 0.100000 0.000000
vn 0.000000 0.100000 0.000000
vn 0.000000 0.100000 0.000000
vn 0.000000 0.100000 0.000000
vn -0.096593 0.000000 -0.025882
vn -0.096593 0.000000 -0.025882
vn -0.100000 0.000000 -0.000000
vn -0.100000 0.000000 -0.000000
vn -0.096593 0.000000 0.025882
vn -0.096593 0.000000 0.025882
vn -0.086603 0.000000 0.050000
vn -0.086603 0.000000 0.050000
vn -0.070711 0.000000 0.070711
vn -0.070711 0.000000 0.070711
vn -0.050000 0.000000 0.086603
vn -0.050000 0.000000 0.086603
vn -0.025882 0.000000 0.096593
vn -0.025882 0.000000 0.096593
vn 0.000000 0.000000 0.100000
vn 0.000000 0.000000 0.100000
vn 0.025882 0.000000 0.096593
vn 0.025882 0.000000 0.096593
vn 0.050000 0.000000 0.086603
vn 0.050000 0.000000 0.086603
vn 0.070711 0.000000 0.070711
vn 0.070711 0.000000 0.070711
vn 0.086603 0.000000 0.050000
vn 0.086603 0.000000 0.050000
vn 0.096593 0.000000 0.025882
vn 0.096593 0.000000 0.025882
vn 0.100000 0.000000 0.000000
vn 0.100000 0.000000 0.000000
vn 0.096593 0.000000 -0.025882
vn 0.096593 0.000000 -0.025882
vn 0.086603 0.000000 -0.050000
vn 0.086603 0.000000 -0.050000
vn 0.070711 0.000000 -0.070711
vn 0.070711 0.000000 -0.070711
vn 0.050000 0.000000 -0.086603
vn 0.050000 0.000000 -0.086603
vn 0.025882 0.000000 -0.096593
vn 0.025882 0.000000 -0.096593
vn 0.000000 0.000000 -0.100000
vn 0.000000 0.000000 -0.100000
vn -0.025882 0.000000 -0.096593
vn -0.025882 0.000000 -0.096593
vn -0.050000 0.000000 -0.086603
vn -0.050000 0.000000 -0.086603
vn -0.070711 0.000000 -0.070711
vn -0.070711 0.000000 -0.070711
vn -0.086603 0.000000 -0.050000
vn -0.086603 0.000000 -0.050000
vn 0.000000 0.100000 0.000000
vn 0.000000 0.100000 0.000000
vn 0.000000 0.100000 0.000000
vn 0.000000 0.100000 0.000000
vn 0.000000 0.100000 0.000000
vn 0.000000 0.100000 0.000000
vn 0.000000 0.100000 0.000000
vn 0.000000 0.100000 0.000000
vn 0.000000 0.100000 0.000000
vn 0.000000 0.100000 0.000000
vn 0.000000 0.100000 0.000000
vn 0.000000 0.100000 0.000000
vn 0.000000 0.100000 0.000000
vn 0.000000 0.100000 0.000000
vn 0.000000 0.100000 0.000000
vn 0.000000 0.100000 0.000000
vn 0.000000 0.100000 0.000000
vn 0.000000 0.100000 0.000000
vn 0.000000 0.100000 0.000000
vn 0.000000 0.100000 0.000000
vn 0.000000 0.100000 0.000000
vn 0.000000 0.100000 0.000000
vn 0.000000 0.100000 0.000000
vn 0.000000 0.100000 0.000000
vn -0.096593 0.000000 -0.025882
vn -0.096593 0.000000 -0.025882
vn -0.100000 0.000000 -0.000000
vn -0.100000 0.000000 -0.000000
vn -0.096593 0.000000 0.025882
vn -0.096593 0.000000 0.025882
vn -0.086603 0.000000 0.050000
vn -0.086603 0.000000 0.050000
vn -0.070711 0.000000 0.070711
vn -0.070711 0.000000 0.070711
vn -0.050000 0.000000 0.086603
vn -0.050000 0.000000 0.086603
vn -0.025882 0.000000 0.096593
vn -0.025882 0.000000 0.096593
vn 0.000000 0.000000 0.100000
vn 0.000000 0.000000 0.100000
vn 0.025882 0.000000 0.096593
vn 0.025882 0.000000 0.096593
vn 0.050000 0.000000 0.086603
vn 0.050000 0.000000 0.086603
vn 0.070711 0.000000 0.070711
vn 0.070711 0.000000 0.070711
vn 0.086603 0.000000 0.050000
vn 0.086603 0.000000 0.050000
vn 0.096593 0.000000 0.025882
vn 0.096593 0.000000 0.025882
vn 0.100000 0.000000 0.000000
vn 0.100000 0.000000 0.000000
vn 0.096593 0.000000 -0.025882
vn 0.096593 0.000000 -0.025882
vn 0.086603 0.000000 -0.050000
vn 0.086603 0.000000 -0.050000
vn 0.070711 0.000000 -0.070711
vn 0.070711 0.000000 -0.070711
vn 0.050000 0.000000 -0.086603
vn 0.050000 0.000000 -0.086603
vn 0.025882 0.000000 -0.096593
vn 0.025882 0.000000 -0.096593
vn 0.000000 0.000000 -0.100000
vn 0.000000 0.000000 -0.100000
vn -0.025882 0.000000 -0.096593
vn -0.025882 0.000000 -0.096593
vn -0.050000 0.000000 -0.086603
vn -0.050000 0.000000 -0.086603
vn -0.070711 0.000000 -0.070711
vn -0.070711 0.000000 -0.070711
vn -0.086603 0.000000 -0.050000
vn -0.086603 0.000000 -0.050000
vn 0.000000 0.100000 0.000000
vn 0.000000 0.100000 0.000000
vn 0.000000 0.100000 0.000000
vn 0.000000 0.100000 0.000000
vn 0.000000 0.100000 0.000000
vn 0.000000 0.100000 0.000000
vn 0.000000 0.100000 0.000000
vn 0.000000 0.100000 0.000000
vn 0.000000 0.100000 0.000000
vn 0.000000 0.100000 0.000000
vn 0.000000 0.100000 0.000000
vn 0.000000 0.100000 0.000000
vn 0.000000 0.100000 0.000000
vn 0.000000 0.100000 0.000000
vn 0.000000 0.100000 0.000000
vn 0.000000 0.100000 0.000000
vn 0.000000 0.100000 0.000000
vn 0.000000 0.100000 0.000000
vn 0.000000 0.100000 0.000000
vn 0.000000 0.100000 0.000000
vn 0.000000 0.100000 0.000000
vn 0.000000 0.100000 0.000000
vn 0.000000 0.100000 0.000000
vn 0.000000 0.100000 0.000000
vn 0.100000 0.000000 0.000000
vn 0.100000 0.000000 0.000000
vn 0.100000 0.000000 0.000000
vn 0.100000 0.000000 0.000000
vn 0.000000 0.000000 0.100000
vn 0.000000 0.000000 0.100000
vn 0.000000 0.000000 0.100000
vn 0.000000 0.000000 0.100000
vn 0.100000 0.000000 0.000000
vn 0.100000 0.000000 0.000000
vn 0.100000 0.000000 0.000000
vn 0.100000 0.000000 0.000000
vn 0.100000 0.000000 0.000000
vn 0.100000 0.000000 0.000000
vn 0.100000 0.000000 0.000000
vn 0.100000 0.000000 0.000000
vn 0.100000 0.000000 0.000000
vn 0.100000 0.000000 0.000000
vn 0.100000 0.000000 0.000000
vn 0.100000 0.000000 0.000000
vn 0.100000 0.000000 0.000000
vn 0.100000 0.000000 0.000000
vn 0.100000 0.000000 0.000000
vn 0.100000 0.000000 0.000000
vn 0.100000 0.000000 0.000000
vn 0.100000 0.000000 0.000000
vn 0.100000 0.000000 0.000000
vn 0.100000 0.000000 0.000000
vn 0.100000 0.000000 0.000000
vn 0.100000 0.000000 0.000000
vn 0.100000 0.000000 0.000000
vn 0.100000 0.000000 0.000000
vn 0.100000 0.000000 0.000000
vn 0.100000 0.000000 0.000000
vn 0.100000 0.000000 0.000000
vn 0.100000 0.000000 0.000000
vn 0.100000 0.000000 0.000000
vn 0.100000 0.000000 0.000000
vn 0.100000 0.000000 0.000000
vn 0.100000 0.000000 0.000000
vn 0.100000 0.000000 0.000000
vn 0.100000 0.000000 0.000000
vn 0.100000 0.000000 0.000000
vn 0.100000 0.000000 0.000000
vn 0.000000 0.100000 0.000000
vn 0.000000 0.100000 0.000000
vn 0.000000 0.100000 0.000000
vn 0.000000 0.100000 0.000000
vn 0.000000 0.100000 0.000000
vn 0.000000 0.100000 0.000000
vn 0.000000 0.100000 0.000000
vn 0.000000 0.100000 0.000000
vn 0.000000 0.100000 0.000000
vn 0.000000 0.100000 0.000000
vn 0.000000 0.100000 0.000000
vn 0.000000 0.100000 0.000000
vn 0.000000 0.100000 0.000000
vn 0.000000 0.100000 0.000000
vn 0.000000 0.100000 0.000000
vn 0.000000 0.100000 0.000000
vn 0.000000 0.100000 0.000000
vn 0.000000 0.100000 0.000000
vn 0.000000 0.100000 0.000000
vn 0.000000 0.100000 0.000000
vn 0.000000 0.100000 0.000000
vn 0.000000 0.100000 0.000000
vn 0.000000 0.100000 0.000000
vn 0.000000 0.100000 0.000000
vn 0.000000 0.100000 0.000000
vn 0.000000 0.100000 0.000000
vn 0.000000 0.100000 0.000000
vn 0.000000 0.100000 0.000000
vn 0.000000 0.100000 0.000000
vn 0.000000 0.100000 0.000000
vn 0.000000 0.100000 0.000000
vn 0.000000 0.100000 0.000000
vn 0.000000 0.100000 0.000000
vn 0.000000 0.100000 0.000000
vn 0.000000 0.100000 0.000000
vn 0.000000 0.100000 0.000000
vn 0.000000 0.100000 0.000000
vn 0.000000 0.100000 0.000000
vn 0.000000 0.100000 0.000000
vn 0.000000 0.100000 0.000000
vn 0.000000 0.100000 0.000000
vn 0.000000 0.100000 0.000000
vn 0.000000 0.100000 0.000000
vn 0.000000 0.100000 0.000000
vn 0.000000 0.100000 0.000000
vn 0.000000 0.100000 0.000000
vn 0.000000 0.100000 0.000000
vn 0.000000 0.100000 0.000000
vn 0.000000 0.100000 0.000000
vn 0.000000 0.100000 0.000000
vn 0.000000 0.100000 0.000000
vn 0.000000 0.100000 0.000000
vn 0.000000 0.100000 0.000000
vn 0.000000 0.100000 0.000000
vn 0.000000 0.100000 0.000000
vn 0.000000 0.100000 0.000000
vn 0.000000 0.100000 0.000000
vn 0.000000 0.100000 0.000000
vn 0.000000 0.100000 0.000000
vn 0.000000 0.100000 0.000000
vn 0.000000 0.100000 0.000000
vn 0.000000 0.100000 0.000000
vn 0.000000 0.100000 0.000000
vn 0.000000 0.100000 0.000000
vn 0.000000 0.100000 0.000000
vn 0.000000 0.100000 0.000000
vn 0.000000 0.100000 0.000000
vn 0.000000 0.100000 0.000000
vn 0.000000 0.100000 0.000000
vn 0.000000 0.100000 0.000000
vn 0.000000 0.100000 0.000000
vn 0.000000 0.100000 0.000000
vn 0.000000 0.100000 0.000000
vn 0.000000 0.100000 0.000000
vn 0.000000 0.100000 0.000000
vn 0.000000 0.100000 0.000000
vn 0.000000 0.100000 0.000000
vn 0.000000 0.100000 0.000000
vn 0.000000 0.100000 0.000000
vn 0.000000 0.100000 0.000000
vn 0.000000 0.100000 0.000000
vn 0.000000 0.100000 0.000000
vn 0.000000 0.100000 0.000000
vn 0.000000 0.100000 0.000000
vn 0.000000 0.100000 0.000000
vn 0.000000 0.100000 0.000000
vn 0.000000 0.100000 0.000000
vn 0.000000 0.100000 0.000000
vn 0.000000 0.100000 0.000000
vn 0.000000 0.100000 0.000000
vn 0.000000 0.100000 0.000000
vn 0.000000 0.100000 0.000000
vn 0.000000 0.100000 0.000000
vn 0.000000 0.100000 0.000000
vn 0.000000 0.100000 0.000000
vn 0.000000 0.100000 0.000000
vn 0.000000 0.100000 0.000000
vn 0.000000 0.100000 0.000000
vn 0.000000 0.100000 0.000000
vn 0.000000 0.100000 0.000000
vn 0.000000 0.100000 0.000000
vn 0.000000 0.100000 0.000000
vn 0.000000 0.100000 0.000000
vn 0.000000 0.100000 0.000000
vn -0.100000 0.000000 0.000000
vn -0.100000 0.000000 0.000000
vn -0.100000 0.000000 0.000000
vn -0.100000 0.000000 0.000000
vn 0.000000 0.100000 0.000000
vn 0.000000 0.100000 0.000000
vn 0.000000 0.100000 0.000000
vn 0.000000 0.100000 0.000000
vn 0.000000 0.100000 0.000000
vn 0.000000 0.100000 0.000000
vn 0.000000 0.100000 0.000000
vn 0.000000 0.100000 0.000000
vn 0.000000 0.100000 0.000000
vn 0.000000 0.100000 0.000000
vn 0.000000 0.100000 0.000000
vn 0.000000 0.100000 0.000000
vn 0.000000 0.100000 0.000000
vn 0.000000 0.100000 0.000000
vn 0.000000 0.100000 0.000000
vn 0.000000 0.100000 0.000000
vn 0.000000 0.100000 0.000000
vn 0.000000 0.100000 0.000000
vn 0.000000 0.100000 0.000000
vn 0.000000 0.100000 0.000000
vn 0.000000 0.100000 0.000000
vn 0.000000 0.100000 0.000000
vn 0.000000 0.100000 0.000000
vn 0.000000 0.100000 0.000000
vn 0.000000 0.100000 0.000000
vn 0.000000 0.100000 0.000000
vn 0.000000 0.100000 0.000000
vn 0.000000 0.100000 0.000000
vn 0.000000 0.100000 0.000000
vn 0.000000 0.100000 0.000000
vn 0.000000 0.100000 0.000000
vn 0.000000 0.100000 0.000000
vn 0.000000 0.100000 0.000000
vn 0.000000 0.100000 0.000000
vn 0.000000 0.100000 0.000000
vn 0.000000 0.100000 0.000000
vn 0.000000 0.100000 0.000000
vn 0.000000 0.100000 0.000000
vn 0.000000 0.100000 0.000000
vn 0.000000 0.100000 0.000000
vn 0.000000 0.100000 0.000000
vn 0.000000 0.100000 0.000000
vn 0.000000 0.100000 0.000000
vn 0.000000 0.100000 0.000000
vn 0.000000 0.100000 0.000000
vn 0.000000 0.100000 0.000000
vn 0.000000 0.100000 0.000000
vn 0.000000 0.100000 0.000000
vn 0.000000 0.100000 0.000000
vn 0.000000 0.100000 0.000000
vn 0.000000 0.100000 0.000000
vn 0.000000 0.100000 0.000000
vn 0.000000 0.100000 0.000000
vn 0.000000 0.100000 0.000000
vn 0.000000 0.100000 0.000000
vn 0.000000 0.100000 0.000000
vn 0.000000 0.100000 0.000000
vn 0.000000 0.100000 0.000000
vn 0.000000 0.100000 0.000000
vn 0.000000 0.100000 0.000000
vn 0.000000 0.100000 0.000000
vn 0.000000 0.100000 0.000000
vn 0.000000 0.100000 0.000000
vn 0.000000 0.100000 0.000000
vn 0.000000 0.100000 0.000000
vn 0.000000 0.100000 0.000000
vn 0.000000 0.100000 0.000000
vn 0.000000 0.100000 0.000000
vn 0.000000 0.100000 0.000000
vn 0.000000 0.100000 0.000000
vn 0.000000 0.100000 0.000000
vn 0.000000 0.100000 0.000000
vn 0.000000 0.100000 0.000000
vn 0.000000 0.100000 0.000000
vn 0.000000 0.100000 0.000000
vn 0.000000 0.100000 0.000000
vn 0.000000 0.100000 0.000000
vn 0.000000 0.100000 0.000000
vn 0.000000 0.100000 0.000000
vn 0.000000 0.100000 0.000000
vn 0.000000 0.100000 0.000000
vn 0.000000 0.100000 0.000000
vn 0.000000 0.100000 0.000000
vn 0.000000 0.100000 0.000000
vn 0.000000 0.100000 0.000000
vn 0.000000 0.100000 0.000000
vn 0.000000 0.100000 0.000000
vn 0.000000 0.100000 0.000000
vn 0.000000 0.100000 0.000000
vn 0.000000 0.100000 0.000000
vn 0.000000 0.100000 0.000000
vn 0.000000 0.100000 0.000000
vn 0.000000 0.100000 0.000000
vn 0.000000 0.100000 0.000000
vn 0.000000 0.100000 0.000000
vn 0.000000 0.100000 0.000000
vn 0.000000 0.100000 0.000000
vn 0.000000 0.100000 0.000000
vn 0.000000 0.100000 0.000000
vn 0.000000 0.100000 0.000000
vn 0.000000 0.100000 0.000000
vn 0.000000 0.100000 0.000000
vn 0.000000 0.100000 0.000000
vn 0.000000 0.100000 0.000000
vn 0.000000 0.000000 -0.100000
vn 0.000000 0.000000 -0.100000
vn 0.000000 0.000000 -0.100000
vn 0.000000 0.000000 -0.100000
vn 0.000000 0.000000 -0.100000
vn 0.000000 0.000000 -0.100000
vn 0.000000 0.000000 -0.100000
vn 0.000000 0.000000 -0.100000
vn 0.000000 0.000000 -0.100000
vn 0.000000 0.000000 -0.100000
vn 0.000000 0.000000 -0.100000
vn 0.000000 0.000000 -0.100000
vn 0.000000 0.000000 -0.100000
vn 0.000000 0.000000 -0.100000
vn 0.000000 0.000000 -0.100000
vn 0.000000 0.000000 -0.100000
vn 0.000000 0.000000 -0.100000
vn 0.000000 0.000000 -0.100000
vn 0.000000 0.000000 -0.100000
vn 0.000000 0.000000 -0.100000
vn 0.000000 0.000000 -0.100000
vn 0.000000 0.000000 -0.100000
vn 0.000000 0.000000 -0.100000
vn 0.000000 0.000000 -0.100000
vn 0.000000 0.000000 -0.100000
vn 0.000000 0.000000 -0.100000
vn 0.000000 0.000000 -0.100000
vn 0.000000 0.000000 -0.100000
vn 0.000000 0.000000 -0.100000
vn 0.000000 0.000000 -0.100000
vn 0.000000 0.000000 -0.100000
vn 0.000000 0.000000 -0.100000
vn 0.000000 0.000000 -0.100000
vn 0.000000 0.000000 -0.100000
vn 0.000000 0.000000 -0.100000
vn 0.000000 0.000000 -0.100000
vn 0.000000 0.000000 -0.100000
vn 0.000000 0.000000 -0.100000
vn 0.000000 0.000000 -0.100000
vn 0.000000 0.000000 -0.100000
vn 0.000000 0.000000 -0.100000
vn 0.000000 0.000000 -0.100000
vn 0.000000 0.000000 -0.100000
vn 0.000000 0.000000 -0.100000
vn 0.000000 0.000000 -0.100000
vn 0.000000 0.000000 -0.100000
vn 0.000000 0.000000 -0.100000
vn 0.000000 0.000000 -0.100000
vn 0.000000 0.000000 -0.100000
vn 0.000000 0.000000 -0.100000
vn 0.000000 0.000000 -0.100000
vn 0.000000 0.000000 -0.100000
vn 0.000000 0.000000 -0.100000
vn 0.000000 0.000000 -0.100000
vn 0.000000 0.000000 -0.100000
vn 0.000000 0.000000 -0.100000
vn 0.000000 0.000000 -0.100000
vn 0.000000 0.000000 -0.100000
vn 0.000000 0.000000 -0.100000
vn 0.000000 0.000000 -0.100000
vn 0.000000 0.000000 -0.100000
vn 0.000000 0.000000 -0.100000
vn 0.000000 0.000000 -0.100000
vn 0.000000 0.000000 -0.100000
vn 0.000000 0.000000 -0.100000
vn 0.000000 0.000000 -0.100000
vn 0.000000 0.000000 -0.100000
vn 0.000000 0.000000 -0.100000
vn 0.000000 0.000000 -0.100000
vn 0.000000 0.000000 -0.100000
vn 0.000000 0.000000 -0.100000
vn 0.000000 0.000000 -0.100000
vn 0.000000 0.000000 -0.100000
vn 0.000000 0.000000 -0.100000
vn 0.000000 0.000000 -0.100000
vn 0.000000 0.000000 -0.100000
vn 0.000000 0.000000 -0.100000
vn 0.000000 0.000000 -0.100000
vn 0.000000 0.000000 -0.100000
vn 0.000000 0.000000 -0.100000
vn 0.000000 0.000000 -0.100000
vn 0.000000 0.000000 -0.100000
vn 0.000000 0.000000 -0.100000
vn 0.000000 0.000000 -0.100000
vn 0.000000 0.000000 -0.100000
vn 0.000000 0.000000 -0.100000
vn 0.000000 0.000000 -0.100000
vn 0.000000 0.000000 -0.100000
vn 0.000000 0.000000 -0.100000
vn 0.000000 0.000000 -0.100000
vn 0.000000 0.000000 -0.100000
vn 0.000000 0.000000 -0.100000
vn 0.000000 0.000000 -0.100000
vn 0.000000 0.000000 -0.100000
vn 0.000000 0.000000 -0.100000
vn 0.000000 0.000000 -0.100000
vn 0.000000 0.000000 -0.100000
vn 0.000000 0.000000 -0.100000
vn 0.000000 0.000000 -0.100000
vn 0.000000 0.000000 -0.100000
vn 0.000000 0.000000 -0.100000
vn 0.000000 0.000000 -0.100000
vn 0.000000 0.000000 -0.100000
vn 0.000000 0.000000 -0.100000
vn 0.000000 0.000000 -0.100000
vn 0.000000 0.000000 -0.100000
vn 0.000000 0.000000 -0.100000
vn 0.000000 0.000000 -0.100000
vn 0.000000 0.000000 -0.100000
vn 0.000000 0.000000 -0.100000
vn 0.000000 0.000000 -0.100000
vn 0.000000 0.000000 -0.100000
vn 0.000000 0.000000 -0.100000
vn 0.000000 0.000000 -0.100000
vn 0.000000 0.000000 -0.100000
vn 0.000000 0.000000 -0.100000
vn 0.000000 0.000000 -0.100000
vn 0.000000 0.000000 -0.100000
vn 0.000000 0.000000 -0.100000
vn 0.000000 0.000000 -0.100000
vn 0.000000 0.000000 -0.100000
vn 0.000000 0.000000 -0.100000
vn 0.000000 0.000000 -0.100000
vn 0.000000 0.000000 -0.100000
vn 0.000000 0.000000 -0.100000
vn 0.000000 0.000000 -0.100000
vn 0.000000 0.000000 -0.100000
vn 0.000000 0.000000 -0.100000
vn 0.000000 0.000000 -0.100000
vn 0.000000 0.000000 -0.100000
vn 0.000000 0.000000 -0.100000
vn 0.000000 0.000000 -0.100000
vn 0.000000 0.000000 -0.100000
vn 0.000000 0.000000 -0.100000
vn 0.000000 0.000000 -0.100000
vn 0.000000 0.000000 -0.100000
vn 0.000000 0.000000 -0.100000
vn 0.000000 0.000000 -0.100000
vn 0.000000 0.000000 -0.100000
vn 0.000000 0.000000 -0.100000
vn 0.000000 0.000000 -0.100000
vn 0.000000 0.000000 -0.100000
vn 0.000000 0.000000 -0.100000
vn 0.000000 0.000000 -0.100000
vn 0.000000 0.000000 -0.100000
vn 0.000000 0.000000 -0.100000
vn 0.000000 0.000000 -0.100000
vn 0.000000 0.000000 -0.100000
vn 0.000000 0.000000 -0.100000
vn 0.000000 0.000000 -0.100000
vn 0.000000 0.000000 -0.100000
vn 0.000000 0.000000 -0.100000
vn 0.000000 0.000000 -0.100000
vn 0.000000 0.000000 -0.100000
vn 0.000000 0.000000 -0.100000
vn 0.000000 0.000000 -0.100000
vn 0.000000 0.000000 -0.100000
vn 0.000000 0.000000 -0.100000
vn 0.000000 0.000000 -0.100000
vn 0.000000 0.000000 -0.100000
vn 0.000000 0.000000 -0.100000
vn 0.000000 0.000000 -0.100000
vn 0.096593 0.025882 0.000000
vn 0.096593 0.025882 0.000000
vn 0.100000 0.000000 0.000000
vn 0.100000 0.000000 0.000000
vn 0.096593 -0.025882 0.000000
vn 0.096593 -0.025882 0.000000
vn 0.086603 -0.050000 0.000000
vn 0.086603 -0.050000 0.000000
vn 0.070711 -0.070711 0.000000
vn 0.070711 -0.070711 0.000000
vn 0.050000 -0.086603 0.000000
vn 0.050000 -0.086603 0.000000
vn 0.025882 -0.096593 0.000000
vn 0.025882 -0.096593 0.000000
vn -0.000000 -0.100000 0.000000
vn -0.000000 -0.100000 0.000000
vn -0.025882 -0.096593 0.000000
vn -0.025882 -0.096593 0.000000
vn -0.050000 -0.086603 0.000000
vn -0.050000 -0.086603 0.000000
vn -0.070711 -0.070711 0.000000
vn -0.070711 -0.070711 0.000000
vn -0.086603 -0.050000 0.000000
vn -0.086603 -0.050000 0.000000
vn -0.096593 -0.025882 0.000000
vn -0.096593 -0.025882 0.000000
vn -0.100000 0.000000 0.000000
vn -0.100000 0.000000 0.000000
vn -0.096593 0.025882 0.000000
vn -0.096593 0.025882 0.000000
vn -0.086603 0.050000 0.000000
vn -0.086603 0.050000 0.000000
vn -0.070711 0.070711 0.000000
vn -0.070711 0.070711 0.000000
vn -0.050000 0.086603 0.000000
vn -0.050000 0.086603 0.000000
vn -0.025882 0.096593 0.000000
vn -0.025882 0.096593 0.000000
vn -0.000000 0.100000 0.000000
vn -0.000000 0.100000 0.000000
vn 0.025882 0.096593 0.000000
vn 0.025882 0.096593 0.000000
vn 0.050000 0.086603 0.000000
vn 0.050000 0.086603 0.000000
vn 0.070711 0.070711 0.000000
vn 0.070711 0.070711 0.000000
vn 0.086603 0.050000 0.000000
vn 0.086603 0.050000 0.000000
vn 0.000000 0.000000 -0.100000
vn 0.000000 0.000000 -0.100000
vn 0.000000 0.000000 -0.100000
vn 0.000000 0.000000 -0.100000
vn 0.000000 0.000000 -0.100000
vn 0.000000 0.000000 -0.100000
vn 0.000000 0.000000 -0.100000
vn 0.000000 0.000000 -0.100000
vn 0.000000 0.000000 -0.100000
vn 0.000000 0.000000 -0.100000
vn 0.000000 0.000000 -0.100000
vn 0.000000 0.000000 -0.100000
vn 0.000000 0.000000 -0.100000
vn 0.000000 0.000000 -0.100000
vn 0.000000 0.000000 -0.100000
vn 0.000000 0.000000 -0.100000
vn 0.000000 0.000000 -0.100000
vn 0.000000 0.000000 -0.100000
vn 0.000000 0.000000 -0.100000
vn 0.000000 0.000000 -0.100000
vn 0.000000 0.000000 -0.100000
vn 0.000000 0.000000 -0.100000
vn 0.000000 0.000000 -0.100000
vn 0.000000 0.000000 -0.100000
vn 0.096593 0.025882 0.000000
vn 0.096593 0.025882 0.000000
vn 0.100000 0.000000 0.000000
vn 0.100000 0.000000 0.000000
vn 0.096593 -0.025882 0.000000
vn 0.096593 -0.025882 0.000000
vn 0.086603 -0.050000 0.000000
vn 0.086603 -0.050000 0.000000
vn 0.070711 -0.070711 0.000000
vn 0.070711 -0.070711 0.000000
vn 0.050000 -0.086603 0.000000
vn 0.050000 -0.086603 0.000000
vn 0.025882 -0.096593 0.000000
vn 0.025882 -0.096593 0.000000
vn -0.000000 -0.100000 0.000000
vn -0.000000 -0.100000 0.000000
vn -0.025882 -0.096593 0.000000
vn -0.025882 -0.096593 0.000000
vn -0.050000 -0.086603 0.000000
vn -0.050000 -0.086603 0.000000
vn -0.070711 -0.070711 0.000000
vn -0.070711 -0.070711 0.000000
vn -0.086603 -0.050000 0.000000
vn -0.086603 -0.050000 0.000000
vn -0.096593 -0.025882 0.000000
vn -0.096593 -0.025882 0.000000
vn -0.100000 0.000000 0.000000
vn -0.100000 0.000000 0.000000
vn -0.096593 0.025882 0.000000
vn -0.096593 0.025882 0.000000
vn -0.086603 0.050000 0.000000
vn -0.086603 0.050000 0.000000
vn -0.070711 0.070711 0.000000
vn -0.070711 0.070711 0.000000
vn -0.050000 0.086603 0.000000
vn -0.050000 0.086603 0.000000
vn -0.025882 0.096593 0.000000
vn -0.025882 0.096593 0.000000
vn -0.000000 0.100000 0.000000
vn -0.000000 0.100000 0.000000
vn 0.025882 0.096593 0.000000
vn 0.025882 0.096593 0.000000
vn 0.050000 0.086603 0.000000
vn 0.050000 0.086603 0.000000
vn 0.070711 0.070711 0.000000
vn 0.070711 0.070711 0.000000
vn 0.086603 0.050000 0.000000
vn 0.086603 0.050000 0.000000
vn 0.000000 0.000000 -0.100000
vn 0.000000 0.000000 -0.100000
vn 0.000000 0.000000 -0.100000
vn 0.000000 0.000000 -0.100000
vn 0.000000 0.000000 -0.100000
vn 0.000000 0.000000 -0.100000
vn 0.000000 0.000000 -0.100000
vn 0.000000 0.000000 -0.100000
vn 0.000000 0.000000 -0.100000
vn 0.000000 0.000000 -0.100000
vn 0.000000 0.000000 -0.100000
vn 0.000000 0.000000 -0.100000
vn 0.000000 0.000000 -0.100000
vn 0.000000 0.000000 -0.100000
vn 0.000000 0.000000 -0.100000
vn 0.000000 0.000000 -0.100000
vn 0.000000 0.000000 -0.100000
vn 0.000000 0.000000 -0.100000
vn 0.000000 0.000000 -0.100000
vn 0.000000 0.000000 -0.100000
vn 0.000000 0.000000 -0.100000
vn 0.000000 0.000000 -0.100000
vn 0.000000 0.000000 -0.100000
vn 0.000000 0.000000 -0.100000
vn 0.096593 0.025882 0.000000
vn 0.096593 0.025882 0.000000
vn 0.100000 0.000000 0.000000
vn 0.100000 0.000000 0.000000
vn 0.096593 -0.025882 0.000000
vn 0.096593 -0.025882 0.000000
vn 0.086603 -0.050000 0.000000
vn 0.086603 -0.050000 0.000000
vn 0.070711 -0.070711 0.000000
vn 0.070711 -0.070711 0.000000
vn 0.050000 -0.086603 0.000000
vn 0.050000 -0.086603 0.000000
vn 0.025882 -0.096593 0.000000
vn 0.025882 -0.096593 0.000000
vn -0.000000 -0.100000 0.000000
vn -0.000000 -0.100000 0.000000
vn -0.025882 -0.096593 0.000000
vn -0.025882 -0.096593 0.000000
vn -0.050000 -0.086603 0.000000
vn -0.050000 -0.086603 0.000000
vn -0.070711 -0.070711 0.000000
vn -0.070711 -0.070711 0.000000
vn -0.086603 -0.050000 0.000000
vn -0.086603 -0.050000 0.000000
vn -0.096593 -0.025882 0.000000
vn -0.096593 -0.025882 0.000000
vn -0.100000 0.000000 0.000000
vn -0.100000 0.000000 0.000000
vn -0.096593 0.025882 0.000000
vn -0.096593 0.025882 0.000000
vn -0.086603 0.050000 0.000000
vn -0.086603 0.050000 0.000000
vn -0.070711 0.070711 0.000000
vn -0.070711 0.070711 0.000000
vn -0.050000 0.086603 0.000000
vn -0.050000 0.086603 0.000000
vn -0.025882 0.096593 0.000000
vn -0.025882 0.096593 0.000000
vn -0.000000 0.100000 0.000000
vn -0.000000 0.100000 0.000000
vn 0.025882 0.096593 0.000000
vn 0.025882 0.096593 0.000000
vn 0.050000 0.086603 0.000000
vn 0.050000 0.086603 0.000000
vn 0.070711 0.070711 0.000000
vn 0.070711 0.070711 0.000000
vn 0.086603 0.050000 0.000000
vn 0.086603 0.050000 0.000000
vn 0.000000 0.000000 -0.100000
vn 0.000000 0.000000 -0.100000
vn 0.000000 0.000000 -0.100000
vn 0.000000 0.000000 -0.100000
vn 0.000000 0.000000 -0.100000
vn 0.000000 0.000000 -0.100000
vn 0.000000 0.000000 -0.100000
vn 0.000000 0.000000 -0.100000
vn 0.000000 0.000000 -0.100000
vn 0.000000 0.000000 -0.100000
vn 0.000000 0.000000 -0.100000
vn 0.000000 0.000000 -0.100000
vn 0.000000 0.000000 -0.100000
vn 0.000000 0.000000 -0.100000
vn 0.000000 0.000000 -0.100000
vn 0.000000 0.000000 -0.100000
vn 0.000000 0.000000 -0.100000
vn 0.000000 0.000000 -0.100000
vn 0.000000 0.000000 -0.100000
vn 0.000000 0.000000 -0.100000
vn 0.000000 0.000000 -0.100000
vn 0.000000 0.000000 -0.100000
vn 0.000000 0.000000 -0.100000
vn 0.000000 0.000000 -0.100000
vn 0.096593 0.025882 0.000000
vn 0.096593 0.025882 0.000000
vn 0.100000 0.000000 0.000000
vn 0.100000 0.000000 0.000000
vn 0.096593 -0.025882 0.000000
vn 0.096593 -0.025882 0.000000
vn 0.086603 -0.050000 0.000000
vn 0.086603 -0.050000 0.000000
vn 0.070711 -0.070711 0.000000
vn 0.070711 -0.070711 0.000000
vn 0.050000 -0.086603 0.000000
vn 0.050000 -0.086603 0.000000
vn 0.025882 -0.096593 0.000000
vn 0.025882 -0.096593 0.000000
vn -0.000000 -0.100000 0.000000
vn -0.000000 -0.100000 0.000000
vn -0.025882 -0.096593 0.000000
vn -0.025882 -0.096593 0.000000
vn -0.050000 -0.086603 0.000000
vn -0.050000 -0.086603 0.000000
vn -0.070711 -0.070711 0.000000
vn -0.070711 -0.070711 0.000000
vn -0.086603 -0.050000 0.000000
vn -0.086603 -0.050000 0.000000
vn -0.096593 -0.025882 0.000000
vn -0.096593 -0.025882 0.000000
vn -0.100000 0.000000 0.000000
vn -0.100000 0.000000 0.000000
vn -0.096593 0.025882 0.000000
vn -0.096593 0.025882 0.000000
vn -0.086603 0.050000 0.000000
vn -0.086603 0.050000 0.000000
vn -0.070711 0.070711 0.000000
vn -0.070711 0.070711 0.000000
vn -0.050000 0.086603 0.000000
vn -0.050000 0.086603 0.000000
vn -0.025882 0.096593 0.000000
vn -0.025882 0.096593 0.000000
vn -0.000000 0.100000 0.000000
vn -0.000000 0.100000 0.000000
vn 0.025882 0.096593 0.000000
vn 0.025882 0.096593 0.000000
vn 0.050000 0.086603 0.000000
vn 0.050000 0.086603 0.000000
vn 0.070711 0.070711 0.000000
vn 0.070711 0.070711 0.000000
vn 0.086603 0.050000 0.000000
vn 0.086603 0.050000 0.000000
vn 0.000000 0.000000 -0.100000
vn 0.000000 0.000000 -0.100000
vn 0.000000 0.000000 -0.100000
vn 0.000000 0.000000 -0.100000
vn 0.000000 0.000000 -0.100000
vn 0.000000 0.000000 -0.100000
vn 0.000000 0.000000 -0.100000
vn 0.000000 0.000000 -0.100000
vn 0.000000 0.000000 -0.100000
vn 0.000000 0.000000 -0.100000
vn 0.000000 0.000000 -0.100000
vn 0.000000 0.000000 -0.100000
vn 0.000000 0.000000 -0.100000
vn 0.000000 0.000000 -0.100000
vn 0.000000 0.000000 -0.100000
vn 0.000000 0.000000 -0.100000
vn 0.000000 0.000000 -0.100000
vn 0.000000 0.000000 -0.100000
vn 0.000000 0.000000 -0.100000
vn 0.000000 0.000000 -0.100000
vn 0.000000 0.000000 -0.100000
vn 0.000000 0.000000 -0.100000
vn 0.000000 0.000000 -0.100000
vn 0.000000 0.000000 -0.100000
vn -0.100000 0.000000 0.000000
vn -0.100000 0.000000 0.000000
vn -0.100000 0.000000 0.000000
vn -0.100000 0.000000 0.000000
vn -0.100000 0.000000 0.000000
vn -0.100000 0.000000 0.000000
vn -0.100000 0.000000 0.000000
vn -0.100000 0.000000 0.000000
vn -0.100000 0.000000 0.000000
vn -0.100000 0.000000 0.000000
vn -0.100000 0.000000 0.000000
vn -0.100000 0.000000 0.000000
vn -0.100000 0.000000 0.000000
vn -0.100000 0.000000 0.000000
vn -0.100000 0.000000 0.000000
vn -0.100000 0.000000 0.000000
vn -0.100000 0.000000 0.000000
vn -0.100000 0.000000 0.000000
vn -0.100000 0.000000 0.000000
vn -0.100000 0.000000 0.000000
vn -0.100000 0.000000 0.000000
vn -0.100000 0.000000 0.000000
vn -0.100000 0.000000 0.000000
vn -0.100000 0.000000 0.000000
vn -0.100000 0.000000 0.000000
vn -0.100000 0.000000 0.000000
vn -0.100000 0.000000 0.000000
vn -0.100000 0.000000 0.000000
vn -0.100000 0.000000 0.000000
vn -0.100000 0.000000 0.000000
vn -0.100000 0.000000 0.000000
vn -0.100000 0.000000 0.000000
vn -0.100000 0.000000 0.000000
vn -0.100000 0.000000 0.000000
vn -0.100000 0.000000 0.000000
vn -0.100000 0.000000 0.000000
vn -0.100000 0.000000 0.000000
vn -0.100000 0.000000 0.000000
vn -0.100000 0.000000 0.000000
vn -0.100000 0.000000 0.000000
vn -0.100000 0.000000 0.000000
vn -0.100000 0.000000 0.000000
vn 0.000000 0.100000 0.000000
vn 0.000000 0.100000 0.000000
vn 0.000000 0.100000 0.000000
vn 0.000000 0.100000 0.000000
vn 0.100000 0.000000 0.000000
vn 0.100000 0.000000 0.000000
vn 0.100000 0.000000 0.000000
vn 0.100000 0.000000 0.000000
vn 0.100000 0.000000 0.000000
vn 0.100000 0.000000 0.000000
vn -0.000000 -0.100000 0.000000
vn -0.000000 -0.100000 0.000000
vn -0.000000 -0.100000 0.000000
vn -0.000000 -0.100000 0.000000
vn -0.000000 -0.100000 0.000000
vn -0.000000 -0.100000 0.000000
vn -0.000000 -0.100000 0.000000
vn -0.000000 -0.100000 0.000000
vn 0.000000 0.000000 0.100000
vn 0.000000 0.000000 0.100000
vn 0.000000 0.000000 0.100000
vn 0.000000 0.000000 0.100000
usemtl Steel_-_Satin
f 2/1/1 48/2/2 1/3/3
f 1/3/3 48/2/2 25/4/4
f 1/5/3 25/6/4 24/7/5
f 24/7/5 25/6/4 26/8/6
f 24/7/5 26/8/6 23/9/7
f 23/9/7 26/8/6 27/10/8
f 23/9/7 27/10/8 22/11/9
f 22/11/9 27/10/8 28/12/10
f 22/11/9 28/12/10 21/13/11
f 21/13/11 28/12/10 29/14/12
f 21/13/11 29/14/12 20/15/13
f 20/15/13 29/14/12 30/16/14
f 20/15/13 30/16/14 19/17/15
f 19/17/15 30/16/14 31/18/16
f 19/17/15 31/18/16 18/19/17
f 18/19/17 31/18/16 32/20/18
f 18/19/17 32/20/18 17/21/19
f 17/21/19 32/20/18 33/22/20
f 17/21/19 33/22/20 16/23/21
f 16/23/21 33/22/20 34/24/22
f 16/23/21 34/24/22 15/25/23
f 15/25/23 34/24/22 35/26/24
f 15/25/23 35/26/24 14/27/25
f 14/27/25 35/26/24 36/28/26
f 14/27/25 36/28/26 13/29/27
f 13/29/27 36/28/26 37/30/28
f 13/29/27 37/30/28 12/31/29
f 12/31/29 37/30/28 38/32/30
f 12/31/29 38/32/30 11/33/31
f 11/33/31 38/32/30 39/34/32
f 11/33/31 39/34/32 10/35/33
f 10/35/33 39/34/32 40/36/34
f 10/35/33 40/36/34 9/37/35
f 9/37/35 40/36/34 41/38/36
f 9/37/35 41/38/36 8/39/37
f 8/39/37 41/38/36 42/40/38
f 8/39/37 42/40/38 7/41/39
f 7/41/39 42/40/38 43/42/40
f 7/41/39 43/42/40 6/43/41
f 6/43/41 43/42/40 44/44/42
f 6/43/41 44/44/42 5/45/43
f 5/45/43 44/44/42 45/46/44
f 5/45/43 45/46/44 4/47/45
f 4/47/45 45/46/44 46/48/46
f 4/47/45 46/48/46 3/49/47
f 3/49/47 46/48/46 47/50/48
f 3/49/47 47/50/48 2/1/1
f 2/1/1 47/50/48 48/2/2
f 24/51/49 14/52/50 1/53/51
f 1/53/51 14/52/50 13/54/52
f 1/53/51 13/54/52 2/55/53
f 2/55/53 13/54/52 12/56/54
f 2/55/53 12/56/54 3/57/55
f 3/57/55 12/56/54 11/58/56
f 3/57/55 11/58/56 4/59/57
f 4/59/57 11/58/56 10/60/58
f 4/59/57 10/60/58 5/61/59
f 5/61/59 10/60/58 9/62/60
f 5/61/59 9/62/60 6/63/61
f 6/63/61 9/62/60 8/64/62
f 6/63/61 8/64/62 7/65/63
f 14/52/50 24/51/49 15/66/64
f 15/66/64 24/51/49 23/67/65
f 15/66/64 23/67/65 16/68/66
f 16/68/66 23/67/65 22/69/67
f 16/68/66 22/69/67 17/70/68
f 17/70/68 22/69/67 21/71/69
f 17/70/68 21/71/69 18/72/70
f 18/72/70 21/71/69 20/73/71
f 18/72/70 20/73/71 19/74/72
f 50/75/73 96/76/74 49/77/75
f 49/77/75 96/76/74 73/78/76
f 49/79/75 73/80/76 72/81/77
f 72/81/77 73/80/76 74/82/78
f 72/81/77 74/82/78 71/83/79
f 71/83/79 74/82/78 75/84/80
f 71/83/79 75/84/80 70/85/81
f 70/85/81 75/84/80 76/86/82
f 70/85/81 76/86/82 69/87/83
f 69/87/83 76/86/82 77/88/84
f 69/87/83 77/88/84 68/89/85
f 68/89/85 77/88/84 78/90/86
f 68/89/85 78/90/86 67/91/87
f 67/91/87 78/90/86 79/92/88
f 67/91/87 79/92/88 66/93/89
f 66/93/89 79/92/88 80/94/90
f 66/93/89 80/94/90 65/95/91
f 65/95/91 80/94/90 81/96/92
f 65/95/91 81/96/92 64/97/93
f 64/97/93 81/96/92 82/98/94
f 64/97/93 82/98/94 63/99/95
f 63/99/95 82/98/94 83/100/96
f 63/99/95 83/100/96 62/101/97
f 62/101/97 83/100/96 84/102/98
f 62/101/97 84/102/98 61/103/99
f 61/103/99 84/102/98 85/104/100
f 61/103/99 85/104/100 60/105/101
f 60/105/101 85/104/100 86/106/102
f 60/105/101 86/106/102 59/107/103
f 59/107/103 86/106/102 87/108/104
f 59/107/103 87/108/104 58/109/105
f 58/109/105 87/108/104 88/110/106
f 58/109/105 88/110/106 57/111/107
f 57/111/107 88/110/106 89/112/108
f 57/111/107 89/112/108 56/113/109
f 56/113/109 89/112/108 90/114/110
f 56/113/109 90/114/110 55/115/111
f 55/115/111 90/114/110 91/116/112
f 55/115/111 91/116/112 54/117/113
f 54/117/113 91/116/112 92/118/114
f 54/117/113 92/118/114 53/119/115
f 53/119/115 92/118/114 93/120/116
f 53/119/115 93/120/116 52/121/117
f 52/121/117 93/120/116 94/122/118
f 52/121/117 94/122/118 51/123/119
f 51/123/119 94/122/118 95/124/120
f 51/123/119 95/124/120 50/75/73
f 50/75/73 95/124/120 96/76/74
f 72/125/121 62/126/122 49/127/123
f 49/127/123 62/126/122 61/128/124
f 49/127/123 61/128/124 50/129/125
f 50/129/125 61/128/124 60/130/126
f 50/129/125 60/130/126 51/131/127
f 51/131/127 60/130/126 59/132/128
f 51/131/127 59/132/128 52/133/129
f 52/133/129 59/132/128 58/134/130
f 52/133/129 58/134/130 53/135/131
f 53/135/131 58/134/130 57/136/132
f 53/135/131 57/136/132 54/137/133
f 54/137/133 57/136/132 56/138/134
f 54/137/133 56/138/134 55/139/135
f 62/126/122 72/125/121 63/140/136
f 63/140/136 72/125/121 71/141/137
f 63/140/136 71/141/137 64/142/138
f 64/142/138 71/141/137 70/143/139
f 64/142/138 70/143/139 65/144/140
f 65/144/140 70/143/139 69/145/141
f 65/144/140 69/145/141 66/146/142
f 66/146/142 69/145/141 68/147/143
f 66/146/142 68/147/143 67/148/144
f 97/149/145 98/150/146 100/151/147
f 100/151/147 98/150/146 99/152/148
f 98/153/149 101/154/150 99/155/151
f 99/155/151 101/154/150 102/156/152
f 101/157/153 103/158/154 102/159/155
f 102/159/155 103/158/154 104/160/156
f 103/161/157 97/162/158 104/163/159
f 104/163/159 97/162/158 100/164/160
f 108/165/161 105/166/162 100/167/163
f 100/167/163 105/166/162 106/168/164
f 100/167/163 106/168/164 104/169/165
f 104/169/165 106/168/164 107/170/166
f 104/169/165 107/170/166 102/171/167
f 102/171/167 107/170/166 99/172/168
f 99/172/168 107/170/166 108/165/161
f 99/172/168 108/165/161 100/167/163
f 107/173/169 106/174/170 110/175/171
f 110/175/171 106/174/170 109/176/172
f 106/177/173 105/178/174 109/179/175
f 109/179/175 105/178/174 111/180/176
f 112/181/177 113/182/178 119/183/179
f 119/183/179 113/182/178 114/184/180
f 119/183/179 114/184/180 115/185/181
f 119/183/179 115/185/181 118/186/182
f 118/186/182 115/185/181 116/187/183
f 118/186/182 116/187/183 117/188/184
f 120/189/185 121/190/186 123/191/187
f 123/191/187 121/190/186 122/192/188
f 139/193/189 124/194/190 138/195/191
f 138/195/191 124/194/190 125/196/192
f 138/195/191 125/196/192 137/197/193
f 137/197/193 125/196/192 126/198/194
f 137/197/193 126/198/194 136/199/195
f 136/199/195 126/198/194 127/200/196
f 136/199/195 127/200/196 135/201/197
f 135/201/197 127/200/196 128/202/198
f 135/201/197 128/202/198 134/203/199
f 134/203/199 128/202/198 129/204/200
f 134/203/199 129/204/200 133/205/201
f 133/205/201 129/204/200 130/206/202
f 133/205/201 130/206/202 132/207/203
f 132/207/203 130/206/202 131/208/204
f 132/207/203 131/208/204 123/209/187
f 123/209/187 131/208/204 120/210/185
f 140/211/205 124/212/190 141/213/206
f 141/213/206 124/212/190 139/214/189
f 157/215/207 142/216/208 156/217/209
f 156/217/209 142/216/208 143/218/210
f 156/217/209 143/218/210 155/219/211
f 155/219/211 143/218/210 144/220/212
f 155/219/211 144/220/212 154/221/213
f 154/221/213 144/220/212 145/222/214
f 154/221/213 145/222/214 153/223/215
f 153/223/215 145/222/214 146/224/216
f 153/223/215 146/224/216 152/225/217
f 152/225/217 146/224/216 147/226/218
f 152/225/217 147/226/218 151/227/219
f 151/227/219 147/226/218 148/228/220
f 151/227/219 148/228/220 150/229/221
f 150/229/221 148/228/220 149/230/222
f 150/229/221 149/230/222 141/231/206
f 141/231/206 149/230/222 140/232/205
f 158/233/223 142/234/208 159/235/224
f 159/235/224 142/234/208 157/236/207
f 160/237/225 169/238/226 113/239/227
f 113/239/227 169/238/226 170/240/228
f 113/239/227 170/240/228 114/241/229
f 114/241/229 170/240/228 171/242/230
f 114/241/229 171/242/230 115/243/231
f 115/243/231 171/242/230 172/244/232
f 115/243/231 172/244/232 116/245/233
f 169/238/226 160/237/225 168/246/234
f 168/246/234 160/237/225 161/247/235
f 168/246/234 161/247/235 167/248/236
f 167/248/236 161/247/235 162/249/237
f 167/248/236 162/249/237 166/250/238
f 166/250/238 162/249/237 163/251/239
f 166/250/238 163/251/239 165/252/240
f 165/252/240 163/251/239 164/253/241
f 165/252/240 164/253/241 159/254/224
f 159/254/224 164/253/241 158/255/223
f 117/256/242 116/257/233 173/258/243
f 173/258/243 116/257/233 172/259/232
f 119/260/244 175/261/245 112/262/246
f 112/262/246 175/261/245 176/263/247
f 112/262/246 176/263/247 185/264/248
f 185/264/248 176/263/247 177/265/249
f 185/264/248 177/265/249 184/266/250
f 184/266/250 177/265/249 178/267/251
f 184/266/250 178/267/251 183/268/252
f 183/268/252 178/267/251 179/269/253
f 183/268/252 179/269/253 182/270/254
f 182/270/254 179/269/253 180/271/255
f 182/270/254 180/271/255 181/272/256
f 181/272/256 180/271/255 122/273/188
f 181/272/256 122/273/188 121/274/186
f 175/261/245 119/260/244 174/275/257
f 174/275/257 119/260/244 118/276/258
f 174/275/257 118/276/258 173/277/243
f 173/277/243 118/276/258 117/278/242
f 187/279/259 233/280/260 186/281/261
f 186/281/261 233/280/260 210/282/262
f 186/283/261 210/284/262 209/285/263
f 209/285/263 210/284/262 211/286/264
f 209/285/263 211/286/264 208/287/265
f 208/287/265 211/286/264 212/288/266
f 208/287/265 212/288/266 207/289/267
f 207/289/267 212/288/266 213/290/268
f 207/289/267 213/290/268 206/291/269
f 206/291/269 213/290/268 214/292/270
f 206/291/269 214/292/270 205/293/271
f 205/293/271 214/292/270 215/294/272
f 205/293/271 215/294/272 204/295/273
f 204/295/273 215/294/272 216/296/274
f 204/295/273 216/296/274 203/297/275
f 203/297/275 216/296/274 217/298/276
f 203/297/275 217/298/276 202/299/277
f 202/299/277 217/298/276 218/300/278
f 202/299/277 218/300/278 201/301/279
f 201/301/279 218/300/278 219/302/280
f 201/301/279 219/302/280 200/303/281
f 200/303/281 219/302/280 220/304/282
f 200/303/281 220/304/282 199/305/283
f 199/305/283 220/304/282 221/306/284
f 199/305/283 221/306/284 198/307/285
f 198/307/285 221/306/284 222/308/286
f 198/307/285 222/308/286 197/309/287
f 197/309/287 222/308/286 223/310/288
f 197/309/287 223/310/288 196/311/289
f 196/311/289 223/310/288 224/312/290
f 196/311/289 224/312/290 195/313/291
f 195/313/291 224/312/290 225/314/292
f 195/313/291 225/314/292 194/315/293
f 194/315/293 225/314/292 226/316/294
f 194/315/293 226/316/294 193/317/295
f 193/317/295 226/316/294 227/318/296
f 193/317/295 227/318/296 192/319/297
f 192/319/297 227/318/296 228/320/298
f 192/319/297 228/320/298 191/321/299
f 191/321/299 228/320/298 229/322/300
f 191/321/299 229/322/300 190/323/301
f 190/323/301 229/322/300 230/324/302
f 190/323/301 230/324/302 189/325/303
f 189/325/303 230/324/302 231/326/304
f 189/325/303 231/326/304 188/327/305
f 188/327/305 231/326/304 232/328/306
f 188/327/305 232/328/306 187/279/259
f 187/279/259 232/328/306 233/280/260
f 209/329/307 199/330/308 186/331/309
f 186/331/309 199/330/308 198/332/310
f 186/331/309 198/332/310 187/333/311
f 187/333/311 198/332/310 197/334/312
f 187/333/311 197/334/312 188/335/313
f 188/335/313 197/334/312 196/336/314
f 188/335/313 196/336/314 189/337/315
f 189/337/315 196/336/314 195/338/316
f 189/337/315 195/338/316 190/339/317
f 190/339/317 195/338/316 194/340/318
f 190/339/317 194/340/318 191/341/319
f 191/341/319 194/340/318 193/342/320
f 191/341/319 193/342/320 192/343/321
f 199/330/308 209/329/307 200/344/322
f 200/344/322 209/329/307 208/345/323
f 200/344/322 208/345/323 201/346/324
f 201/346/324 208/345/323 207/347/325
f 201/346/324 207/347/325 202/348/326
f 202/348/326 207/347/325 206/349/327
f 202/348/326 206/349/327 203/350/328
f 203/350/328 206/349/327 205/351/329
f 203/350/328 205/351/329 204/352/330
f 235/353/331 281/354/332 234/355/333
f 234/355/333 281/354/332 258/356/334
f 234/357/333 258/358/334 257/359/335
f 257/359/335 258/358/334 259/360/336
f 257/359/335 259/360/336 256/361/337
f 256/361/337 259/360/336 260/362/338
f 256/361/337 260/362/338 255/363/339
f 255/363/339 260/362/338 261/364/340
f 255/363/339 261/364/340 254/365/341
f 254/365/341 261/364/340 262/366/342
f 254/365/341 262/366/342 253/367/343
f 253/367/343 262/366/342 263/368/344
f 253/367/343 263/368/344 252/369/345
f 252/369/345 263/368/344 264/370/346
f 252/369/345 264/370/346 251/371/347
f 251/371/347 264/370/346 265/372/348
f 251/371/347 265/372/348 250/373/349
f 250/373/349 265/372/348 266/374/350
f 250/373/349 266/374/350 249/375/351
f 249/375/351 266/374/350 267/376/352
f 249/375/351 267/376/352 248/377/353
f 248/377/353 267/376/352 268/378/354
f 248/377/353 268/378/354 247/379/355
f 247/379/355 268/378/354 269/380/356
f 247/379/355 269/380/356 246/381/357
f 246/381/357 269/380/356 270/382/358
f 246/381/357 270/382/358 245/383/359
f 245/383/359 270/382/358 271/384/360
f 245/383/359 271/384/360 244/385/361
f 244/385/361 271/384/360 272/386/362
f 244/385/361 272/386/362 243/387/363
f 243/387/363 272/386/362 273/388/364
f 243/387/363 273/388/364 242/389/365
f 242/389/365 273/388/364 274/390/366
f 242/389/365 274/390/366 241/391/367
f 241/391/367 274/390/366 275/392/368
f 241/391/367 275/392/368 240/393/369
f 240/393/369 275/392/368 276/394/370
f 240/393/369 276/394/370 239/395/371
f 239/395/371 276/394/370 277/396/372
f 239/395/371 277/396/372 238/397/373
f 238/397/373 277/396/372 278/398/374
f 238/397/373 278/398/374 237/399/375
f 237/399/375 278/398/374 279/400/376
f 237/399/375 279/400/376 236/401/377
f 236/401/377 279/400/376 280/402/378
f 236/401/377 280/402/378 235/353/331
f 235/353/331 280/402/378 281/354/332
f 257/403/379 247/404/380 234/405/381
f 234/405/381 247/404/380 246/406/382
f 234/405/381 246/406/382 235/407/383
f 235/407/383 246/406/382 245/408/384
f 235/407/383 245/408/384 236/409/385
f 236/409/385 245/408/384 244/410/386
f 236/409/385 244/410/386 237/411/387
f 237/411/387 244/410/386 243/412/388
f 237/411/387 243/412/388 238/413/389
f 238/413/389 243/412/388 242/414/390
f 238/413/389 242/414/390 239/415/391
f 239/415/391 242/414/390 241/416/392
f 239/415/391 241/416/392 240/417/393
f 247/404/380 257/403/379 248/418/394
f 248/418/394 257/403/379 256/419/395
f 248/418/394 256/419/395 249/420/396
f 249/420/396 256/419/395 255/421/397
f 249/420/396 255/421/397 250/422/398
f 250/422/398 255/421/397 254/423/399
f 250/422/398 254/423/399 251/424/400
f 251/424/400 254/423/399 253/425/401
f 251/424/400 253/425/401 252/426/402
f 283/427/403 329/428/404 282/429/405
f 282/429/405 329/428/404 306/430/406
f 282/431/405 306/432/406 305/433/407
f 305/433/407 306/432/406 307/434/408
f 305/433/407 307/434/408 304/435/409
f 304/435/409 307/434/408 308/436/410
f 304/435/409 308/436/410 303/437/411
f 303/437/411 308/436/410 309/438/412
f 303/437/411 309/438/412 302/439/413
f 302/439/413 309/438/412 310/440/414
f 302/439/413 310/440/414 301/441/415
f 301/441/415 310/440/414 311/442/416
f 301/441/415 311/442/416 300/443/417
f 300/443/417 311/442/416 312/444/418
f 300/443/417 312/444/418 299/445/419
f 299/445/419 312/444/418 313/446/420
f 299/445/419 313/446/420 298/447/421
f 298/447/421 313/446/420 314/448/422
f 298/447/421 314/448/422 297/449/423
f 297/449/423 314/448/422 315/450/424
f 297/449/423 315/450/424 296/451/425
f 296/451/425 315/450/424 316/452/426
f 296/451/425 316/452/426 295/453/427
f 295/453/427 316/452/426 317/454/428
f 295/453/427 317/454/428 294/455/429
f 294/455/429 317/454/428 318/456/430
f 294/455/429 318/456/430 293/457/431
f 293/457/431 318/456/430 319/458/432
f 293/457/431 319/458/432 292/459/433
f 292/459/433 319/458/432 320/460/434
f 292/459/433 320/460/434 291/461/435
f 291/461/435 320/460/434 321/462/436
f 291/461/435 321/462/436 290/463/437
f 290/463/437 321/462/436 322/464/438
f 290/463/437 322/464/438 289/465/439
f 289/465/439 322/464/438 323/466/440
f 289/465/439 323/466/440 288/467/441
f 288/467/441 323/466/440 324/468/442
f 288/467/441 324/468/442 287/469/443
f 287/469/443 324/468/442 325/470/444
f 287/469/443 325/470/444 286/471/445
f 286/471/445 325/470/444 326/472/446
f 286/471/445 326/472/446 285/473/447
f 285/473/447 326/472/446 327/474/448
f 285/473/447 327/474/448 284/475/449
f 284/475/449 327/474/448 328/476/450
f 284/475/449 328/476/450 283/427/403
f 283/427/403 328/476/450 329/428/404
f 305/477/451 295/478/452 282/479/453
f 282/479/453 295/478/452 294/480/454
f 282/479/453 294/480/454 283/481/455
f 283/481/455 294/480/454 293/482/456
f 283/481/455 293/482/456 284/483/457
f 284/483/457 293/482/456 292/484/458
f 284/483/457 292/484/458 285/485/459
f 285/485/459 292/484/458 291/486/460
f 285/485/459 291/486/460 286/487/461
f 286/487/461 291/486/460 290/488/462
f 286/487/461 290/488/462 287/489/463
f 287/489/463 290/488/462 289/490/464
f 287/489/463 289/490/464 288/491/465
f 295/478/452 305/477/451 296/492/466
f 296/492/466 305/477/451 304/493/467
f 296/492/466 304/493/467 297/494/468
f 297/494/468 304/493/467 303/495/469
f 297/494/468 303/495/469 298/496/470
f 298/496/470 303/495/469 302/497/471
f 298/496/470 302/497/471 299/498/472
f 299/498/472 302/497/471 301/499/473
f 299/498/472 301/499/473 300/500/474
f 331/501/475 377/502/476 330/503/477
f 330/503/477 377/502/476 354/504/478
f 330/505/477 354/506/478 353/507/479
f 353/507/479 354/506/478 355/508/480
f 353/507/479 355/508/480 352/509/481
f 352/509/481 355/508/480 356/510/482
f 352/509/481 356/510/482 351/511/483
f 351/511/483 356/510/482 357/512/484
f 351/511/483 357/512/484 350/513/485
f 350/513/485 357/512/484 358/514/486
f 350/513/485 358/514/486 349/515/487
f 349/515/487 358/514/486 359/516/488
f 349/515/487 359/516/488 348/517/489
f 348/517/489 359/516/488 360/518/490
f 348/517/489 360/518/490 347/519/491
f 347/519/491 360/518/490 361/520/492
f 347/519/491 361/520/492 346/521/493
f 346/521/493 361/520/492 362/522/494
f 346/521/493 362/522/494 345/523/495
f 345/523/495 362/522/494 363/524/496
f 345/523/495 363/524/496 344/525/497
f 344/525/497 363/524/496 364/526/498
f 344/525/497 364/526/498 343/527/499
f 343/527/499 364/526/498 365/528/500
f 343/527/499 365/528/500 342/529/501
f 342/529/501 365/528/500 366/530/502
f 342/529/501 366/530/502 341/531/503
f 341/531/503 366/530/502 367/532/504
f 341/531/503 367/532/504 340/533/505
f 340/533/505 367/532/504 368/534/506
f 340/533/505 368/534/506 339/535/507
f 339/535/507 368/534/506 369/536/508
f 339/535/507 369/536/508 338/537/509
f 338/537/509 369/536/508 370/538/510
f 338/537/509 370/538/510 337/539/511
f 337/539/511 370/538/510 371/540/512
f 337/539/511 371/540/512 336/541/513
f 336/541/513 371/540/512 372/542/514
f 336/541/513 372/542/514 335/543/515
f 335/543/515 372/542/514 373/544/516
f 335/543/515 373/544/516 334/545/517
f 334/545/517 373/544/516 374/546/518
f 334/545/517 374/546/518 333/547/519
f 333/547/519 374/546/518 375/548/520
f 333/547/519 375/548/520 332/549/521
f 332/549/521 375/548/520 376/550/522
f 332/549/521 376/550/522 331/501/475
f 331/501/475 376/550/522 377/502/476
f 353/551/523 343/552/524 330/553/525
f 330/553/525 343/552/524 342/554/526
f 330/553/525 342/554/526 331/555/527
f 331/555/527 342/554/526 341/556/528
f 331/555/527 341/556/528 332/557/529
f 332/557/529 341/556/528 340/558/530
f 332/557/529 340/558/530 333/559/531
f 333/559/531 340/558/530 339/560/532
f 333/559/531 339/560/532 334/561/533
f 334/561/533 339/560/532 338/562/534
f 334/561/533 338/562/534 335/563/535
f 335/563/535 338/562/534 337/564/536
f 335/563/535 337/564/536 336/565/537
f 343/552/524 353/551/523 344/566/538
f 344/566/538 353/551/523 352/567/539
f 344/566/538 352/567/539 345/568/540
f 345/568/540 352/567/539 351/569/541
f 345/568/540 351/569/541 346/570/542
f 346/570/542 351/569/541 350/571/543
f 346/570/542 350/571/543 347/572/544
f 347/572/544 350/571/543 349/573/545
f 347/572/544 349/573/545 348/574/546
f 379/575/547 425/576/548 378/577/549
f 378/577/549 425/576/548 402/578/550
f 378/579/549 402/580/550 401/581/551
f 401/581/551 402/580/550 403/582/552
f 401/581/551 403/582/552 400/583/553
f 400/583/553 403/582/552 404/584/554
f 400/583/553 404/584/554 399/585/555
f 399/585/555 404/584/554 405/586/556
f 399/585/555 405/586/556 398/587/557
f 398/587/557 405/586/556 406/588/558
f 398/587/557 406/588/558 397/589/559
f 397/589/559 406/588/558 407/590/560
f 397/589/559 407/590/560 396/591/561
f 396/591/561 407/590/560 408/592/562
f 396/591/561 408/592/562 395/593/563
f 395/593/563 408/592/562 409/594/564
f 395/593/563 409/594/564 394/595/565
f 394/595/565 409/594/564 410/596/566
f 394/595/565 410/596/566 393/597/567
f 393/597/567 410/596/566 411/598/568
f 393/597/567 411/598/568 392/599/569
f 392/599/569 411/598/568 412/600/570
f 392/599/569 412/600/570 391/601/571
f 391/601/571 412/600/570 413/602/572
f 391/601/571 413/602/572 390/603/573
f 390/603/573 413/602/572 414/604/574
f 390/603/573 414/604/574 389/605/575
f 389/605/575 414/604/574 415/606/576
f 389/605/575 415/606/576 388/607/577
f 388/607/577 415/606/576 416/608/578
f 388/607/577 416/608/578 387/609/579
f 387/609/579 416/608/578 417/610/580
f 387/609/579 417/610/580 386/611/581
f 386/611/581 417/610/580 418/612/582
f 386/611/581 418/612/582 385/613/583
f 385/613/583 418/612/582 419/614/584
f 385/613/583 419/614/584 384/615/585
f 384/615/585 419/614/584 420/616/586
f 384/615/585 420/616/586 383/617/587
f 383/617/587 420/616/586 421/618/588
f 383/617/587 421/618/588 382/619/589
f 382/619/589 421/618/588 422/620/590
f 382/619/589 422/620/590 381/621/591
f 381/621/591 422/620/590 423/622/592
f 381/621/591 423/622/592 380/623/593
f 380/623/593 423/622/592 424/624/594
f 380/623/593 424/624/594 379/575/547
f 379/575/547 424/624/594 425/576/548
f 401/625/595 391/626/596 378/627/597
f 378/627/597 391/626/596 390/628/598
f 378/627/597 390/628/598 379/629/599
f 379/629/599 390/628/598 389/630/600
f 379/629/599 389/630/600 380/631/601
f 380/631/601 389/630/600 388/632/602
f 380/631/601 388/632/602 381/633/603
f 381/633/603 388/632/602 387/634/604
f 381/633/603 387/634/604 382/635/605
f 382/635/605 387/634/604 386/636/606
f 382/635/605 386/636/606 383/637/607
f 383/637/607 386/636/606 385/638/608
f 383/637/607 385/638/608 384/639/609
f 391/626/596 401/625/595 392/640/610
f 392/640/610 401/625/595 400/641/611
f 392/640/610 400/641/611 393/642/612
f 393/642/612 400/641/611 399/643/613
f 393/642/612 399/643/613 394/644/614
f 394/644/614 399/643/613 398/645/615
f 394/644/614 398/645/615 395/646/616
f 395/646/616 398/645/615 397/647/617
f 395/646/616 397/647/617 396/648/618
f 427/649/619 473/650/620 426/651/621
f 426/651/621 473/650/620 450/652/622
f 426/653/621 450/654/622 449/655/623
f 449/655/623 450/654/622 451/656/624
f 449/655/623 451/656/624 448/657/625
f 448/657/625 451/656/624 452/658/626
f 448/657/625 452/658/626 447/659/627
f 447/659/627 452/658/626 453/660/628
f 447/659/627 453/660/628 446/661/629
f 446/661/629 453/660/628 454/662/630
f 446/661/629 454/662/630 445/663/631
f 445/663/631 454/662/630 455/664/632
f 445/663/631 455/664/632 444/665/633
f 444/665/633 455/664/632 456/666/634
f 444/665/633 456/666/634 443/667/635
f 443/667/635 456/666/634 457/668/636
f 443/667/635 457/668/636 442/669/637
f 442/669/637 457/668/636 458/670/638
f 442/669/637 458/670/638 441/671/639
f 441/671/639 458/670/638 459/672/640
f 441/671/639 459/672/640 440/673/641
f 440/673/641 459/672/640 460/674/642
f 440/673/641 460/674/642 439/675/643
f 439/675/643 460/674/642 461/676/644
f 439/675/643 461/676/644 438/677/645
f 438/677/645 461/676/644 462/678/646
f 438/677/645 462/678/646 437/679/647
f 437/679/647 462/678/646 463/680/648
f 437/679/647 463/680/648 436/681/649
f 436/681/649 463/680/648 464/682/650
f 436/681/649 464/682/650 435/683/651
f 435/683/651 464/682/650 465/684/652
f 435/683/651 465/684/652 434/685/653
f 434/685/653 465/684/652 466/686/654
f 434/685/653 466/686/654 433/687/655
f 433/687/655 466/686/654 467/688/656
f 433/687/655 467/688/656 432/689/657
f 432/689/657 467/688/656 468/690/658
f 432/689/657 468/690/658 431/691/659
f 431/691/659 468/690/658 469/692/660
f 431/691/659 469/692/660 430/693/661
f 430/693/661 469/692/660 470/694/662
f 430/693/661 470/694/662 429/695/663
f 429/695/663 470/694/662 471/696/664
f 429/695/663 471/696/664 428/697/665
f 428/697/665 471/696/664 472/698/666
f 428/697/665 472/698/666 427/649/619
f 427/649/619 472/698/666 473/650/620
f 449/699/667 439/700/668 426/701/669
f 426/701/669 439/700/668 438/702/670
f 426/701/669 438/702/670 427/703/671
f 427/703/671 438/702/670 437/704/672
f 427/703/671 437/704/672 428/705/673
f 428/705/673 437/704/672 436/706/674
f 428/705/673 436/706/674 429/707/675
f 429/707/675 436/706/674 435/708/676
f 429/707/675 435/708/676 430/709/677
f 430/709/677 435/708/676 434/710/678
f 430/709/677 434/710/678 431/711/679
f 431/711/679 434/710/678 433/712/680
f 431/711/679 433/712/680 432/713/681
f 439/700/668 449/699/667 440/714/682
f 440/714/682 449/699/667 448/715/683
f 440/714/682 448/715/683 441/716/684
f 441/716/684 448/715/683 447/717/685
f 441/716/684 447/717/685 442/718/686
f 442/718/686 447/717/685 446/719/687
f 442/718/686 446/719/687 443/720/688
f 443/720/688 446/719/687 445/721/689
f 443/720/688 445/721/689 444/722/690
f 475/723/691 521/724/692 474/725/693
f 474/725/693 521/724/692 498/726/694
f 474/727/693 498/728/694 497/729/695
f 497/729/695 498/728/694 499/730/696
f 497/729/695 499/730/696 496/731/697
f 496/731/697 499/730/696 500/732/698
f 496/731/697 500/732/698 495/733/699
f 495/733/699 500/732/698 501/734/700
f 495/733/699 501/734/700 494/735/701
f 494/735/701 501/734/700 502/736/702
f 494/735/701 502/736/702 493/737/703
f 493/737/703 502/736/702 503/738/704
f 493/737/703 503/738/704 492/739/705
f 492/739/705 503/738/704 504/740/706
f 492/739/705 504/740/706 491/741/707
f 491/741/707 504/740/706 505/742/708
f 491/741/707 505/742/708 490/743/709
f 490/743/709 505/742/708 506/744/710
f 490/743/709 506/744/710 489/745/711
f 489/745/711 506/744/710 507/746/712
f 489/745/711 507/746/712 488/747/713
f 488/747/713 507/746/712 508/748/714
f 488/747/713 508/748/714 487/749/715
f 487/749/715 508/748/714 509/750/716
f 487/749/715 509/750/716 486/751/717
f 486/751/717 509/750/716 510/752/718
f 486/751/717 510/752/718 485/753/719
f 485/753/719 510/752/718 511/754/720
f 485/753/719 511/754/720 484/755/721
f 484/755/721 511/754/720 512/756/722
f 484/755/721 512/756/722 483/757/723
f 483/757/723 512/756/722 513/758/724
f 483/757/723 513/758/724 482/759/725
f 482/759/725 513/758/724 514/760/726
f 482/759/725 514/760/726 481/761/727
f 481/761/727 514/760/726 515/762/728
f 481/761/727 515/762/728 480/763/729
f 480/763/729 515/762/728 516/764/730
f 480/763/729 516/764/730 479/765/731
f 479/765/731 516/764/730 517/766/732
f 479/765/731 517/766/732 478/767/733
f 478/767/733 517/766/732 518/768/734
f 478/767/733 518/768/734 477/769/735
f 477/769/735 518/768/734 519/770/736
f 477/769/735 519/770/736 476/771/737
f 476/771/737 519/770/736 520/772/738
f 476/771/737 520/772/738 475/723/691
f 475/723/691 520/772/738 521/724/692
f 497/773/739 487/774/740 474/775/741
f 474/775/741 487/774/740 486/776/742
f 474/775/741 486/776/742 475/777/743
f 475/777/743 486/776/742 485/778/744
f 475/777/743 485/778/744 476/779/745
f 476/779/745 485/778/744 484/780/746
f 476/779/745 484/780/746 477/781/747
f 477/781/747 484/780/746 483/782/748
f 477/781/747 483/782/748 478/783/749
f 478/783/749 483/782/748 482/784/750
f 478/783/749 482/784/750 479/785/751
f 479/785/751 482/784/750 481/786/752
f 479/785/751 481/786/752 480/787/753
f 487/774/740 497/773/739 488/788/754
f 488/788/754 497/773/739 496/789/755
f 488/788/754 496/789/755 489/790/756
f 489/790/756 496/789/755 495/791/757
f 489/790/756 495/791/757 490/792/758
f 490/792/758 495/791/757 494/793/759
f 490/792/758 494/793/759 491/794/760
f 491/794/760 494/793/759 493/795/761
f 491/794/760 493/795/761 492/796/762
f 523/797/763 569/798/764 522/799/765
f 522/799/765 569/798/764 546/800/766
f 522/801/765 546/802/766 545/803/767
f 545/803/767 546/802/766 547/804/768
f 545/803/767 547/804/768 544/805/769
f 544/805/769 547/804/768 548/806/770
f 544/805/769 548/806/770 543/807/771
f 543/807/771 548/806/770 549/808/772
f 543/807/771 549/808/772 542/809/773
f 542/809/773 549/808/772 550/810/774
f 542/809/773 550/810/774 541/811/775
f 541/811/775 550/810/774 551/812/776
f 541/811/775 551/812/776 540/813/777
f 540/813/777 551/812/776 552/814/778
f 540/813/777 552/814/778 539/815/779
f 539/815/779 552/814/778 553/816/780
f 539/815/779 553/816/780 538/817/781
f 538/817/781 553/816/780 554/818/782
f 538/817/781 554/818/782 537/819/783
f 537/819/783 554/818/782 555/820/784
f 537/819/783 555/820/784 536/821/785
f 536/821/785 555/820/784 556/822/786
f 536/821/785 556/822/786 535/823/787
f 535/823/787 556/822/786 557/824/788
f 535/823/787 557/824/788 534/825/789
f 534/825/789 557/824/788 558/826/790
f 534/825/789 558/826/790 533/827/791
f 533/827/791 558/826/790 559/828/792
f 533/827/791 559/828/792 532/829/793
f 532/829/793 559/828/792 560/830/794
f 532/829/793 560/830/794 531/831/795
f 531/831/795 560/830/794 561/832/796
f 531/831/795 561/832/796 530/833/797
f 530/833/797 561/832/796 562/834/798
f 530/833/797 562/834/798 529/835/799
f 529/835/799 562/834/798 563/836/800
f 529/835/799 563/836/800 528/837/801
f 528/837/801 563/836/800 564/838/802
f 528/837/801 564/838/802 527/839/803
f 527/839/803 564/838/802 565/840/804
f 527/839/803 565/840/804 526/841/805
f 526/841/805 565/840/804 566/842/806
f 526/841/805 566/842/806 525/843/807
f 525/843/807 566/842/806 567/844/808
f 525/843/807 567/844/808 524/845/809
f 524/845/809 567/844/808 568/846/810
f 524/845/809 568/846/810 523/797/763
f 523/797/763 568/846/810 569/798/764
f 545/847/811 535/848/812 522/849/813
f 522/849/813 535/848/812 534/850/814
f 522/849/813 534/850/814 523/851/815
f 523/851/815 534/850/814 533/852/816
f 523/851/815 533/852/816 524/853/817
f 524/853/817 533/852/816 532/854/818
f 524/853/817 532/854/818 525/855/819
f 525/855/819 532/854/818 531/856/820
f 525/855/819 531/856/820 526/857/821
f 526/857/821 531/856/820 530/858/822
f 526/857/821 530/858/822 527/859/823
f 527/859/823 530/858/822 529/860/824
f 527/859/823 529/860/824 528/861/825
f 535/848/812 545/847/811 536/862/826
f 536/862/826 545/847/811 544/863/827
f 536/862/826 544/863/827 537/864/828
f 537/864/828 544/863/827 543/865/829
f 537/864/828 543/865/829 538/866/830
f 538/866/830 543/865/829 542/867/831
f 538/866/830 542/867/831 539/868/832
f 539/868/832 542/867/831 541/869/833
f 539/868/832 541/869/833 540/870/834
f 108/871/835 107/872/836 570/873/837
f 570/873/837 107/872/836 110/874/838
f 105/875/839 108/876/840 111/877/841
f 111/877/841 108/876/840 570/878/842
f 142/879/843 158/880/844 571/881/845
f 571/881/845 158/880/844 164/882/846
f 571/881/845 164/882/846 163/883/847
f 163/883/847 162/884/848 571/881/845
f 571/881/845 162/884/848 161/885/849
f 571/881/845 161/885/849 160/886/850
f 160/886/850 113/887/851 571/881/845
f 572/888/852 145/889/853 571/881/845
f 571/881/845 145/889/853 144/890/854
f 571/881/845 144/890/854 143/891/855
f 573/892/856 140/893/857 572/888/852
f 572/888/852 140/893/857 149/894/858
f 572/888/852 149/894/858 148/895/859
f 574/896/860 129/897/861 573/892/856
f 573/892/856 129/897/861 128/898/862
f 573/892/856 128/898/862 127/899/863
f 112/900/864 185/901/865 574/896/860
f 574/896/860 185/901/865 184/902/866
f 574/896/860 184/902/866 183/903/867
f 183/903/867 182/904/868 574/896/860
f 574/896/860 182/904/868 181/905/869
f 574/896/860 181/905/869 121/906/870
f 121/906/870 120/907/871 574/896/860
f 574/896/860 120/907/871 131/908/872
f 574/896/860 131/908/872 130/909/873
f 130/909/873 129/897/861 574/896/860
f 127/899/863 126/910/874 573/892/856
f 573/892/856 126/910/874 125/911/875
f 573/892/856 125/911/875 124/912/876
f 124/912/876 140/893/857 573/892/856
f 148/895/859 147/913/877 572/888/852
f 572/888/852 147/913/877 146/914/878
f 572/888/852 146/914/878 145/889/853
f 143/891/855 142/879/843 571/881/845
f 233/915/879 574/916/880 210/917/881
f 210/917/881 574/916/880 306/918/882
f 210/917/881 306/918/882 211/919/883
f 211/919/883 306/918/882 329/920/884
f 211/919/883 329/920/884 328/921/885
f 233/915/879 232/922/886 574/916/880
f 574/916/880 232/922/886 231/923/887
f 574/916/880 231/923/887 230/924/888
f 230/924/888 229/925/889 574/916/880
f 574/916/880 229/925/889 228/926/890
f 574/916/880 228/926/890 575/927/891
f 575/927/891 228/926/890 227/928/892
f 575/927/891 227/928/892 226/929/893
f 226/929/893 225/930/894 575/927/891
f 575/927/891 225/930/894 224/931/895
f 575/927/891 224/931/895 223/932/896
f 223/932/896 222/933/897 575/927/891
f 575/927/891 222/933/897 318/934/898
f 575/927/891 318/934/898 576/935/899
f 576/935/899 318/934/898 317/936/900
f 576/935/899 317/936/900 316/937/901
f 222/933/897 221/938/902 318/934/898
f 318/934/898 221/938/902 319/939/903
f 319/939/903 221/938/902 320/940/904
f 320/940/904 221/938/902 220/941/905
f 320/940/904 220/941/905 321/942/906
f 321/942/906 220/941/905 219/943/907
f 321/942/906 219/943/907 322/944/908
f 322/944/908 219/943/907 218/945/909
f 322/944/908 218/945/909 323/946/910
f 323/946/910 218/945/909 217/947/911
f 323/946/910 217/947/911 324/948/912
f 324/948/912 217/947/911 216/949/913
f 324/948/912 216/949/913 215/950/914
f 324/948/912 215/950/914 325/951/915
f 325/951/915 215/950/914 214/952/916
f 325/951/915 214/952/916 326/953/917
f 326/953/917 214/952/916 213/954/918
f 326/953/917 213/954/918 327/955/919
f 327/955/919 213/954/918 212/956/920
f 327/955/919 212/956/920 328/921/885
f 328/921/885 212/956/920 211/919/883
f 316/937/901 315/957/921 576/935/899
f 576/935/899 315/957/921 314/958/922
f 576/935/899 314/958/922 313/959/923
f 313/959/923 312/960/924 576/935/899
f 576/935/899 312/960/924 573/961/925
f 573/961/925 312/960/924 311/962/926
f 573/961/925 311/962/926 310/963/927
f 310/963/927 309/964/928 573/961/925
f 573/961/925 309/964/928 308/965/929
f 573/961/925 308/965/929 307/966/930
f 307/966/930 306/918/882 573/961/925
f 573/961/925 306/918/882 574/916/880
f 281/967/931 578/968/932 258/969/933
f 258/969/933 578/968/932 354/970/934
f 258/969/933 354/970/934 259/971/935
f 259/971/935 354/970/934 377/972/936
f 259/971/935 377/972/936 376/973/937
f 281/967/931 280/974/938 578/968/932
f 578/968/932 280/974/938 279/975/939
f 578/968/932 279/975/939 278/976/940
f 278/976/940 277/977/941 578/968/932
f 578/968/932 277/977/941 276/978/942
f 578/968/932 276/978/942 577/979/943
f 577/979/943 276/978/942 275/980/944
f 577/979/943 275/980/944 274/981/945
f 274/981/945 273/982/946 577/979/943
f 577/979/943 273/982/946 272/983/947
f 577/979/943 272/983/947 271/984/948
f 271/984/948 270/985/949 577/979/943
f 577/979/943 270/985/949 366/986/950
f 577/979/943 366/986/950 580/987/951
f 580/987/951 366/986/950 365/988/952
f 580/987/951 365/988/952 364/989/953
f 270/985/949 269/990/954 366/986/950
f 366/986/950 269/990/954 367/991/955
f 367/991/955 269/990/954 368/992/956
f 368/992/956 269/990/954 268/993/957
f 368/992/956 268/993/957 369/994/958
f 369/994/958 268/993/957 267/995/959
f 369/994/958 267/995/959 370/996/960
f 370/996/960 267/995/959 266/997/961
f 370/996/960 266/997/961 371/998/962
f 371/998/962 266/997/961 265/999/963
f 371/998/962 265/999/963 372/1000/964
f 372/1000/964 265/999/963 264/1001/965
f 372/1000/964 264/1001/965 263/1002/966
f 372/1000/964 263/1002/966 373/1003/967
f 373/1003/967 263/1002/966 262/1004/968
f 373/1003/967 262/1004/968 374/1005/969
f 374/1005/969 262/1004/968 261/1006/970
f 374/1005/969 261/1006/970 375/1007/971
f 375/1007/971 261/1006/970 260/1008/972
f 375/1007/971 260/1008/972 376/973/937
f 376/973/937 260/1008/972 259/971/935
f 364/989/953 363/1009/973 580/987/951
f 580/987/951 363/1009/973 362/1010/974
f 580/987/951 362/1010/974 361/1011/975
f 361/1011/975 360/1012/976 580/987/951
f 580/987/951 360/1012/976 579/1013/977
f 579/1013/977 360/1012/976 359/1014/978
f 579/1013/977 359/1014/978 358/1015/979
f 358/1015/979 357/1016/980 579/1013/977
f 579/1013/977 357/1016/980 356/1017/981
f 579/1013/977 356/1017/981 355/1018/982
f 355/1018/982 354/970/934 579/1013/977
f 579/1013/977 354/970/934 578/968/932
f 581/1019/983 577/1020/984 582/1021/985
f 582/1021/985 577/1020/984 580/1022/986
f 97/1023/987 565/1024/988 98/1025/989
f 98/1025/989 565/1024/988 564/1026/990
f 98/1025/989 564/1026/990 563/1027/991
f 103/1028/992 581/1029/993 97/1023/987
f 97/1023/987 581/1029/993 582/1030/994
f 97/1023/987 582/1030/994 498/1031/995
f 498/1031/995 582/1030/994 499/1032/996
f 499/1032/996 582/1030/994 500/1033/997
f 500/1033/997 582/1030/994 501/1034/998
f 501/1034/998 582/1030/994 502/1035/999
f 502/1035/999 582/1030/994 503/1036/1000
f 503/1036/1000 582/1030/994 504/1037/1001
f 504/1037/1001 582/1030/994 505/1038/1002
f 505/1038/1002 582/1030/994 572/1039/1003
f 505/1038/1002 572/1039/1003 506/1040/1004
f 506/1040/1004 572/1039/1003 507/1041/1005
f 507/1041/1005 572/1039/1003 549/1042/1006
f 507/1041/1005 549/1042/1006 508/1043/1007
f 508/1043/1007 549/1042/1006 548/1044/1008
f 508/1043/1007 548/1044/1008 509/1045/1009
f 509/1045/1009 548/1044/1008 547/1046/1010
f 509/1045/1009 547/1046/1010 510/1047/1011
f 510/1047/1011 547/1046/1010 546/1048/1012
f 510/1047/1011 546/1048/1012 511/1049/1013
f 511/1049/1013 546/1048/1012 569/1050/1014
f 511/1049/1013 569/1050/1014 512/1051/1015
f 512/1051/1015 569/1050/1014 568/1052/1016
f 512/1051/1015 568/1052/1016 513/1053/1017
f 513/1053/1017 568/1052/1016 567/1054/1018
f 513/1053/1017 567/1054/1018 514/1055/1019
f 514/1055/1019 567/1054/1018 566/1056/1020
f 514/1055/1019 566/1056/1020 515/1057/1021
f 515/1057/1021 566/1056/1020 565/1024/988
f 515/1057/1021 565/1024/988 97/1023/987
f 101/1058/1022 455/1059/1023 103/1028/992
f 103/1028/992 455/1059/1023 409/1060/1024
f 103/1028/992 409/1060/1024 408/1061/1025
f 98/1025/989 571/1062/1026 101/1058/1022
f 101/1058/1022 571/1062/1026 463/1063/1027
f 101/1058/1022 463/1063/1027 462/1064/1028
f 581/1029/993 418/1065/1029 571/1062/1026
f 571/1062/1026 418/1065/1029 417/1066/1030
f 571/1062/1026 417/1066/1030 471/1067/1031
f 471/1067/1031 417/1066/1030 472/1068/1032
f 472/1068/1032 417/1066/1030 416/1069/1033
f 472/1068/1032 416/1069/1033 473/1070/1034
f 473/1070/1034 416/1069/1033 415/1071/1035
f 473/1070/1034 415/1071/1035 450/1072/1036
f 450/1072/1036 415/1071/1035 414/1073/1037
f 450/1072/1036 414/1073/1037 451/1074/1038
f 451/1074/1038 414/1073/1037 413/1075/1039
f 451/1074/1038 413/1075/1039 452/1076/1040
f 452/1076/1040 413/1075/1039 412/1077/1041
f 452/1076/1040 412/1077/1041 453/1078/1042
f 453/1078/1042 412/1077/1041 411/1079/1043
f 453/1078/1042 411/1079/1043 454/1080/1044
f 454/1080/1044 411/1079/1043 410/1081/1045
f 454/1080/1044 410/1081/1045 455/1059/1023
f 455/1059/1023 410/1081/1045 409/1060/1024
f 571/1062/1026 98/1025/989 572/1039/1003
f 572/1039/1003 98/1025/989 557/1082/1046
f 572/1039/1003 557/1082/1046 556/1083/1047
f 563/1027/991 562/1084/1048 98/1025/989
f 98/1025/989 562/1084/1048 561/1085/1049
f 98/1025/989 561/1085/1049 560/1086/1050
f 560/1086/1050 559/1087/1051 98/1025/989
f 98/1025/989 559/1087/1051 558/1088/1052
f 98/1025/989 558/1088/1052 557/1082/1046
f 556/1083/1047 555/1089/1053 572/1039/1003
f 572/1039/1003 555/1089/1053 554/1090/1054
f 572/1039/1003 554/1090/1054 553/1091/1055
f 553/1091/1055 552/1092/1056 572/1039/1003
f 572/1039/1003 552/1092/1056 551/1093/1057
f 572/1039/1003 551/1093/1057 550/1094/1058
f 550/1094/1058 549/1042/1006 572/1039/1003
f 498/1031/995 521/1095/1059 97/1023/987
f 97/1023/987 521/1095/1059 520/1096/1060
f 97/1023/987 520/1096/1060 519/1097/1061
f 519/1097/1061 518/1098/1062 97/1023/987
f 97/1023/987 518/1098/1062 517/1099/1063
f 97/1023/987 517/1099/1063 516/1100/1064
f 516/1100/1064 515/1057/1021 97/1023/987
f 471/1067/1031 470/1101/1065 571/1062/1026
f 571/1062/1026 470/1101/1065 469/1102/1066
f 571/1062/1026 469/1102/1066 468/1103/1067
f 468/1103/1067 467/1104/1068 571/1062/1026
f 571/1062/1026 467/1104/1068 466/1105/1069
f 571/1062/1026 466/1105/1069 465/1106/1070
f 465/1106/1070 464/1107/1071 571/1062/1026
f 571/1062/1026 464/1107/1071 463/1063/1027
f 462/1064/1028 461/1108/1072 101/1058/1022
f 101/1058/1022 461/1108/1072 460/1109/1073
f 101/1058/1022 460/1109/1073 459/1110/1074
f 459/1110/1074 458/1111/1075 101/1058/1022
f 101/1058/1022 458/1111/1075 457/1112/1076
f 101/1058/1022 457/1112/1076 456/1113/1077
f 456/1113/1077 455/1059/1023 101/1058/1022
f 403/1114/1078 402/1115/1079 103/1028/992
f 103/1028/992 402/1115/1079 425/1116/1080
f 103/1028/992 425/1116/1080 581/1029/993
f 581/1029/993 425/1116/1080 424/1117/1081
f 581/1029/993 424/1117/1081 423/1118/1082
f 423/1118/1082 422/1119/1083 581/1029/993
f 581/1029/993 422/1119/1083 421/1120/1084
f 581/1029/993 421/1120/1084 420/1121/1085
f 420/1121/1085 419/1122/1086 581/1029/993
f 581/1029/993 419/1122/1086 418/1065/1029
f 408/1061/1025 407/1123/1087 103/1028/992
f 103/1028/992 407/1123/1087 406/1124/1088
f 103/1028/992 406/1124/1088 405/1125/1089
f 405/1125/1089 404/1126/1090 103/1028/992
f 103/1028/992 404/1126/1090 403/1114/1078
f 48/1127/1091 584/1128/1092 25/1129/1093
f 25/1129/1093 584/1128/1092 572/1130/1094
f 25/1129/1093 572/1130/1094 26/1131/1095
f 26/1131/1095 572/1130/1094 27/1132/1096
f 27/1132/1096 572/1130/1094 28/1133/1097
f 28/1133/1097 572/1130/1094 29/1134/1098
f 29/1134/1098 572/1130/1094 30/1135/1099
f 30/1135/1099 572/1130/1094 31/1136/1100
f 31/1136/1100 572/1130/1094 582/1137/1101
f 31/1136/1100 582/1137/1101 79/1138/1102
f 79/1138/1102 582/1137/1101 80/1139/1103
f 80/1139/1103 582/1137/1101 81/1140/1104
f 81/1140/1104 582/1137/1101 82/1141/1105
f 82/1141/1105 582/1137/1101 83/1142/1106
f 83/1142/1106 582/1137/1101 84/1143/1107
f 84/1143/1107 582/1137/1101 85/1144/1108
f 85/1144/1108 582/1137/1101 583/1145/1109
f 85/1144/1108 583/1145/1109 86/1146/1110
f 86/1146/1110 583/1145/1109 87/1147/1111
f 87/1147/1111 583/1145/1109 88/1148/1112
f 88/1148/1112 583/1145/1109 89/1149/1113
f 89/1149/1113 583/1145/1109 90/1150/1114
f 90/1150/1114 583/1145/1109 91/1151/1115
f 91/1151/1115 583/1145/1109 584/1128/1092
f 91/1151/1115 584/1128/1092 43/1152/1116
f 43/1152/1116 584/1128/1092 44/1153/1117
f 44/1153/1117 584/1128/1092 45/1154/1118
f 45/1154/1118 584/1128/1092 46/1155/1119
f 46/1155/1119 584/1128/1092 47/1156/1120
f 47/1156/1120 584/1128/1092 48/1127/1091
f 91/1151/1115 43/1152/1116 92/1157/1121
f 92/1157/1121 43/1152/1116 42/1158/1122
f 92/1157/1121 42/1158/1122 93/1159/1123
f 93/1159/1123 42/1158/1122 41/1160/1124
f 93/1159/1123 41/1160/1124 94/1161/1125
f 94/1161/1125 41/1160/1124 40/1162/1126
f 94/1161/1125 40/1162/1126 95/1163/1127
f 95/1163/1127 40/1162/1126 39/1164/1128
f 95/1163/1127 39/1164/1128 96/1165/1129
f 96/1165/1129 39/1164/1128 38/1166/1130
f 96/1165/1129 38/1166/1130 73/1167/1131
f 73/1167/1131 38/1166/1130 37/1168/1132
f 73/1167/1131 37/1168/1132 74/1169/1133
f 74/1169/1133 37/1168/1132 36/1170/1134
f 74/1169/1133 36/1170/1134 75/1171/1135
f 75/1171/1135 36/1170/1134 35/1172/1136
f 75/1171/1135 35/1172/1136 76/1173/1137
f 76/1173/1137 35/1172/1136 34/1174/1138
f 76/1173/1137 34/1174/1138 77/1175/1139
f 77/1175/1139 34/1174/1138 33/1176/1140
f 77/1175/1139 33/1176/1140 78/1177/1141
f 78/1177/1141 33/1176/1140 32/1178/1142
f 78/1177/1141 32/1178/1142 79/1138/1102
f 79/1138/1102 32/1178/1142 31/1136/1100
f 580/1179/1143 579/1180/1144 582/1137/1101
f 582/1137/1101 579/1180/1144 583/1145/1109
f 584/1128/1092 576/1181/1145 572/1130/1094
f 572/1130/1094 576/1181/1145 573/1182/1146
f 578/1183/1147 577/1184/1148 586/1185/1149
f 586/1185/1149 577/1184/1148 653/1186/1150
f 586/1185/1149 653/1186/1150 585/1187/1151
f 585/1187/1151 653/1186/1150 654/1188/1152
f 585/1187/1151 654/1188/1152 574/1189/1153
f 574/1189/1153 654/1188/1152 655/1190/1154
f 574/1189/1153 655/1190/1154 675/1191/1155
f 675/1191/1155 655/1190/1154 656/1192/1156
f 675/1191/1155 656/1192/1156 674/1193/1157
f 674/1193/1157 656/1192/1156 657/1194/1158
f 674/1193/1157 657/1194/1158 673/1195/1159
f 673/1195/1159 657/1194/1158 658/1196/1160
f 673/1195/1159 658/1196/1160 672/1197/1161
f 672/1197/1161 658/1196/1160 635/1198/1162
f 672/1197/1161 635/1198/1162 671/1199/1163
f 671/1199/1163 635/1198/1162 636/1200/1164
f 671/1199/1163 636/1200/1164 670/1201/1165
f 670/1201/1165 636/1200/1164 637/1202/1166
f 670/1201/1165 637/1202/1166 669/1203/1167
f 669/1203/1167 637/1202/1166 638/1204/1168
f 669/1203/1167 638/1204/1168 668/1205/1169
f 668/1205/1169 638/1204/1168 639/1206/1170
f 668/1205/1169 639/1206/1170 667/1207/1171
f 667/1207/1171 639/1206/1170 627/1208/1172
f 667/1207/1171 627/1208/1172 113/1209/1173
f 113/1209/1173 627/1208/1172 628/1210/1174
f 113/1209/1173 628/1210/1174 629/1211/1175
f 581/1212/1176 643/1213/1177 577/1184/1148
f 577/1184/1148 643/1213/1177 644/1214/1178
f 577/1184/1148 644/1214/1178 645/1215/1179
f 571/1216/1180 593/1217/1181 581/1212/1176
f 581/1212/1176 593/1217/1181 594/1218/1182
f 581/1212/1176 594/1218/1182 595/1219/1183
f 113/1209/1173 611/1220/1184 571/1216/1180
f 571/1216/1180 611/1220/1184 612/1221/1185
f 571/1216/1180 612/1221/1185 613/1222/1186
f 113/1209/1173 112/1223/1187 667/1207/1171
f 667/1207/1171 112/1223/1187 666/1224/1188
f 666/1224/1188 112/1223/1187 665/1225/1189
f 665/1225/1189 112/1223/1187 664/1226/1190
f 664/1226/1190 112/1223/1187 663/1227/1191
f 663/1227/1191 112/1223/1187 662/1228/1192
f 662/1228/1192 112/1223/1187 661/1229/1193
f 661/1229/1193 112/1223/1187 660/1230/1194
f 660/1230/1194 112/1223/1187 659/1231/1195
f 659/1231/1195 112/1223/1187 574/1189/1153
f 659/1231/1195 574/1189/1153 682/1232/1196
f 682/1232/1196 574/1189/1153 681/1233/1197
f 681/1233/1197 574/1189/1153 680/1234/1198
f 680/1234/1198 574/1189/1153 679/1235/1199
f 679/1235/1199 574/1189/1153 678/1236/1200
f 678/1236/1200 574/1189/1153 677/1237/1201
f 677/1237/1201 574/1189/1153 676/1238/1202
f 676/1238/1202 574/1189/1153 675/1191/1155
f 574/1189/1153 575/1239/1203 585/1187/1151
f 588/1240/1204 622/1241/1205 587/1242/1206
f 587/1242/1206 622/1241/1205 623/1243/1207
f 587/1242/1206 623/1243/1207 610/1244/1208
f 610/1244/1208 623/1243/1207 624/1245/1209
f 610/1244/1208 624/1245/1209 609/1246/1210
f 609/1246/1210 624/1245/1209 625/1247/1211
f 609/1246/1210 625/1247/1211 608/1248/1212
f 608/1248/1212 625/1247/1211 626/1249/1213
f 608/1248/1212 626/1249/1213 607/1250/1214
f 607/1250/1214 626/1249/1213 627/1208/1172
f 607/1250/1214 627/1208/1172 639/1206/1170
f 622/1241/1205 588/1240/1204 621/1251/1215
f 621/1251/1215 588/1240/1204 589/1252/1216
f 621/1251/1215 589/1252/1216 620/1253/1217
f 620/1253/1217 589/1252/1216 590/1254/1218
f 620/1253/1217 590/1254/1218 619/1255/1219
f 619/1255/1219 590/1254/1218 591/1256/1220
f 619/1255/1219 591/1256/1220 571/1216/1180
f 571/1216/1180 591/1256/1220 592/1257/1221
f 571/1216/1180 592/1257/1221 593/1217/1181
f 595/1219/1183 596/1258/1222 581/1212/1176
f 581/1212/1176 596/1258/1222 597/1259/1223
f 581/1212/1176 597/1259/1223 598/1260/1224
f 598/1260/1224 599/1261/1225 581/1212/1176
f 581/1212/1176 599/1261/1225 600/1262/1226
f 581/1212/1176 600/1262/1226 601/1263/1227
f 601/1263/1227 602/1264/1228 581/1212/1176
f 581/1212/1176 602/1264/1228 603/1265/1229
f 581/1212/1176 603/1265/1229 643/1213/1177
f 643/1213/1177 603/1265/1229 642/1266/1230
f 642/1266/1230 603/1265/1229 604/1267/1231
f 642/1266/1230 604/1267/1231 605/1268/1232
f 606/1269/1233 640/1270/1234 605/1268/1232
f 605/1268/1232 640/1270/1234 641/1271/1235
f 605/1268/1232 641/1271/1235 642/1266/1230
f 640/1270/1234 606/1269/1233 639/1206/1170
f 639/1206/1170 606/1269/1233 607/1250/1214
f 613/1222/1186 614/1272/1236 571/1216/1180
f 571/1216/1180 614/1272/1236 615/1273/1237
f 571/1216/1180 615/1273/1237 616/1274/1238
f 616/1274/1238 617/1275/1239 571/1216/1180
f 571/1216/1180 617/1275/1239 618/1276/1240
f 571/1216/1180 618/1276/1240 619/1255/1219
f 629/1211/1175 630/1277/1241 113/1209/1173
f 113/1209/1173 630/1277/1241 631/1278/1242
f 113/1209/1173 631/1278/1242 632/1279/1243
f 632/1279/1243 633/1280/1244 113/1209/1173
f 113/1209/1173 633/1280/1244 634/1281/1245
f 113/1209/1173 634/1281/1245 611/1220/1184
f 645/1215/1179 646/1282/1246 577/1184/1148
f 577/1184/1148 646/1282/1246 647/1283/1247
f 577/1184/1148 647/1283/1247 648/1284/1248
f 648/1284/1248 649/1285/1249 577/1184/1148
f 577/1184/1148 649/1285/1249 650/1286/1250
f 577/1184/1148 650/1286/1250 651/1287/1251
f 651/1287/1251 652/1288/1252 577/1184/1148
f 577/1184/1148 652/1288/1252 653/1186/1150
f 684/1289/1253 660/1290/1254 683/1291/1255
f 683/1291/1255 660/1290/1254 659/1292/1256
f 683/1293/1255 659/1294/1256 706/1295/1257
f 706/1295/1257 659/1294/1256 682/1296/1258
f 706/1295/1257 682/1296/1258 705/1297/1259
f 705/1297/1259 682/1296/1258 681/1298/1260
f 705/1297/1259 681/1298/1260 704/1299/1261
f 704/1299/1261 681/1298/1260 680/1300/1262
f 704/1299/1261 680/1300/1262 703/1301/1263
f 703/1301/1263 680/1300/1262 679/1302/1264
f 703/1301/1263 679/1302/1264 702/1303/1265
f 702/1303/1265 679/1302/1264 678/1304/1266
f 702/1303/1265 678/1304/1266 701/1305/1267
f 701/1305/1267 678/1304/1266 677/1306/1268
f 701/1305/1267 677/1306/1268 700/1307/1269
f 700/1307/1269 677/1306/1268 676/1308/1270
f 700/1307/1269 676/1308/1270 699/1309/1271
f 699/1309/1271 676/1308/1270 675/1310/1272
f 699/1309/1271 675/1310/1272 698/1311/1273
f 698/1311/1273 675/1310/1272 674/1312/1274
f 698/1311/1273 674/1312/1274 697/1313/1275
f 697/1313/1275 674/1312/1274 673/1314/1276
f 697/1313/1275 673/1314/1276 696/1315/1277
f 696/1315/1277 673/1314/1276 672/1316/1278
f 696/1315/1277 672/1316/1278 695/1317/1279
f 695/1317/1279 672/1316/1278 671/1318/1280
f 695/1317/1279 671/1318/1280 694/1319/1281
f 694/1319/1281 671/1318/1280 670/1320/1282
f 694/1319/1281 670/1320/1282 693/1321/1283
f 693/1321/1283 670/1320/1282 669/1322/1284
f 693/1321/1283 669/1322/1284 692/1323/1285
f 692/1323/1285 669/1322/1284 668/1324/1286
f 692/1323/1285 668/1324/1286 691/1325/1287
f 691/1325/1287 668/1324/1286 667/1326/1288
f 691/1325/1287 667/1326/1288 690/1327/1289
f 690/1327/1289 667/1326/1288 666/1328/1290
f 690/1327/1289 666/1328/1290 689/1329/1291
f 689/1329/1291 666/1328/1290 665/1330/1292
f 689/1329/1291 665/1330/1292 688/1331/1293
f 688/1331/1293 665/1330/1292 664/1332/1294
f 688/1331/1293 664/1332/1294 687/1333/1295
f 687/1333/1295 664/1332/1294 663/1334/1296
f 687/1333/1295 663/1334/1296 686/1335/1297
f 686/1335/1297 663/1334/1296 662/1336/1298
f 686/1335/1297 662/1336/1298 685/1337/1299
f 685/1337/1299 662/1336/1298 661/1338/1300
f 685/1337/1299 661/1338/1300 684/1289/1253
f 684/1289/1253 661/1338/1300 660/1290/1254
f 706/1339/1301 696/1340/1302 683/1341/1303
f 683/1341/1303 696/1340/1302 695/1342/1304
f 683/1341/1303 695/1342/1304 684/1343/1305
f 684/1343/1305 695/1342/1304 694/1344/1306
f 684/1343/1305 694/1344/1306 685/1345/1307
f 685/1345/1307 694/1344/1306 693/1346/1308
f 685/1345/1307 693/1346/1308 686/1347/1309
f 686/1347/1309 693/1346/1308 692/1348/1310
f 686/1347/1309 692/1348/1310 687/1349/1311
f 687/1349/1311 692/1348/1310 691/1350/1312
f 687/1349/1311 691/1350/1312 688/1351/1313
f 688/1351/1313 691/1350/1312 690/1352/1314
f 688/1351/1313 690/1352/1314 689/1353/1315
f 696/1340/1302 706/1339/1301 697/1354/1316
f 697/1354/1316 706/1339/1301 705/1355/1317
f 697/1354/1316 705/1355/1317 698/1356/1318
f 698/1356/1318 705/1355/1317 704/1357/1319
f 698/1356/1318 704/1357/1319 699/1358/1320
f 699/1358/1320 704/1357/1319 703/1359/1321
f 699/1358/1320 703/1359/1321 700/1360/1322
f 700/1360/1322 703/1359/1321 702/1361/1323
f 700/1360/1322 702/1361/1323 701/1362/1324
f 708/1363/1325 636/1364/1326 707/1365/1327
f 707/1365/1327 636/1364/1326 635/1366/1328
f 707/1367/1327 635/1368/1328 730/1369/1329
f 730/1369/1329 635/1368/1328 658/1370/1330
f 730/1369/1329 658/1370/1330 729/1371/1331
f 729/1371/1331 658/1370/1330 657/1372/1332
f 729/1371/1331 657/1372/1332 728/1373/1333
f 728/1373/1333 657/1372/1332 656/1374/1334
f 728/1373/1333 656/1374/1334 727/1375/1335
f 727/1375/1335 656/1374/1334 655/1376/1336
f 727/1375/1335 655/1376/1336 726/1377/1337
f 726/1377/1337 655/1376/1336 654/1378/1338
f 726/1377/1337 654/1378/1338 725/1379/1339
f 725/1379/1339 654/1378/1338 653/1380/1340
f 725/1379/1339 653/1380/1340 724/1381/1341
f 724/1381/1341 653/1380/1340 652/1382/1342
f 724/1381/1341 652/1382/1342 723/1383/1343
f 723/1383/1343 652/1382/1342 651/1384/1344
f 723/1383/1343 651/1384/1344 722/1385/1345
f 722/1385/1345 651/1384/1344 650/1386/1346
f 722/1385/1345 650/1386/1346 721/1387/1347
f 721/1387/1347 650/1386/1346 649/1388/1348
f 721/1387/1347 649/1388/1348 720/1389/1349
f 720/1389/1349 649/1388/1348 648/1390/1350
f 720/1389/1349 648/1390/1350 719/1391/1351
f 719/1391/1351 648/1390/1350 647/1392/1352
f 719/1391/1351 647/1392/1352 718/1393/1353
f 718/1393/1353 647/1392/1352 646/1394/1354
f 718/1393/1353 646/1394/1354 717/1395/1355
f 717/1395/1355 646/1394/1354 645/1396/1356
f 717/1395/1355 645/1396/1356 716/1397/1357
f 716/1397/1357 645/1396/1356 644/1398/1358
f 716/1397/1357 644/1398/1358 715/1399/1359
f 715/1399/1359 644/1398/1358 643/1400/1360
f 715/1399/1359 643/1400/1360 714/1401/1361
f 714/1401/1361 643/1400/1360 642/1402/1362
f 714/1401/1361 642/1402/1362 713/1403/1363
f 713/1403/1363 642/1402/1362 641/1404/1364
f 713/1403/1363 641/1404/1364 712/1405/1365
f 712/1405/1365 641/1404/1364 640/1406/1366
f 712/1405/1365 640/1406/1366 711/1407/1367
f 711/1407/1367 640/1406/1366 639/1408/1368
f 711/1407/1367 639/1408/1368 710/1409/1369
f 710/1409/1369 639/1408/1368 638/1410/1370
f 710/1409/1369 638/1410/1370 709/1411/1371
f 709/1411/1371 638/1410/1370 637/1412/1372
f 709/1411/1371 637/1412/1372 708/1363/1325
f 708/1363/1325 637/1412/1372 636/1364/1326
f 730/1413/1373 720/1414/1374 707/1415/1375
f 707/1415/1375 720/1414/1374 719/1416/1376
f 707/1415/1375 719/1416/1376 708/1417/1377
f 708/1417/1377 719/1416/1376 718/1418/1378
f 708/1417/1377 718/1418/1378 709/1419/1379
f 709/1419/1379 718/1418/1378 717/1420/1380
f 709/1419/1379 717/1420/1380 710/1421/1381
f 710/1421/1381 717/1420/1380 716/1422/1382
f 710/1421/1381 716/1422/1382 711/1423/1383
f 711/1423/1383 716/1422/1382 715/1424/1384
f 711/1423/1383 715/1424/1384 712/1425/1385
f 712/1425/1385 715/1424/1384 714/1426/1386
f 712/1425/1385 714/1426/1386 713/1427/1387
f 720/1414/1374 730/1413/1373 721/1428/1388
f 721/1428/1388 730/1413/1373 729/1429/1389
f 721/1428/1388 729/1429/1389 722/1430/1390
f 722/1430/1390 729/1429/1389 728/1431/1391
f 722/1430/1390 728/1431/1391 723/1432/1392
f 723/1432/1392 728/1431/1391 727/1433/1393
f 723/1432/1392 727/1433/1393 724/1434/1394
f 724/1434/1394 727/1433/1393 726/1435/1395
f 724/1434/1394 726/1435/1395 725/1436/1396
f 732/1437/1397 612/1438/1398 731/1439/1399
f 731/1439/1399 612/1438/1398 611/1440/1400
f 731/1441/1399 611/1442/1400 754/1443/1401
f 754/1443/1401 611/1442/1400 634/1444/1402
f 754/1443/1401 634/1444/1402 753/1445/1403
f 753/1445/1403 634/1444/1402 633/1446/1404
f 753/1445/1403 633/1446/1404 752/1447/1405
f 752/1447/1405 633/1446/1404 632/1448/1406
f 752/1447/1405 632/1448/1406 751/1449/1407
f 751/1449/1407 632/1448/1406 631/1450/1408
f 751/1449/1407 631/1450/1408 750/1451/1409
f 750/1451/1409 631/1450/1408 630/1452/1410
f 750/1451/1409 630/1452/1410 749/1453/1411
f 749/1453/1411 630/1452/1410 629/1454/1412
f 749/1453/1411 629/1454/1412 748/1455/1413
f 748/1455/1413 629/1454/1412 628/1456/1414
f 748/1455/1413 628/1456/1414 747/1457/1415
f 747/1457/1415 628/1456/1414 627/1458/1416
f 747/1457/1415 627/1458/1416 746/1459/1417
f 746/1459/1417 627/1458/1416 626/1460/1418
f 746/1459/1417 626/1460/1418 745/1461/1419
f 745/1461/1419 626/1460/1418 625/1462/1420
f 745/1461/1419 625/1462/1420 744/1463/1421
f 744/1463/1421 625/1462/1420 624/1464/1422
f 744/1463/1421 624/1464/1422 743/1465/1423
f 743/1465/1423 624/1464/1422 623/1466/1424
f 743/1465/1423 623/1466/1424 742/1467/1425
f 742/1467/1425 623/1466/1424 622/1468/1426
f 742/1467/1425 622/1468/1426 741/1469/1427
f 741/1469/1427 622/1468/1426 621/1470/1428
f 741/1469/1427 621/1470/1428 740/1471/1429
f 740/1471/1429 621/1470/1428 620/1472/1430
f 740/1471/1429 620/1472/1430 739/1473/1431
f 739/1473/1431 620/1472/1430 619/1474/1432
f 739/1473/1431 619/1474/1432 738/1475/1433
f 738/1475/1433 619/1474/1432 618/1476/1434
f 738/1475/1433 618/1476/1434 737/1477/1435
f 737/1477/1435 618/1476/1434 617/1478/1436
f 737/1477/1435 617/1478/1436 736/1479/1437
f 736/1479/1437 617/1478/1436 616/1480/1438
f 736/1479/1437 616/1480/1438 735/1481/1439
f 735/1481/1439 616/1480/1438 615/1482/1440
f 735/1481/1439 615/1482/1440 734/1483/1441
f 734/1483/1441 615/1482/1440 614/1484/1442
f 734/1483/1441 614/1484/1442 733/1485/1443
f 733/1485/1443 614/1484/1442 613/1486/1444
f 733/1485/1443 613/1486/1444 732/1437/1397
f 732/1437/1397 613/1486/1444 612/1438/1398
f 754/1487/1445 744/1488/1446 731/1489/1447
f 731/1489/1447 744/1488/1446 743/1490/1448
f 731/1489/1447 743/1490/1448 732/1491/1449
f 732/1491/1449 743/1490/1448 742/1492/1450
f 732/1491/1449 742/1492/1450 733/1493/1451
f 733/1493/1451 742/1492/1450 741/1494/1452
f 733/1493/1451 741/1494/1452 734/1495/1453
f 734/1495/1453 741/1494/1452 740/1496/1454
f 734/1495/1453 740/1496/1454 735/1497/1455
f 735/1497/1455 740/1496/1454 739/1498/1456
f 735/1497/1455 739/1498/1456 736/1499/1457
f 736/1499/1457 739/1498/1456 738/1500/1458
f 736/1499/1457 738/1500/1458 737/1501/1459
f 744/1488/1446 754/1487/1445 745/1502/1460
f 745/1502/1460 754/1487/1445 753/1503/1461
f 745/1502/1460 753/1503/1461 746/1504/1462
f 746/1504/1462 753/1503/1461 752/1505/1463
f 746/1504/1462 752/1505/1463 747/1506/1464
f 747/1506/1464 752/1505/1463 751/1507/1465
f 747/1506/1464 751/1507/1465 748/1508/1466
f 748/1508/1466 751/1507/1465 750/1509/1467
f 748/1508/1466 750/1509/1467 749/1510/1468
f 756/1511/1469 588/1512/1470 755/1513/1471
f 755/1513/1471 588/1512/1470 587/1514/1472
f 755/1515/1471 587/1516/1472 778/1517/1473
f 778/1517/1473 587/1516/1472 610/1518/1474
f 778/1517/1473 610/1518/1474 777/1519/1475
f 777/1519/1475 610/1518/1474 609/1520/1476
f 777/1519/1475 609/1520/1476 776/1521/1477
f 776/1521/1477 609/1520/1476 608/1522/1478
f 776/1521/1477 608/1522/1478 775/1523/1479
f 775/1523/1479 608/1522/1478 607/1524/1480
f 775/1523/1479 607/1524/1480 774/1525/1481
f 774/1525/1481 607/1524/1480 606/1526/1482
f 774/1525/1481 606/1526/1482 773/1527/1483
f 773/1527/1483 606/1526/1482 605/1528/1484
f 773/1527/1483 605/1528/1484 772/1529/1485
f 772/1529/1485 605/1528/1484 604/1530/1486
f 772/1529/1485 604/1530/1486 771/1531/1487
f 771/1531/1487 604/1530/1486 603/1532/1488
f 771/1531/1487 603/1532/1488 770/1533/1489
f 770/1533/1489 603/1532/1488 602/1534/1490
f 770/1533/1489 602/1534/1490 769/1535/1491
f 769/1535/1491 602/1534/1490 601/1536/1492
f 769/1535/1491 601/1536/1492 768/1537/1493
f 768/1537/1493 601/1536/1492 600/1538/1494
f 768/1537/1493 600/1538/1494 767/1539/1495
f 767/1539/1495 600/1538/1494 599/1540/1496
f 767/1539/1495 599/1540/1496 766/1541/1497
f 766/1541/1497 599/1540/1496 598/1542/1498
f 766/1541/1497 598/1542/1498 765/1543/1499
f 765/1543/1499 598/1542/1498 597/1544/1500
f 765/1543/1499 597/1544/1500 764/1545/1501
f 764/1545/1501 597/1544/1500 596/1546/1502
f 764/1545/1501 596/1546/1502 763/1547/1503
f 763/1547/1503 596/1546/1502 595/1548/1504
f 763/1547/1503 595/1548/1504 762/1549/1505
f 762/1549/1505 595/1548/1504 594/1550/1506
f 762/1549/1505 594/1550/1506 761/1551/1507
f 761/1551/1507 594/1550/1506 593/1552/1508
f 761/1551/1507 593/1552/1508 760/1553/1509
f 760/1553/1509 593/1552/1508 592/1554/1510
f 760/1553/1509 592/1554/1510 759/1555/1511
f 759/1555/1511 592/1554/1510 591/1556/1512
f 759/1555/1511 591/1556/1512 758/1557/1513
f 758/1557/1513 591/1556/1512 590/1558/1514
f 758/1557/1513 590/1558/1514 757/1559/1515
f 757/1559/1515 590/1558/1514 589/1560/1516
f 757/1559/1515 589/1560/1516 756/1511/1469
f 756/1511/1469 589/1560/1516 588/1512/1470
f 778/1561/1517 768/1562/1518 755/1563/1519
f 755/1563/1519 768/1562/1518 767/1564/1520
f 755/1563/1519 767/1564/1520 756/1565/1521
f 756/1565/1521 767/1564/1520 766/1566/1522
f 756/1565/1521 766/1566/1522 757/1567/1523
f 757/1567/1523 766/1566/1522 765/1568/1524
f 757/1567/1523 765/1568/1524 758/1569/1525
f 758/1569/1525 765/1568/1524 764/1570/1526
f 758/1569/1525 764/1570/1526 759/1571/1527
f 759/1571/1527 764/1570/1526 763/1572/1528
f 759/1571/1527 763/1572/1528 760/1573/1529
f 760/1573/1529 763/1572/1528 762/1574/1530
f 760/1573/1529 762/1574/1530 761/1575/1531
f 768/1562/1518 778/1561/1517 769/1576/1532
f 769/1576/1532 778/1561/1517 777/1577/1533
f 769/1576/1532 777/1577/1533 770/1578/1534
f 770/1578/1534 777/1577/1533 776/1579/1535
f 770/1578/1534 776/1579/1535 771/1580/1536
f 771/1580/1536 776/1579/1535 775/1581/1537
f 771/1580/1536 775/1581/1537 772/1582/1538
f 772/1582/1538 775/1581/1537 774/1583/1539
f 772/1582/1538 774/1583/1539 773/1584/1540
f 132/1585/1541 123/1586/1542 575/1587/1543
f 575/1587/1543 123/1586/1542 122/1588/1544
f 575/1587/1543 122/1588/1544 180/1589/1545
f 180/1589/1545 179/1590/1546 575/1587/1543
f 575/1587/1543 179/1590/1546 178/1591/1547
f 575/1587/1543 178/1591/1547 177/1592/1548
f 177/1592/1548 176/1593/1549 575/1587/1543
f 575/1587/1543 176/1593/1549 780/1594/1550
f 575/1587/1543 780/1594/1550 585/1595/1551
f 176/1593/1549 175/1596/1552 780/1594/1550
f 780/1594/1550 175/1596/1552 174/1597/1553
f 780/1594/1550 174/1597/1553 173/1598/1554
f 173/1598/1554 172/1599/1555 780/1594/1550
f 780/1594/1550 172/1599/1555 779/1600/1556
f 779/1600/1556 172/1599/1555 171/1601/1557
f 779/1600/1556 171/1601/1557 170/1602/1558
f 170/1602/1558 169/1603/1559 779/1600/1556
f 779/1600/1556 169/1603/1559 168/1604/1560
f 779/1600/1556 168/1604/1560 167/1605/1561
f 167/1605/1561 166/1606/1562 779/1600/1556
f 779/1600/1556 166/1606/1562 165/1607/1563
f 779/1600/1556 165/1607/1563 159/1608/1564
f 159/1608/1564 157/1609/1565 779/1600/1556
f 779/1600/1556 157/1609/1565 156/1610/1566
f 779/1600/1556 156/1610/1566 155/1611/1567
f 155/1611/1567 154/1612/1568 779/1600/1556
f 779/1600/1556 154/1612/1568 584/1613/1569
f 584/1613/1569 154/1612/1568 153/1614/1570
f 584/1613/1569 153/1614/1570 152/1615/1571
f 152/1615/1571 151/1616/1572 584/1613/1569
f 584/1613/1569 151/1616/1572 150/1617/1573
f 584/1613/1569 150/1617/1573 141/1618/1574
f 584/1613/1569 141/1618/1574 576/1619/1575
f 576/1619/1575 141/1618/1574 139/1620/1576
f 576/1619/1575 139/1620/1576 138/1621/1577
f 138/1621/1577 137/1622/1578 576/1619/1575
f 576/1619/1575 137/1622/1578 136/1623/1579
f 576/1619/1575 136/1623/1579 135/1624/1580
f 576/1619/1575 135/1624/1580 575/1587/1543
f 575/1587/1543 135/1624/1580 134/1625/1581
f 575/1587/1543 134/1625/1581 133/1626/1582
f 133/1626/1582 132/1585/1541 575/1587/1543
f 586/1627/1583 585/1628/1584 781/1629/1585
f 781/1629/1585 585/1628/1584 780/1630/1586
f 586/1631/1587 781/1632/1588 578/1633/1589
f 578/1633/1589 781/1632/1588 782/1634/1590
f 578/1633/1589 782/1634/1590 583/1635/1591
f 583/1635/1591 579/1636/1592 578/1633/1589
f 110/1637/1593 584/1638/1594 570/1639/1595
f 570/1639/1595 584/1638/1594 583/1640/1596
f 570/1639/1595 583/1640/1596 111/1641/1597
f 111/1641/1597 583/1640/1596 109/1642/1598
f 109/1642/1598 583/1640/1596 782/1643/1599
f 109/1642/1598 782/1643/1599 779/1644/1600
f 584/1638/1594 110/1637/1593 779/1644/1600
f 779/1644/1600 110/1637/1593 109/1642/1598
f 779/1645/1601 782/1646/1602 780/1647/1603
f 780/1647/1603 782/1646/1602 781/1648/1604
# 782 vertices
# 1648 texture params
# 1604 normals
# 1568 facets

# 1 groups
