# WaveFront *.obj file (generated by Autodesk ATF)

mtllib top.mtl

g top

v 90.800000 5.430000 -50.000000
v 90.853283 4.701994 -50.000000
v 91.011997 3.989505 -50.000000
v 91.272759 3.307717 -50.000000
v 91.630011 2.671161 -50.000000
v 92.076139 2.093406 -50.000000
v 92.601635 1.586764 -50.000000
v 93.195298 1.162035 -50.000000
v 93.844476 0.828269 -50.000000
v 94.535333 0.592582 -50.000000
v 95.253144 0.459995 -50.000000
v 95.982610 0.433336 -50.000000
v 96.708184 0.513172 -50.000000
v 97.414402 0.697801 -50.000000
v 98.086212 0.983289 -50.000000
v 98.709295 1.363551 -50.000000
v 99.270371 1.830483 -50.000000
v 99.757482 2.374131 -50.000000
v 100.160247 2.982911 -50.000000
v 100.470081 3.643846 -50.000000
v 100.680379 4.342849 -50.000000
v 100.786661 5.065023 -50.000000
v 100.786661 5.794977 -50.000000
v 100.680379 6.517151 -50.000000
v 100.470081 7.216154 -50.000000
v 100.160247 7.877089 -50.000000
v 99.757482 8.485869 -50.000000
v 99.270371 9.029517 -50.000000
v 98.709295 9.496449 -50.000000
v 98.086212 9.876711 -50.000000
v 97.414402 10.162199 -50.000000
v 96.708184 10.346828 -50.000000
v 95.982610 10.426664 -50.000000
v 95.253144 10.400005 -50.000000
v 94.535333 10.267418 -50.000000
v 93.844476 10.031731 -50.000000
v 93.195298 9.697965 -50.000000
v 92.601635 9.273236 -50.000000
v 92.076139 8.766594 -50.000000
v 91.630011 8.188839 -50.000000
v 91.272759 7.552283 -50.000000
v 91.011997 6.870495 -50.000000
v 90.853283 6.158006 -50.000000
v 90.800000 5.430000 -53.000000
v 90.853283 6.158006 -53.000000
v 91.011997 6.870495 -53.000000
v 91.272759 7.552283 -53.000000
v 91.630011 8.188839 -53.000000
v 92.076139 8.766594 -53.000000
v 92.601635 9.273236 -53.000000
v 93.195298 9.697965 -53.000000
v 93.844476 10.031731 -53.000000
v 94.535333 10.267418 -53.000000
v 95.253144 10.400005 -53.000000
v 95.982610 10.426664 -53.000000
v 96.708184 10.346828 -53.000000
v 97.414402 10.162199 -53.000000
v 98.086212 9.876711 -53.000000
v 98.709295 9.496449 -53.000000
v 99.270371 9.029517 -53.000000
v 99.757482 8.485869 -53.000000
v 100.160247 7.877089 -53.000000
v 100.470081 7.216154 -53.000000
v 100.680379 6.517151 -53.000000
v 100.786661 5.794977 -53.000000
v 100.786661 5.065023 -53.000000
v 100.680379 4.342849 -53.000000
v 100.470081 3.643846 -53.000000
v 100.160247 2.982911 -53.000000
v 99.757482 2.374131 -53.000000
v 99.270371 1.830483 -53.000000
v 98.709295 1.363551 -53.000000
v 98.086212 0.983289 -53.000000
v 97.414402 0.697801 -53.000000
v 96.708184 0.513172 -53.000000
v 95.982610 0.433336 -53.000000
v 95.253144 0.459995 -53.000000
v 94.535333 0.592582 -53.000000
v 93.844476 0.828269 -53.000000
v 93.195298 1.162035 -53.000000
v 92.601635 1.586764 -53.000000
v 92.076139 2.093406 -53.000000
v 91.630011 2.671161 -53.000000
v 91.272759 3.307717 -53.000000
v 91.011997 3.989505 -53.000000
v 90.853283 4.701994 -53.000000
v 54.800000 17.430000 -50.000000
v 54.853283 16.701994 -50.000000
v 55.011997 15.989505 -50.000000
v 55.272759 15.307717 -50.000000
v 55.630011 14.671161 -50.000000
v 56.076139 14.093406 -50.000000
v 56.601635 13.586764 -50.000000
v 57.195298 13.162035 -50.000000
v 57.844476 12.828269 -50.000000
v 58.535333 12.592582 -50.000000
v 59.253144 12.459995 -50.000000
v 59.982610 12.433336 -50.000000
v 60.708184 12.513172 -50.000000
v 61.414402 12.697801 -50.000000
v 62.086212 12.983289 -50.000000
v 62.709295 13.363551 -50.000000
v 63.270371 13.830483 -50.000000
v 63.757482 14.374131 -50.000000
v 64.160247 14.982911 -50.000000
v 64.470081 15.643846 -50.000000
v 64.680379 16.342849 -50.000000
v 64.786661 17.065023 -50.000000
v 64.786661 17.794977 -50.000000
v 64.680379 18.517151 -50.000000
v 64.470081 19.216154 -50.000000
v 64.160247 19.877089 -50.000000
v 63.757482 20.485869 -50.000000
v 63.270371 21.029517 -50.000000
v 62.709295 21.496449 -50.000000
v 62.086212 21.876711 -50.000000
v 61.414402 22.162199 -50.000000
v 60.708184 22.346828 -50.000000
v 59.982610 22.426664 -50.000000
v 59.253144 22.400005 -50.000000
v 58.535333 22.267418 -50.000000
v 57.844476 22.031731 -50.000000
v 57.195298 21.697965 -50.000000
v 56.601635 21.273236 -50.000000
v 56.076139 20.766594 -50.000000
v 55.630011 20.188839 -50.000000
v 55.272759 19.552283 -50.000000
v 55.011997 18.870495 -50.000000
v 54.853283 18.158006 -50.000000
v 54.800000 17.430000 -53.000000
v 54.853283 18.158006 -53.000000
v 55.011997 18.870495 -53.000000
v 55.272759 19.552283 -53.000000
v 55.630011 20.188839 -53.000000
v 56.076139 20.766594 -53.000000
v 56.601635 21.273236 -53.000000
v 57.195298 21.697965 -53.000000
v 57.844476 22.031731 -53.000000
v 58.535333 22.267418 -53.000000
v 59.253144 22.400005 -53.000000
v 59.982610 22.426664 -53.000000
v 60.708184 22.346828 -53.000000
v 61.414402 22.162199 -53.000000
v 62.086212 21.876711 -53.000000
v 62.709295 21.496449 -53.000000
v 63.270371 21.029517 -53.000000
v 63.757482 20.485869 -53.000000
v 64.160247 19.877089 -53.000000
v 64.470081 19.216154 -53.000000
v 64.680379 18.517151 -53.000000
v 64.786661 17.794977 -53.000000
v 64.786661 17.065023 -53.000000
v 64.680379 16.342849 -53.000000
v 64.470081 15.643846 -53.000000
v 64.160247 14.982911 -53.000000
v 63.757482 14.374131 -53.000000
v 63.270371 13.830483 -53.000000
v 62.709295 13.363551 -53.000000
v 62.086212 12.983289 -53.000000
v 61.414402 12.697801 -53.000000
v 60.708184 12.513172 -53.000000
v 59.982610 12.433336 -53.000000
v 59.253144 12.459995 -53.000000
v 58.535333 12.592582 -53.000000
v 57.844476 12.828269 -53.000000
v 57.195298 13.162035 -53.000000
v 56.601635 13.586764 -53.000000
v 56.076139 14.093406 -53.000000
v 55.630011 14.671161 -53.000000
v 55.272759 15.307717 -53.000000
v 55.011997 15.989505 -53.000000
v 54.853283 16.701994 -53.000000
v 102.800000 17.430000 -50.000000
v 102.853283 16.701994 -50.000000
v 103.011997 15.989505 -50.000000
v 103.272759 15.307717 -50.000000
v 103.630011 14.671161 -50.000000
v 104.076139 14.093406 -50.000000
v 104.601635 13.586764 -50.000000
v 105.195298 13.162035 -50.000000
v 105.844476 12.828269 -50.000000
v 106.535333 12.592582 -50.000000
v 107.253144 12.459995 -50.000000
v 107.982610 12.433336 -50.000000
v 108.708184 12.513172 -50.000000
v 109.414402 12.697801 -50.000000
v 110.086212 12.983289 -50.000000
v 110.709295 13.363551 -50.000000
v 111.270371 13.830483 -50.000000
v 111.757482 14.374131 -50.000000
v 112.160247 14.982911 -50.000000
v 112.470081 15.643846 -50.000000
v 112.680379 16.342849 -50.000000
v 112.786661 17.065023 -50.000000
v 112.786661 17.794977 -50.000000
v 112.680379 18.517151 -50.000000
v 112.470081 19.216154 -50.000000
v 112.160247 19.877089 -50.000000
v 111.757482 20.485869 -50.000000
v 111.270371 21.029517 -50.000000
v 110.709295 21.496449 -50.000000
v 110.086212 21.876711 -50.000000
v 109.414402 22.162199 -50.000000
v 108.708184 22.346828 -50.000000
v 107.982610 22.426664 -50.000000
v 107.253144 22.400005 -50.000000
v 106.535333 22.267418 -50.000000
v 105.844476 22.031731 -50.000000
v 105.195298 21.697965 -50.000000
v 104.601635 21.273236 -50.000000
v 104.076139 20.766594 -50.000000
v 103.630011 20.188839 -50.000000
v 103.272759 19.552283 -50.000000
v 103.011997 18.870495 -50.000000
v 102.853283 18.158006 -50.000000
v 102.800000 17.430000 -53.000000
v 102.853283 18.158006 -53.000000
v 103.011997 18.870495 -53.000000
v 103.272759 19.552283 -53.000000
v 103.630011 20.188839 -53.000000
v 104.076139 20.766594 -53.000000
v 104.601635 21.273236 -53.000000
v 105.195298 21.697965 -53.000000
v 105.844476 22.031731 -53.000000
v 106.535333 22.267418 -53.000000
v 107.253144 22.400005 -53.000000
v 107.982610 22.426664 -53.000000
v 108.708184 22.346828 -53.000000
v 109.414402 22.162199 -53.000000
v 110.086212 21.876711 -53.000000
v 110.709295 21.496449 -53.000000
v 111.270371 21.029517 -53.000000
v 111.757482 20.485869 -53.000000
v 112.160247 19.877089 -53.000000
v 112.470081 19.216154 -53.000000
v 112.680379 18.517151 -53.000000
v 112.786661 17.794977 -53.000000
v 112.786661 17.065023 -53.000000
v 112.680379 16.342849 -53.000000
v 112.470081 15.643846 -53.000000
v 112.160247 14.982911 -53.000000
v 111.757482 14.374131 -53.000000
v 111.270371 13.830483 -53.000000
v 110.709295 13.363551 -53.000000
v 110.086212 12.983289 -53.000000
v 109.414402 12.697801 -53.000000
v 108.708184 12.513172 -53.000000
v 107.982610 12.433336 -53.000000
v 107.253144 12.459995 -53.000000
v 106.535333 12.592582 -53.000000
v 105.844476 12.828269 -53.000000
v 105.195298 13.162035 -53.000000
v 104.601635 13.586764 -53.000000
v 104.076139 14.093406 -53.000000
v 103.630011 14.671161 -53.000000
v 103.272759 15.307717 -53.000000
v 103.011997 15.989505 -53.000000
v 102.853283 16.701994 -53.000000
v 90.800000 17.430000 -50.000000
v 90.853283 16.701994 -50.000000
v 91.011997 15.989505 -50.000000
v 91.272759 15.307717 -50.000000
v 91.630011 14.671161 -50.000000
v 92.076139 14.093406 -50.000000
v 92.601635 13.586764 -50.000000
v 93.195298 13.162035 -50.000000
v 93.844476 12.828269 -50.000000
v 94.535333 12.592582 -50.000000
v 95.253144 12.459995 -50.000000
v 95.982610 12.433336 -50.000000
v 96.708184 12.513172 -50.000000
v 97.414402 12.697801 -50.000000
v 98.086212 12.983289 -50.000000
v 98.709295 13.363551 -50.000000
v 99.270371 13.830483 -50.000000
v 99.757482 14.374131 -50.000000
v 100.160247 14.982911 -50.000000
v 100.470081 15.643846 -50.000000
v 100.680379 16.342849 -50.000000
v 100.786661 17.065023 -50.000000
v 100.786661 17.794977 -50.000000
v 100.680379 18.517151 -50.000000
v 100.470081 19.216154 -50.000000
v 100.160247 19.877089 -50.000000
v 99.757482 20.485869 -50.000000
v 99.270371 21.029517 -50.000000
v 98.709295 21.496449 -50.000000
v 98.086212 21.876711 -50.000000
v 97.414402 22.162199 -50.000000
v 96.708184 22.346828 -50.000000
v 95.982610 22.426664 -50.000000
v 95.253144 22.400005 -50.000000
v 94.535333 22.267418 -50.000000
v 93.844476 22.031731 -50.000000
v 93.195298 21.697965 -50.000000
v 92.601635 21.273236 -50.000000
v 92.076139 20.766594 -50.000000
v 91.630011 20.188839 -50.000000
v 91.272759 19.552283 -50.000000
v 91.011997 18.870495 -50.000000
v 90.853283 18.158006 -50.000000
v 90.800000 17.430000 -53.000000
v 90.853283 18.158006 -53.000000
v 91.011997 18.870495 -53.000000
v 91.272759 19.552283 -53.000000
v 91.630011 20.188839 -53.000000
v 92.076139 20.766594 -53.000000
v 92.601635 21.273236 -53.000000
v 93.195298 21.697965 -53.000000
v 93.844476 22.031731 -53.000000
v 94.535333 22.267418 -53.000000
v 95.253144 22.400005 -53.000000
v 95.982610 22.426664 -53.000000
v 96.708184 22.346828 -53.000000
v 97.414402 22.162199 -53.000000
v 98.086212 21.876711 -53.000000
v 98.709295 21.496449 -53.000000
v 99.270371 21.029517 -53.000000
v 99.757482 20.485869 -53.000000
v 100.160247 19.877089 -53.000000
v 100.470081 19.216154 -53.000000
v 100.680379 18.517151 -53.000000
v 100.786661 17.794977 -53.000000
v 100.786661 17.065023 -53.000000
v 100.680379 16.342849 -53.000000
v 100.470081 15.643846 -53.000000
v 100.160247 14.982911 -53.000000
v 99.757482 14.374131 -53.000000
v 99.270371 13.830483 -53.000000
v 98.709295 13.363551 -53.000000
v 98.086212 12.983289 -53.000000
v 97.414402 12.697801 -53.000000
v 96.708184 12.513172 -53.000000
v 95.982610 12.433336 -53.000000
v 95.253144 12.459995 -53.000000
v 94.535333 12.592582 -53.000000
v 93.844476 12.828269 -53.000000
v 93.195298 13.162035 -53.000000
v 92.601635 13.586764 -53.000000
v 92.076139 14.093406 -53.000000
v 91.630011 14.671161 -53.000000
v 91.272759 15.307717 -53.000000
v 91.011997 15.989505 -53.000000
v 90.853283 16.701994 -53.000000
v 54.800000 5.430000 -50.000000
v 54.853283 4.701994 -50.000000
v 55.011997 3.989505 -50.000000
v 55.272759 3.307717 -50.000000
v 55.630011 2.671161 -50.000000
v 56.076139 2.093406 -50.000000
v 56.601635 1.586764 -50.000000
v 57.195298 1.162035 -50.000000
v 57.844476 0.828269 -50.000000
v 58.535333 0.592582 -50.000000
v 59.253144 0.459995 -50.000000
v 59.982610 0.433336 -50.000000
v 60.708184 0.513172 -50.000000
v 61.414402 0.697801 -50.000000
v 62.086212 0.983289 -50.000000
v 62.709295 1.363551 -50.000000
v 63.270371 1.830483 -50.000000
v 63.757482 2.374131 -50.000000
v 64.160247 2.982911 -50.000000
v 64.470081 3.643846 -50.000000
v 64.680379 4.342849 -50.000000
v 64.786661 5.065023 -50.000000
v 64.786661 5.794977 -50.000000
v 64.680379 6.517151 -50.000000
v 64.470081 7.216154 -50.000000
v 64.160247 7.877089 -50.000000
v 63.757482 8.485869 -50.000000
v 63.270371 9.029517 -50.000000
v 62.709295 9.496449 -50.000000
v 62.086212 9.876711 -50.000000
v 61.414402 10.162199 -50.000000
v 60.708184 10.346828 -50.000000
v 59.982610 10.426664 -50.000000
v 59.253144 10.400005 -50.000000
v 58.535333 10.267418 -50.000000
v 57.844476 10.031731 -50.000000
v 57.195298 9.697965 -50.000000
v 56.601635 9.273236 -50.000000
v 56.076139 8.766594 -50.000000
v 55.630011 8.188839 -50.000000
v 55.272759 7.552283 -50.000000
v 55.011997 6.870495 -50.000000
v 54.853283 6.158006 -50.000000
v 54.800000 5.430000 -53.000000
v 54.853283 6.158006 -53.000000
v 55.011997 6.870495 -53.000000
v 55.272759 7.552283 -53.000000
v 55.630011 8.188839 -53.000000
v 56.076139 8.766594 -53.000000
v 56.601635 9.273236 -53.000000
v 57.195298 9.697965 -53.000000
v 57.844476 10.031731 -53.000000
v 58.535333 10.267418 -53.000000
v 59.253144 10.400005 -53.000000
v 59.982610 10.426664 -53.000000
v 60.708184 10.346828 -53.000000
v 61.414402 10.162199 -53.000000
v 62.086212 9.876711 -53.000000
v 62.709295 9.496449 -53.000000
v 63.270371 9.029517 -53.000000
v 63.757482 8.485869 -53.000000
v 64.160247 7.877089 -53.000000
v 64.470081 7.216154 -53.000000
v 64.680379 6.517151 -53.000000
v 64.786661 5.794977 -53.000000
v 64.786661 5.065023 -53.000000
v 64.680379 4.342849 -53.000000
v 64.470081 3.643846 -53.000000
v 64.160247 2.982911 -53.000000
v 63.757482 2.374131 -53.000000
v 63.270371 1.830483 -53.000000
v 62.709295 1.363551 -53.000000
v 62.086212 0.983289 -53.000000
v 61.414402 0.697801 -53.000000
v 60.708184 0.513172 -53.000000
v 59.982610 0.433336 -53.000000
v 59.253144 0.459995 -53.000000
v 58.535333 0.592582 -53.000000
v 57.844476 0.828269 -53.000000
v 57.195298 1.162035 -53.000000
v 56.601635 1.586764 -53.000000
v 56.076139 2.093406 -53.000000
v 55.630011 2.671161 -53.000000
v 55.272759 3.307717 -53.000000
v 55.011997 3.989505 -53.000000
v 54.853283 4.701994 -53.000000
v 102.800000 5.430000 -50.000000
v 102.853283 4.701994 -50.000000
v 103.011997 3.989505 -50.000000
v 103.272759 3.307717 -50.000000
v 103.630011 2.671161 -50.000000
v 104.076139 2.093406 -50.000000
v 104.601635 1.586764 -50.000000
v 105.195298 1.162035 -50.000000
v 105.844476 0.828269 -50.000000
v 106.535333 0.592582 -50.000000
v 107.253144 0.459995 -50.000000
v 107.982610 0.433336 -50.000000
v 108.708184 0.513172 -50.000000
v 109.414402 0.697801 -50.000000
v 110.086212 0.983289 -50.000000
v 110.709295 1.363551 -50.000000
v 111.270371 1.830483 -50.000000
v 111.757482 2.374131 -50.000000
v 112.160247 2.982911 -50.000000
v 112.470081 3.643846 -50.000000
v 112.680379 4.342849 -50.000000
v 112.786661 5.065023 -50.000000
v 112.786661 5.794977 -50.000000
v 112.680379 6.517151 -50.000000
v 112.470081 7.216154 -50.000000
v 112.160247 7.877089 -50.000000
v 111.757482 8.485869 -50.000000
v 111.270371 9.029517 -50.000000
v 110.709295 9.496449 -50.000000
v 110.086212 9.876711 -50.000000
v 109.414402 10.162199 -50.000000
v 108.708184 10.346828 -50.000000
v 107.982610 10.426664 -50.000000
v 107.253144 10.400005 -50.000000
v 106.535333 10.267418 -50.000000
v 105.844476 10.031731 -50.000000
v 105.195298 9.697965 -50.000000
v 104.601635 9.273236 -50.000000
v 104.076139 8.766594 -50.000000
v 103.630011 8.188839 -50.000000
v 103.272759 7.552283 -50.000000
v 103.011997 6.870495 -50.000000
v 102.853283 6.158006 -50.000000
v 102.800000 5.430000 -53.000000
v 102.853283 6.158006 -53.000000
v 103.011997 6.870495 -53.000000
v 103.272759 7.552283 -53.000000
v 103.630011 8.188839 -53.000000
v 104.076139 8.766594 -53.000000
v 104.601635 9.273236 -53.000000
v 105.195298 9.697965 -53.000000
v 105.844476 10.031731 -53.000000
v 106.535333 10.267418 -53.000000
v 107.253144 10.400005 -53.000000
v 107.982610 10.426664 -53.000000
v 108.708184 10.346828 -53.000000
v 109.414402 10.162199 -53.000000
v 110.086212 9.876711 -53.000000
v 110.709295 9.496449 -53.000000
v 111.270371 9.029517 -53.000000
v 111.757482 8.485869 -53.000000
v 112.160247 7.877089 -53.000000
v 112.470081 7.216154 -53.000000
v 112.680379 6.517151 -53.000000
v 112.786661 5.794977 -53.000000
v 112.786661 5.065023 -53.000000
v 112.680379 4.342849 -53.000000
v 112.470081 3.643846 -53.000000
v 112.160247 2.982911 -53.000000
v 111.757482 2.374131 -53.000000
v 111.270371 1.830483 -53.000000
v 110.709295 1.363551 -53.000000
v 110.086212 0.983289 -53.000000
v 109.414402 0.697801 -53.000000
v 108.708184 0.513172 -53.000000
v 107.982610 0.433336 -53.000000
v 107.253144 0.459995 -53.000000
v 106.535333 0.592582 -53.000000
v 105.844476 0.828269 -53.000000
v 105.195298 1.162035 -53.000000
v 104.601635 1.586764 -53.000000
v 104.076139 2.093406 -53.000000
v 103.630011 2.671161 -53.000000
v 103.272759 3.307717 -53.000000
v 103.011997 3.989505 -53.000000
v 102.853283 4.701994 -53.000000
v 78.800000 5.430000 -50.000000
v 78.853283 4.701994 -50.000000
v 79.011997 3.989505 -50.000000
v 79.272759 3.307717 -50.000000
v 79.630011 2.671161 -50.000000
v 80.076139 2.093406 -50.000000
v 80.601635 1.586764 -50.000000
v 81.195298 1.162035 -50.000000
v 81.844476 0.828269 -50.000000
v 82.535333 0.592582 -50.000000
v 83.253144 0.459995 -50.000000
v 83.982610 0.433336 -50.000000
v 84.708184 0.513172 -50.000000
v 85.414402 0.697801 -50.000000
v 86.086212 0.983289 -50.000000
v 86.709295 1.363551 -50.000000
v 87.270371 1.830483 -50.000000
v 87.757482 2.374131 -50.000000
v 88.160247 2.982911 -50.000000
v 88.470081 3.643846 -50.000000
v 88.680379 4.342849 -50.000000
v 88.786661 5.065023 -50.000000
v 88.786661 5.794977 -50.000000
v 88.680379 6.517151 -50.000000
v 88.470081 7.216154 -50.000000
v 88.160247 7.877089 -50.000000
v 87.757482 8.485869 -50.000000
v 87.270371 9.029517 -50.000000
v 86.709295 9.496449 -50.000000
v 86.086212 9.876711 -50.000000
v 85.414402 10.162199 -50.000000
v 84.708184 10.346828 -50.000000
v 83.982610 10.426664 -50.000000
v 83.253144 10.400005 -50.000000
v 82.535333 10.267418 -50.000000
v 81.844476 10.031731 -50.000000
v 81.195298 9.697965 -50.000000
v 80.601635 9.273236 -50.000000
v 80.076139 8.766594 -50.000000
v 79.630011 8.188839 -50.000000
v 79.272759 7.552283 -50.000000
v 79.011997 6.870495 -50.000000
v 78.853283 6.158006 -50.000000
v 78.800000 5.430000 -53.000000
v 78.853283 6.158006 -53.000000
v 79.011997 6.870495 -53.000000
v 79.272759 7.552283 -53.000000
v 79.630011 8.188839 -53.000000
v 80.076139 8.766594 -53.000000
v 80.601635 9.273236 -53.000000
v 81.195298 9.697965 -53.000000
v 81.844476 10.031731 -53.000000
v 82.535333 10.267418 -53.000000
v 83.253144 10.400005 -53.000000
v 83.982610 10.426664 -53.000000
v 84.708184 10.346828 -53.000000
v 85.414402 10.162199 -53.000000
v 86.086212 9.876711 -53.000000
v 86.709295 9.496449 -53.000000
v 87.270371 9.029517 -53.000000
v 87.757482 8.485869 -53.000000
v 88.160247 7.877089 -53.000000
v 88.470081 7.216154 -53.000000
v 88.680379 6.517151 -53.000000
v 88.786661 5.794977 -53.000000
v 88.786661 5.065023 -53.000000
v 88.680379 4.342849 -53.000000
v 88.470081 3.643846 -53.000000
v 88.160247 2.982911 -53.000000
v 87.757482 2.374131 -53.000000
v 87.270371 1.830483 -53.000000
v 86.709295 1.363551 -53.000000
v 86.086212 0.983289 -53.000000
v 85.414402 0.697801 -53.000000
v 84.708184 0.513172 -53.000000
v 83.982610 0.433336 -53.000000
v 83.253144 0.459995 -53.000000
v 82.535333 0.592582 -53.000000
v 81.844476 0.828269 -53.000000
v 81.195298 1.162035 -53.000000
v 80.601635 1.586764 -53.000000
v 80.076139 2.093406 -53.000000
v 79.630011 2.671161 -53.000000
v 79.272759 3.307717 -53.000000
v 79.011997 3.989505 -53.000000
v 78.853283 4.701994 -53.000000
v 66.800000 17.430000 -50.000000
v 66.853283 16.701994 -50.000000
v 67.011997 15.989505 -50.000000
v 67.272759 15.307717 -50.000000
v 67.630011 14.671161 -50.000000
v 68.076139 14.093406 -50.000000
v 68.601635 13.586764 -50.000000
v 69.195298 13.162035 -50.000000
v 69.844476 12.828269 -50.000000
v 70.535333 12.592582 -50.000000
v 71.253144 12.459995 -50.000000
v 71.982610 12.433336 -50.000000
v 72.708184 12.513172 -50.000000
v 73.414402 12.697801 -50.000000
v 74.086212 12.983289 -50.000000
v 74.709295 13.363551 -50.000000
v 75.270371 13.830483 -50.000000
v 75.757482 14.374131 -50.000000
v 76.160247 14.982911 -50.000000
v 76.470081 15.643846 -50.000000
v 76.680379 16.342849 -50.000000
v 76.786661 17.065023 -50.000000
v 76.786661 17.794977 -50.000000
v 76.680379 18.517151 -50.000000
v 76.470081 19.216154 -50.000000
v 76.160247 19.877089 -50.000000
v 75.757482 20.485869 -50.000000
v 75.270371 21.029517 -50.000000
v 74.709295 21.496449 -50.000000
v 74.086212 21.876711 -50.000000
v 73.414402 22.162199 -50.000000
v 72.708184 22.346828 -50.000000
v 71.982610 22.426664 -50.000000
v 71.253144 22.400005 -50.000000
v 70.535333 22.267418 -50.000000
v 69.844476 22.031731 -50.000000
v 69.195298 21.697965 -50.000000
v 68.601635 21.273236 -50.000000
v 68.076139 20.766594 -50.000000
v 67.630011 20.188839 -50.000000
v 67.272759 19.552283 -50.000000
v 67.011997 18.870495 -50.000000
v 66.853283 18.158006 -50.000000
v 66.800000 17.430000 -53.000000
v 66.853283 18.158006 -53.000000
v 67.011997 18.870495 -53.000000
v 67.272759 19.552283 -53.000000
v 67.630011 20.188839 -53.000000
v 68.076139 20.766594 -53.000000
v 68.601635 21.273236 -53.000000
v 69.195298 21.697965 -53.000000
v 69.844476 22.031731 -53.000000
v 70.535333 22.267418 -53.000000
v 71.253144 22.400005 -53.000000
v 71.982610 22.426664 -53.000000
v 72.708184 22.346828 -53.000000
v 73.414402 22.162199 -53.000000
v 74.086212 21.876711 -53.000000
v 74.709295 21.496449 -53.000000
v 75.270371 21.029517 -53.000000
v 75.757482 20.485869 -53.000000
v 76.160247 19.877089 -53.000000
v 76.470081 19.216154 -53.000000
v 76.680379 18.517151 -53.000000
v 76.786661 17.794977 -53.000000
v 76.786661 17.065023 -53.000000
v 76.680379 16.342849 -53.000000
v 76.470081 15.643846 -53.000000
v 76.160247 14.982911 -53.000000
v 75.757482 14.374131 -53.000000
v 75.270371 13.830483 -53.000000
v 74.709295 13.363551 -53.000000
v 74.086212 12.983289 -53.000000
v 73.414402 12.697801 -53.000000
v 72.708184 12.513172 -53.000000
v 71.982610 12.433336 -53.000000
v 71.253144 12.459995 -53.000000
v 70.535333 12.592582 -53.000000
v 69.844476 12.828269 -53.000000
v 69.195298 13.162035 -53.000000
v 68.601635 13.586764 -53.000000
v 68.076139 14.093406 -53.000000
v 67.630011 14.671161 -53.000000
v 67.272759 15.307717 -53.000000
v 67.011997 15.989505 -53.000000
v 66.853283 16.701994 -53.000000
v 114.800000 17.430000 -50.000000
v 114.853283 16.701994 -50.000000
v 115.011997 15.989505 -50.000000
v 115.272759 15.307717 -50.000000
v 115.630011 14.671161 -50.000000
v 116.076139 14.093406 -50.000000
v 116.601635 13.586764 -50.000000
v 117.195298 13.162035 -50.000000
v 117.844476 12.828269 -50.000000
v 118.535333 12.592582 -50.000000
v 119.253144 12.459995 -50.000000
v 119.982610 12.433336 -50.000000
v 120.708184 12.513172 -50.000000
v 121.414402 12.697801 -50.000000
v 122.086212 12.983289 -50.000000
v 122.709295 13.363551 -50.000000
v 123.270371 13.830483 -50.000000
v 123.757482 14.374131 -50.000000
v 124.160247 14.982911 -50.000000
v 124.470081 15.643846 -50.000000
v 124.680379 16.342849 -50.000000
v 124.786661 17.065023 -50.000000
v 124.786661 17.794977 -50.000000
v 124.680379 18.517151 -50.000000
v 124.470081 19.216154 -50.000000
v 124.160247 19.877089 -50.000000
v 123.757482 20.485869 -50.000000
v 123.270371 21.029517 -50.000000
v 122.709295 21.496449 -50.000000
v 122.086212 21.876711 -50.000000
v 121.414402 22.162199 -50.000000
v 120.708184 22.346828 -50.000000
v 119.982610 22.426664 -50.000000
v 119.253144 22.400005 -50.000000
v 118.535333 22.267418 -50.000000
v 117.844476 22.031731 -50.000000
v 117.195298 21.697965 -50.000000
v 116.601635 21.273236 -50.000000
v 116.076139 20.766594 -50.000000
v 115.630011 20.188839 -50.000000
v 115.272759 19.552283 -50.000000
v 115.011997 18.870495 -50.000000
v 114.853283 18.158006 -50.000000
v 114.800000 17.430000 -53.000000
v 114.853283 18.158006 -53.000000
v 115.011997 18.870495 -53.000000
v 115.272759 19.552283 -53.000000
v 115.630011 20.188839 -53.000000
v 116.076139 20.766594 -53.000000
v 116.601635 21.273236 -53.000000
v 117.195298 21.697965 -53.000000
v 117.844476 22.031731 -53.000000
v 118.535333 22.267418 -53.000000
v 119.253144 22.400005 -53.000000
v 119.982610 22.426664 -53.000000
v 120.708184 22.346828 -53.000000
v 121.414402 22.162199 -53.000000
v 122.086212 21.876711 -53.000000
v 122.709295 21.496449 -53.000000
v 123.270371 21.029517 -53.000000
v 123.757482 20.485869 -53.000000
v 124.160247 19.877089 -53.000000
v 124.470081 19.216154 -53.000000
v 124.680379 18.517151 -53.000000
v 124.786661 17.794977 -53.000000
v 124.786661 17.065023 -53.000000
v 124.680379 16.342849 -53.000000
v 124.470081 15.643846 -53.000000
v 124.160247 14.982911 -53.000000
v 123.757482 14.374131 -53.000000
v 123.270371 13.830483 -53.000000
v 122.709295 13.363551 -53.000000
v 122.086212 12.983289 -53.000000
v 121.414402 12.697801 -53.000000
v 120.708184 12.513172 -53.000000
v 119.982610 12.433336 -53.000000
v 119.253144 12.459995 -53.000000
v 118.535333 12.592582 -53.000000
v 117.844476 12.828269 -53.000000
v 117.195298 13.162035 -53.000000
v 116.601635 13.586764 -53.000000
v 116.076139 14.093406 -53.000000
v 115.630011 14.671161 -53.000000
v 115.272759 15.307717 -53.000000
v 115.011997 15.989505 -53.000000
v 114.853283 16.701994 -53.000000
v 78.800000 17.430000 -50.000000
v 78.853283 16.701994 -50.000000
v 79.011997 15.989505 -50.000000
v 79.272759 15.307717 -50.000000
v 79.630011 14.671161 -50.000000
v 80.076139 14.093406 -50.000000
v 80.601635 13.586764 -50.000000
v 81.195298 13.162035 -50.000000
v 81.844476 12.828269 -50.000000
v 82.535333 12.592582 -50.000000
v 83.253144 12.459995 -50.000000
v 83.982610 12.433336 -50.000000
v 84.708184 12.513172 -50.000000
v 85.414402 12.697801 -50.000000
v 86.086212 12.983289 -50.000000
v 86.709295 13.363551 -50.000000
v 87.270371 13.830483 -50.000000
v 87.757482 14.374131 -50.000000
v 88.160247 14.982911 -50.000000
v 88.470081 15.643846 -50.000000
v 88.680379 16.342849 -50.000000
v 88.786661 17.065023 -50.000000
v 88.786661 17.794977 -50.000000
v 88.680379 18.517151 -50.000000
v 88.470081 19.216154 -50.000000
v 88.160247 19.877089 -50.000000
v 87.757482 20.485869 -50.000000
v 87.270371 21.029517 -50.000000
v 86.709295 21.496449 -50.000000
v 86.086212 21.876711 -50.000000
v 85.414402 22.162199 -50.000000
v 84.708184 22.346828 -50.000000
v 83.982610 22.426664 -50.000000
v 83.253144 22.400005 -50.000000
v 82.535333 22.267418 -50.000000
v 81.844476 22.031731 -50.000000
v 81.195298 21.697965 -50.000000
v 80.601635 21.273236 -50.000000
v 80.076139 20.766594 -50.000000
v 79.630011 20.188839 -50.000000
v 79.272759 19.552283 -50.000000
v 79.011997 18.870495 -50.000000
v 78.853283 18.158006 -50.000000
v 78.800000 17.430000 -53.000000
v 78.853283 18.158006 -53.000000
v 79.011997 18.870495 -53.000000
v 79.272759 19.552283 -53.000000
v 79.630011 20.188839 -53.000000
v 80.076139 20.766594 -53.000000
v 80.601635 21.273236 -53.000000
v 81.195298 21.697965 -53.000000
v 81.844476 22.031731 -53.000000
v 82.535333 22.267418 -53.000000
v 83.253144 22.400005 -53.000000
v 83.982610 22.426664 -53.000000
v 84.708184 22.346828 -53.000000
v 85.414402 22.162199 -53.000000
v 86.086212 21.876711 -53.000000
v 86.709295 21.496449 -53.000000
v 87.270371 21.029517 -53.000000
v 87.757482 20.485869 -53.000000
v 88.160247 19.877089 -53.000000
v 88.470081 19.216154 -53.000000
v 88.680379 18.517151 -53.000000
v 88.786661 17.794977 -53.000000
v 88.786661 17.065023 -53.000000
v 88.680379 16.342849 -53.000000
v 88.470081 15.643846 -53.000000
v 88.160247 14.982911 -53.000000
v 87.757482 14.374131 -53.000000
v 87.270371 13.830483 -53.000000
v 86.709295 13.363551 -53.000000
v 86.086212 12.983289 -53.000000
v 85.414402 12.697801 -53.000000
v 84.708184 12.513172 -53.000000
v 83.982610 12.433336 -53.000000
v 83.253144 12.459995 -53.000000
v 82.535333 12.592582 -53.000000
v 81.844476 12.828269 -53.000000
v 81.195298 13.162035 -53.000000
v 80.601635 13.586764 -53.000000
v 80.076139 14.093406 -53.000000
v 79.630011 14.671161 -53.000000
v 79.272759 15.307717 -53.000000
v 79.011997 15.989505 -53.000000
v 78.853283 16.701994 -53.000000
v 66.800000 5.430000 -50.000000
v 66.853283 4.701994 -50.000000
v 67.011997 3.989505 -50.000000
v 67.272759 3.307717 -50.000000
v 67.630011 2.671161 -50.000000
v 68.076139 2.093406 -50.000000
v 68.601635 1.586764 -50.000000
v 69.195298 1.162035 -50.000000
v 69.844476 0.828269 -50.000000
v 70.535333 0.592582 -50.000000
v 71.253144 0.459995 -50.000000
v 71.982610 0.433336 -50.000000
v 72.708184 0.513172 -50.000000
v 73.414402 0.697801 -50.000000
v 74.086212 0.983289 -50.000000
v 74.709295 1.363551 -50.000000
v 75.270371 1.830483 -50.000000
v 75.757482 2.374131 -50.000000
v 76.160247 2.982911 -50.000000
v 76.470081 3.643846 -50.000000
v 76.680379 4.342849 -50.000000
v 76.786661 5.065023 -50.000000
v 76.786661 5.794977 -50.000000
v 76.680379 6.517151 -50.000000
v 76.470081 7.216154 -50.000000
v 76.160247 7.877089 -50.000000
v 75.757482 8.485869 -50.000000
v 75.270371 9.029517 -50.000000
v 74.709295 9.496449 -50.000000
v 74.086212 9.876711 -50.000000
v 73.414402 10.162199 -50.000000
v 72.708184 10.346828 -50.000000
v 71.982610 10.426664 -50.000000
v 71.253144 10.400005 -50.000000
v 70.535333 10.267418 -50.000000
v 69.844476 10.031731 -50.000000
v 69.195298 9.697965 -50.000000
v 68.601635 9.273236 -50.000000
v 68.076139 8.766594 -50.000000
v 67.630011 8.188839 -50.000000
v 67.272759 7.552283 -50.000000
v 67.011997 6.870495 -50.000000
v 66.853283 6.158006 -50.000000
v 66.800000 5.430000 -53.000000
v 66.853283 6.158006 -53.000000
v 67.011997 6.870495 -53.000000
v 67.272759 7.552283 -53.000000
v 67.630011 8.188839 -53.000000
v 68.076139 8.766594 -53.000000
v 68.601635 9.273236 -53.000000
v 69.195298 9.697965 -53.000000
v 69.844476 10.031731 -53.000000
v 70.535333 10.267418 -53.000000
v 71.253144 10.400005 -53.000000
v 71.982610 10.426664 -53.000000
v 72.708184 10.346828 -53.000000
v 73.414402 10.162199 -53.000000
v 74.086212 9.876711 -53.000000
v 74.709295 9.496449 -53.000000
v 75.270371 9.029517 -53.000000
v 75.757482 8.485869 -53.000000
v 76.160247 7.877089 -53.000000
v 76.470081 7.216154 -53.000000
v 76.680379 6.517151 -53.000000
v 76.786661 5.794977 -53.000000
v 76.786661 5.065023 -53.000000
v 76.680379 4.342849 -53.000000
v 76.470081 3.643846 -53.000000
v 76.160247 2.982911 -53.000000
v 75.757482 2.374131 -53.000000
v 75.270371 1.830483 -53.000000
v 74.709295 1.363551 -53.000000
v 74.086212 0.983289 -53.000000
v 73.414402 0.697801 -53.000000
v 72.708184 0.513172 -53.000000
v 71.982610 0.433336 -53.000000
v 71.253144 0.459995 -53.000000
v 70.535333 0.592582 -53.000000
v 69.844476 0.828269 -53.000000
v 69.195298 1.162035 -53.000000
v 68.601635 1.586764 -53.000000
v 68.076139 2.093406 -53.000000
v 67.630011 2.671161 -53.000000
v 67.272759 3.307717 -53.000000
v 67.011997 3.989505 -53.000000
v 66.853283 4.701994 -53.000000
v 114.800000 5.430000 -50.000000
v 114.853283 4.701994 -50.000000
v 115.011997 3.989505 -50.000000
v 115.272759 3.307717 -50.000000
v 115.630011 2.671161 -50.000000
v 116.076139 2.093406 -50.000000
v 116.601635 1.586764 -50.000000
v 117.195298 1.162035 -50.000000
v 117.844476 0.828269 -50.000000
v 118.535333 0.592582 -50.000000
v 119.253144 0.459995 -50.000000
v 119.982610 0.433336 -50.000000
v 120.708184 0.513172 -50.000000
v 121.414402 0.697801 -50.000000
v 122.086212 0.983289 -50.000000
v 122.709295 1.363551 -50.000000
v 123.270371 1.830483 -50.000000
v 123.757482 2.374131 -50.000000
v 124.160247 2.982911 -50.000000
v 124.470081 3.643846 -50.000000
v 124.680379 4.342849 -50.000000
v 124.786661 5.065023 -50.000000
v 124.786661 5.794977 -50.000000
v 124.680379 6.517151 -50.000000
v 124.470081 7.216154 -50.000000
v 124.160247 7.877089 -50.000000
v 123.757482 8.485869 -50.000000
v 123.270371 9.029517 -50.000000
v 122.709295 9.496449 -50.000000
v 122.086212 9.876711 -50.000000
v 121.414402 10.162199 -50.000000
v 120.708184 10.346828 -50.000000
v 119.982610 10.426664 -50.000000
v 119.253144 10.400005 -50.000000
v 118.535333 10.267418 -50.000000
v 117.844476 10.031731 -50.000000
v 117.195298 9.697965 -50.000000
v 116.601635 9.273236 -50.000000
v 116.076139 8.766594 -50.000000
v 115.630011 8.188839 -50.000000
v 115.272759 7.552283 -50.000000
v 115.011997 6.870495 -50.000000
v 114.853283 6.158006 -50.000000
v 114.800000 5.430000 -53.000000
v 114.853283 6.158006 -53.000000
v 115.011997 6.870495 -53.000000
v 115.272759 7.552283 -53.000000
v 115.630011 8.188839 -53.000000
v 116.076139 8.766594 -53.000000
v 116.601635 9.273236 -53.000000
v 117.195298 9.697965 -53.000000
v 117.844476 10.031731 -53.000000
v 118.535333 10.267418 -53.000000
v 119.253144 10.400005 -53.000000
v 119.982610 10.426664 -53.000000
v 120.708184 10.346828 -53.000000
v 121.414402 10.162199 -53.000000
v 122.086212 9.876711 -53.000000
v 122.709295 9.496449 -53.000000
v 123.270371 9.029517 -53.000000
v 123.757482 8.485869 -53.000000
v 124.160247 7.877089 -53.000000
v 124.470081 7.216154 -53.000000
v 124.680379 6.517151 -53.000000
v 124.786661 5.794977 -53.000000
v 124.786661 5.065023 -53.000000
v 124.680379 4.342849 -53.000000
v 124.470081 3.643846 -53.000000
v 124.160247 2.982911 -53.000000
v 123.757482 2.374131 -53.000000
v 123.270371 1.830483 -53.000000
v 122.709295 1.363551 -53.000000
v 122.086212 0.983289 -53.000000
v 121.414402 0.697801 -53.000000
v 120.708184 0.513172 -53.000000
v 119.982610 0.433336 -53.000000
v 119.253144 0.459995 -53.000000
v 118.535333 0.592582 -53.000000
v 117.844476 0.828269 -53.000000
v 117.195298 1.162035 -53.000000
v 116.601635 1.586764 -53.000000
v 116.076139 2.093406 -53.000000
v 115.630011 2.671161 -53.000000
v 115.272759 3.307717 -53.000000
v 115.011997 3.989505 -53.000000
v 114.853283 4.701994 -53.000000
v 56.200000 27.860000 -51.000000
v 56.254519 27.445890 -51.000000
v 56.414359 27.060000 -51.000000
v 56.668629 26.728629 -51.000000
v 57.000000 26.474359 -51.000000
v 57.385890 26.314519 -51.000000
v 57.800000 26.260000 -51.000000
v 58.214110 26.314519 -51.000000
v 58.600000 26.474359 -51.000000
v 58.931371 26.728629 -51.000000
v 59.185641 27.060000 -51.000000
v 59.345481 27.445890 -51.000000
v 59.400000 27.860000 -51.000000
v 59.345481 28.274110 -51.000000
v 59.185641 28.660000 -51.000000
v 58.931371 28.991371 -51.000000
v 58.600000 29.245641 -51.000000
v 58.214110 29.405481 -51.000000
v 57.800000 29.460000 -51.000000
v 57.385890 29.405481 -51.000000
v 57.000000 29.245641 -51.000000
v 56.668629 28.991371 -51.000000
v 56.414359 28.660000 -51.000000
v 56.254519 28.274110 -51.000000
v 56.200000 27.860000 -53.000000
v 56.254519 28.274110 -53.000000
v 56.414359 28.660000 -53.000000
v 56.668629 28.991371 -53.000000
v 57.000000 29.245641 -53.000000
v 57.385890 29.405481 -53.000000
v 57.800000 29.460000 -53.000000
v 58.214110 29.405481 -53.000000
v 58.600000 29.245641 -53.000000
v 58.931371 28.991371 -53.000000
v 59.185641 28.660000 -53.000000
v 59.345481 28.274110 -53.000000
v 59.400000 27.860000 -53.000000
v 59.345481 27.445890 -53.000000
v 59.185641 27.060000 -53.000000
v 58.931371 26.728629 -53.000000
v 58.600000 26.474359 -53.000000
v 58.214110 26.314519 -53.000000
v 57.800000 26.260000 -53.000000
v 57.385890 26.314519 -53.000000
v 57.000000 26.474359 -53.000000
v 56.668629 26.728629 -53.000000
v 56.414359 27.060000 -53.000000
v 56.254519 27.445890 -53.000000
v 56.700000 27.860000 -51.000000
v 56.737482 27.575299 -51.000000
v 56.847372 27.310000 -51.000000
v 57.022183 27.082183 -51.000000
v 57.250000 26.907372 -51.000000
v 57.515299 26.797482 -51.000000
v 57.800000 26.760000 -51.000000
v 58.084701 26.797482 -51.000000
v 58.350000 26.907372 -51.000000
v 58.577817 27.082183 -51.000000
v 58.752628 27.310000 -51.000000
v 58.862518 27.575299 -51.000000
v 58.900000 27.860000 -51.000000
v 58.862518 28.144701 -51.000000
v 58.752628 28.410000 -51.000000
v 58.577817 28.637817 -51.000000
v 58.350000 28.812628 -51.000000
v 58.084701 28.922518 -51.000000
v 57.800000 28.960000 -51.000000
v 57.515299 28.922518 -51.000000
v 57.250000 28.812628 -51.000000
v 57.022183 28.637817 -51.000000
v 56.847372 28.410000 -51.000000
v 56.737482 28.144701 -51.000000
v 56.200000 -5.000000 -51.000000
v 56.254519 -5.414110 -51.000000
v 56.414359 -5.800000 -51.000000
v 56.668629 -6.131371 -51.000000
v 57.000000 -6.385641 -51.000000
v 57.385890 -6.545481 -51.000000
v 57.800000 -6.600000 -51.000000
v 58.214110 -6.545481 -51.000000
v 58.600000 -6.385641 -51.000000
v 58.931371 -6.131371 -51.000000
v 59.185641 -5.800000 -51.000000
v 59.345481 -5.414110 -51.000000
v 59.400000 -5.000000 -51.000000
v 59.345481 -4.585890 -51.000000
v 59.185641 -4.200000 -51.000000
v 58.931371 -3.868629 -51.000000
v 58.600000 -3.614359 -51.000000
v 58.214110 -3.454519 -51.000000
v 57.800000 -3.400000 -51.000000
v 57.385890 -3.454519 -51.000000
v 57.000000 -3.614359 -51.000000
v 56.668629 -3.868629 -51.000000
v 56.414359 -4.200000 -51.000000
v 56.254519 -4.585890 -51.000000
v 56.200000 -5.000000 -53.000000
v 56.254519 -4.585890 -53.000000
v 56.414359 -4.200000 -53.000000
v 56.668629 -3.868629 -53.000000
v 57.000000 -3.614359 -53.000000
v 57.385890 -3.454519 -53.000000
v 57.800000 -3.400000 -53.000000
v 58.214110 -3.454519 -53.000000
v 58.600000 -3.614359 -53.000000
v 58.931371 -3.868629 -53.000000
v 59.185641 -4.200000 -53.000000
v 59.345481 -4.585890 -53.000000
v 59.400000 -5.000000 -53.000000
v 59.345481 -5.414110 -53.000000
v 59.185641 -5.800000 -53.000000
v 58.931371 -6.131371 -53.000000
v 58.600000 -6.385641 -53.000000
v 58.214110 -6.545481 -53.000000
v 57.800000 -6.600000 -53.000000
v 57.385890 -6.545481 -53.000000
v 57.000000 -6.385641 -53.000000
v 56.668629 -6.131371 -53.000000
v 56.414359 -5.800000 -53.000000
v 56.254519 -5.414110 -53.000000
v 56.700000 -5.000000 -51.000000
v 56.737482 -5.284701 -51.000000
v 56.847372 -5.550000 -51.000000
v 57.022183 -5.777817 -51.000000
v 57.250000 -5.952628 -51.000000
v 57.515299 -6.062518 -51.000000
v 57.800000 -6.100000 -51.000000
v 58.084701 -6.062518 -51.000000
v 58.350000 -5.952628 -51.000000
v 58.577817 -5.777817 -51.000000
v 58.752628 -5.550000 -51.000000
v 58.862518 -5.284701 -51.000000
v 58.900000 -5.000000 -51.000000
v 58.862518 -4.715299 -51.000000
v 58.752628 -4.450000 -51.000000
v 58.577817 -4.222183 -51.000000
v 58.350000 -4.047372 -51.000000
v 58.084701 -3.937482 -51.000000
v 57.800000 -3.900000 -51.000000
v 57.515299 -3.937482 -51.000000
v 57.250000 -4.047372 -51.000000
v 57.022183 -4.222183 -51.000000
v 56.847372 -4.450000 -51.000000
v 56.737482 -4.715299 -51.000000
v 120.200000 27.860000 -51.000000
v 120.254519 27.445890 -51.000000
v 120.414359 27.060000 -51.000000
v 120.668629 26.728629 -51.000000
v 121.000000 26.474359 -51.000000
v 121.385890 26.314519 -51.000000
v 121.800000 26.260000 -51.000000
v 122.214110 26.314519 -51.000000
v 122.600000 26.474359 -51.000000
v 122.931371 26.728629 -51.000000
v 123.185641 27.060000 -51.000000
v 123.345481 27.445890 -51.000000
v 123.400000 27.860000 -51.000000
v 123.345481 28.274110 -51.000000
v 123.185641 28.660000 -51.000000
v 122.931371 28.991371 -51.000000
v 122.600000 29.245641 -51.000000
v 122.214110 29.405481 -51.000000
v 121.800000 29.460000 -51.000000
v 121.385890 29.405481 -51.000000
v 121.000000 29.245641 -51.000000
v 120.668629 28.991371 -51.000000
v 120.414359 28.660000 -51.000000
v 120.254519 28.274110 -51.000000
v 120.200000 27.860000 -53.000000
v 120.254519 28.274110 -53.000000
v 120.414359 28.660000 -53.000000
v 120.668629 28.991371 -53.000000
v 121.000000 29.245641 -53.000000
v 121.385890 29.405481 -53.000000
v 121.800000 29.460000 -53.000000
v 122.214110 29.405481 -53.000000
v 122.600000 29.245641 -53.000000
v 122.931371 28.991371 -53.000000
v 123.185641 28.660000 -53.000000
v 123.345481 28.274110 -53.000000
v 123.400000 27.860000 -53.000000
v 123.345481 27.445890 -53.000000
v 123.185641 27.060000 -53.000000
v 122.931371 26.728629 -53.000000
v 122.600000 26.474359 -53.000000
v 122.214110 26.314519 -53.000000
v 121.800000 26.260000 -53.000000
v 121.385890 26.314519 -53.000000
v 121.000000 26.474359 -53.000000
v 120.668629 26.728629 -53.000000
v 120.414359 27.060000 -53.000000
v 120.254519 27.445890 -53.000000
v 120.700000 27.860000 -51.000000
v 120.737482 27.575299 -51.000000
v 120.847372 27.310000 -51.000000
v 121.022183 27.082183 -51.000000
v 121.250000 26.907372 -51.000000
v 121.515299 26.797482 -51.000000
v 121.800000 26.760000 -51.000000
v 122.084701 26.797482 -51.000000
v 122.350000 26.907372 -51.000000
v 122.577817 27.082183 -51.000000
v 122.752628 27.310000 -51.000000
v 122.862518 27.575299 -51.000000
v 122.900000 27.860000 -51.000000
v 122.862518 28.144701 -51.000000
v 122.752628 28.410000 -51.000000
v 122.577817 28.637817 -51.000000
v 122.350000 28.812628 -51.000000
v 122.084701 28.922518 -51.000000
v 121.800000 28.960000 -51.000000
v 121.515299 28.922518 -51.000000
v 121.250000 28.812628 -51.000000
v 121.022183 28.637817 -51.000000
v 120.847372 28.410000 -51.000000
v 120.737482 28.144701 -51.000000
v 120.200000 -5.000000 -51.000000
v 120.254519 -5.414110 -51.000000
v 120.414359 -5.800000 -51.000000
v 120.668629 -6.131371 -51.000000
v 121.000000 -6.385641 -51.000000
v 121.385890 -6.545481 -51.000000
v 121.800000 -6.600000 -51.000000
v 122.214110 -6.545481 -51.000000
v 122.600000 -6.385641 -51.000000
v 122.931371 -6.131371 -51.000000
v 123.185641 -5.800000 -51.000000
v 123.345481 -5.414110 -51.000000
v 123.400000 -5.000000 -51.000000
v 123.345481 -4.585890 -51.000000
v 123.185641 -4.200000 -51.000000
v 122.931371 -3.868629 -51.000000
v 122.600000 -3.614359 -51.000000
v 122.214110 -3.454519 -51.000000
v 121.800000 -3.400000 -51.000000
v 121.385890 -3.454519 -51.000000
v 121.000000 -3.614359 -51.000000
v 120.668629 -3.868629 -51.000000
v 120.414359 -4.200000 -51.000000
v 120.254519 -4.585890 -51.000000
v 120.200000 -5.000000 -53.000000
v 120.254519 -4.585890 -53.000000
v 120.414359 -4.200000 -53.000000
v 120.668629 -3.868629 -53.000000
v 121.000000 -3.614359 -53.000000
v 121.385890 -3.454519 -53.000000
v 121.800000 -3.400000 -53.000000
v 122.214110 -3.454519 -53.000000
v 122.600000 -3.614359 -53.000000
v 122.931371 -3.868629 -53.000000
v 123.185641 -4.200000 -53.000000
v 123.345481 -4.585890 -53.000000
v 123.400000 -5.000000 -53.000000
v 123.345481 -5.414110 -53.000000
v 123.185641 -5.800000 -53.000000
v 122.931371 -6.131371 -53.000000
v 122.600000 -6.385641 -53.000000
v 122.214110 -6.545481 -53.000000
v 121.800000 -6.600000 -53.000000
v 121.385890 -6.545481 -53.000000
v 121.000000 -6.385641 -53.000000
v 120.668629 -6.131371 -53.000000
v 120.414359 -5.800000 -53.000000
v 120.254519 -5.414110 -53.000000
v 120.700000 -5.000000 -51.000000
v 120.737482 -5.284701 -51.000000
v 120.847372 -5.550000 -51.000000
v 121.022183 -5.777817 -51.000000
v 121.250000 -5.952628 -51.000000
v 121.515299 -6.062518 -51.000000
v 121.800000 -6.100000 -51.000000
v 122.084701 -6.062518 -51.000000
v 122.350000 -5.952628 -51.000000
v 122.577817 -5.777817 -51.000000
v 122.752628 -5.550000 -51.000000
v 122.862518 -5.284701 -51.000000
v 122.900000 -5.000000 -51.000000
v 122.862518 -4.715299 -51.000000
v 122.752628 -4.450000 -51.000000
v 122.577817 -4.222183 -51.000000
v 122.350000 -4.047372 -51.000000
v 122.084701 -3.937482 -51.000000
v 121.800000 -3.900000 -51.000000
v 121.515299 -3.937482 -51.000000
v 121.250000 -4.047372 -51.000000
v 121.022183 -4.222183 -51.000000
v 120.847372 -4.450000 -51.000000
v 120.737482 -4.715299 -51.000000
v 56.700000 27.860000 -50.000000
v 56.737482 27.575299 -50.000000
v 56.847372 27.310000 -50.000000
v 57.022183 27.082183 -50.000000
v 57.250000 26.907372 -50.000000
v 57.515299 26.797482 -50.000000
v 57.800000 26.760000 -50.000000
v 58.084701 26.797482 -50.000000
v 58.350000 26.907372 -50.000000
v 58.577817 27.082183 -50.000000
v 58.752628 27.310000 -50.000000
v 58.862518 27.575299 -50.000000
v 58.900000 27.860000 -50.000000
v 58.862518 28.144701 -50.000000
v 58.752628 28.410000 -50.000000
v 58.577817 28.637817 -50.000000
v 58.350000 28.812628 -50.000000
v 58.084701 28.922518 -50.000000
v 57.800000 28.960000 -50.000000
v 57.515299 28.922518 -50.000000
v 57.250000 28.812628 -50.000000
v 57.022183 28.637817 -50.000000
v 56.847372 28.410000 -50.000000
v 56.737482 28.144701 -50.000000
v 120.700000 27.860000 -50.000000
v 120.737482 27.575299 -50.000000
v 120.847372 27.310000 -50.000000
v 121.022183 27.082183 -50.000000
v 121.250000 26.907372 -50.000000
v 121.515299 26.797482 -50.000000
v 121.800000 26.760000 -50.000000
v 122.084701 26.797482 -50.000000
v 122.350000 26.907372 -50.000000
v 122.577817 27.082183 -50.000000
v 122.752628 27.310000 -50.000000
v 122.862518 27.575299 -50.000000
v 122.900000 27.860000 -50.000000
v 122.862518 28.144701 -50.000000
v 122.752628 28.410000 -50.000000
v 122.577817 28.637817 -50.000000
v 122.350000 28.812628 -50.000000
v 122.084701 28.922518 -50.000000
v 121.800000 28.960000 -50.000000
v 121.515299 28.922518 -50.000000
v 121.250000 28.812628 -50.000000
v 121.022183 28.637817 -50.000000
v 120.847372 28.410000 -50.000000
v 120.737482 28.144701 -50.000000
v 56.700000 -5.000000 -50.000000
v 56.737482 -5.284701 -50.000000
v 56.847372 -5.550000 -50.000000
v 57.022183 -5.777817 -50.000000
v 57.250000 -5.952628 -50.000000
v 57.515299 -6.062518 -50.000000
v 57.800000 -6.100000 -50.000000
v 58.084701 -6.062518 -50.000000
v 58.350000 -5.952628 -50.000000
v 58.577817 -5.777817 -50.000000
v 58.752628 -5.550000 -50.000000
v 58.862518 -5.284701 -50.000000
v 58.900000 -5.000000 -50.000000
v 58.862518 -4.715299 -50.000000
v 58.752628 -4.450000 -50.000000
v 58.577817 -4.222183 -50.000000
v 58.350000 -4.047372 -50.000000
v 58.084701 -3.937482 -50.000000
v 57.800000 -3.900000 -50.000000
v 57.515299 -3.937482 -50.000000
v 57.250000 -4.047372 -50.000000
v 57.022183 -4.222183 -50.000000
v 56.847372 -4.450000 -50.000000
v 56.737482 -4.715299 -50.000000
v 120.700000 -5.000000 -50.000000
v 120.737482 -5.284701 -50.000000
v 120.847372 -5.550000 -50.000000
v 121.022183 -5.777817 -50.000000
v 121.250000 -5.952628 -50.000000
v 121.515299 -6.062518 -50.000000
v 121.800000 -6.100000 -50.000000
v 122.084701 -6.062518 -50.000000
v 122.350000 -5.952628 -50.000000
v 122.577817 -5.777817 -50.000000
v 122.752628 -5.550000 -50.000000
v 122.862518 -5.284701 -50.000000
v 122.900000 -5.000000 -50.000000
v 122.862518 -4.715299 -50.000000
v 122.752628 -4.450000 -50.000000
v 122.577817 -4.222183 -50.000000
v 122.350000 -4.047372 -50.000000
v 122.084701 -3.937482 -50.000000
v 121.800000 -3.900000 -50.000000
v 121.515299 -3.937482 -50.000000
v 121.250000 -4.047372 -50.000000
v 121.022183 -4.222183 -50.000000
v 120.847372 -4.450000 -50.000000
v 120.737482 -4.715299 -50.000000
v 129.800000 29.860000 -50.000000
v 129.800000 -7.000000 -50.000000
v 129.800000 -7.000000 -53.000000
v 129.800000 29.860000 -53.000000
v 49.800000 29.860000 -50.000000
v 49.800000 29.860000 -53.000000
v 49.800000 -7.000000 -50.000000
v 49.800000 -7.000000 -53.000000
vt 0.300000 -1.497736 0.000000
vt 0.000000 -1.497736 0.000000
vt 0.300000 -1.570796 0.000000
vt 0.000000 -1.570796 0.000000
vt 0.300000 1.570796 0.000000
vt 0.000000 1.570796 0.000000
vt 0.300000 1.497736 0.000000
vt 0.000000 1.497736 0.000000
vt 0.000000 1.424676 0.000000
vt 0.300000 -1.424676 0.000000
vt 0.000000 -1.424676 0.000000
vt 0.300000 -1.351615 0.000000
vt 0.000000 -1.351615 0.000000
vt 0.300000 -1.278555 0.000000
vt 0.000000 -1.278555 0.000000
vt 0.300000 -1.205495 0.000000
vt 0.000000 -1.205495 0.000000
vt 0.300000 -1.132435 0.000000
vt 0.000000 -1.132435 0.000000
vt 0.300000 -1.059374 0.000000
vt 0.000000 -1.059374 0.000000
vt 0.300000 -0.986314 0.000000
vt 0.000000 -0.986314 0.000000
vt 0.300000 -0.913254 0.000000
vt 0.000000 -0.913254 0.000000
vt 0.300000 -0.840193 0.000000
vt 0.000000 -0.840193 0.000000
vt 0.300000 -0.767133 0.000000
vt 0.000000 -0.767133 0.000000
vt 0.300000 -0.694073 0.000000
vt 0.000000 -0.694073 0.000000
vt 0.300000 -0.621013 0.000000
vt 0.000000 -0.621013 0.000000
vt 0.300000 -0.547952 0.000000
vt 0.000000 -0.547952 0.000000
vt 0.300000 -0.474892 0.000000
vt 0.000000 -0.474892 0.000000
vt 0.300000 -0.401832 0.000000
vt 0.000000 -0.401832 0.000000
vt 0.300000 -0.328771 0.000000
vt 0.000000 -0.328771 0.000000
vt 0.300000 -0.255711 0.000000
vt 0.000000 -0.255711 0.000000
vt 0.300000 -0.182651 0.000000
vt 0.000000 -0.182651 0.000000
vt 0.300000 -0.109590 0.000000
vt 0.000000 -0.109590 0.000000
vt 0.300000 -0.036530 0.000000
vt 0.000000 -0.036530 0.000000
vt 0.300000 0.036530 0.000000
vt 0.000000 0.036530 0.000000
vt 0.300000 0.109590 0.000000
vt 0.000000 0.109590 0.000000
vt 0.300000 0.182651 0.000000
vt 0.000000 0.182651 0.000000
vt 0.300000 0.255711 0.000000
vt 0.000000 0.255711 0.000000
vt 0.300000 0.328771 0.000000
vt 0.000000 0.328771 0.000000
vt 0.300000 0.401832 0.000000
vt 0.000000 0.401832 0.000000
vt 0.300000 0.474892 0.000000
vt 0.000000 0.474892 0.000000
vt 0.300000 0.547952 0.000000
vt 0.000000 0.547952 0.000000
vt 0.300000 0.621013 0.000000
vt 0.000000 0.621013 0.000000
vt 0.300000 0.694073 0.000000
vt 0.000000 0.694073 0.000000
vt 0.300000 0.767133 0.000000
vt 0.000000 0.767133 0.000000
vt 0.300000 0.840193 0.000000
vt 0.000000 0.840193 0.000000
vt 0.300000 0.913254 0.000000
vt 0.000000 0.913254 0.000000
vt 0.300000 0.986314 0.000000
vt 0.000000 0.986314 0.000000
vt 0.300000 1.059374 0.000000
vt 0.000000 1.059374 0.000000
vt 0.300000 1.132435 0.000000
vt 0.000000 1.132435 0.000000
vt 0.300000 1.205495 0.000000
vt 0.000000 1.205495 0.000000
vt 0.300000 1.278555 0.000000
vt 0.000000 1.278555 0.000000
vt 0.300000 1.351615 0.000000
vt 0.000000 1.351615 0.000000
vt 0.300000 1.424676 0.000000
vt 0.300000 -1.497736 0.000000
vt 0.000000 -1.497736 0.000000
vt 0.300000 -1.570796 0.000000
vt 0.000000 -1.570796 0.000000
vt 0.300000 1.570796 0.000000
vt 0.000000 1.570796 0.000000
vt 0.300000 1.497736 0.000000
vt 0.000000 1.497736 0.000000
vt 0.000000 1.424676 0.000000
vt 0.300000 -1.424676 0.000000
vt 0.000000 -1.424676 0.000000
vt 0.300000 -1.351615 0.000000
vt 0.000000 -1.351615 0.000000
vt 0.300000 -1.278555 0.000000
vt 0.000000 -1.278555 0.000000
vt 0.300000 -1.205495 0.000000
vt 0.000000 -1.205495 0.000000
vt 0.300000 -1.132435 0.000000
vt 0.000000 -1.132435 0.000000
vt 0.300000 -1.059374 0.000000
vt 0.000000 -1.059374 0.000000
vt 0.300000 -0.986314 0.000000
vt 0.000000 -0.986314 0.000000
vt 0.300000 -0.913254 0.000000
vt 0.000000 -0.913254 0.000000
vt 0.300000 -0.840193 0.000000
vt 0.000000 -0.840193 0.000000
vt 0.300000 -0.767133 0.000000
vt 0.000000 -0.767133 0.000000
vt 0.300000 -0.694073 0.000000
vt 0.000000 -0.694073 0.000000
vt 0.300000 -0.621013 0.000000
vt 0.000000 -0.621013 0.000000
vt 0.300000 -0.547952 0.000000
vt 0.000000 -0.547952 0.000000
vt 0.300000 -0.474892 0.000000
vt 0.000000 -0.474892 0.000000
vt 0.300000 -0.401832 0.000000
vt 0.000000 -0.401832 0.000000
vt 0.300000 -0.328771 0.000000
vt 0.000000 -0.328771 0.000000
vt 0.300000 -0.255711 0.000000
vt 0.000000 -0.255711 0.000000
vt 0.300000 -0.182651 0.000000
vt 0.000000 -0.182651 0.000000
vt 0.300000 -0.109590 0.000000
vt 0.000000 -0.109590 0.000000
vt 0.300000 -0.036530 0.000000
vt 0.000000 -0.036530 0.000000
vt 0.300000 0.036530 0.000000
vt 0.000000 0.036530 0.000000
vt 0.300000 0.109590 0.000000
vt 0.000000 0.109590 0.000000
vt 0.300000 0.182651 0.000000
vt 0.000000 0.182651 0.000000
vt 0.300000 0.255711 0.000000
vt 0.000000 0.255711 0.000000
vt 0.300000 0.328771 0.000000
vt 0.000000 0.328771 0.000000
vt 0.300000 0.401832 0.000000
vt 0.000000 0.401832 0.000000
vt 0.300000 0.474892 0.000000
vt 0.000000 0.474892 0.000000
vt 0.300000 0.547952 0.000000
vt 0.000000 0.547952 0.000000
vt 0.300000 0.621013 0.000000
vt 0.000000 0.621013 0.000000
vt 0.300000 0.694073 0.000000
vt 0.000000 0.694073 0.000000
vt 0.300000 0.767133 0.000000
vt 0.000000 0.767133 0.000000
vt 0.300000 0.840193 0.000000
vt 0.000000 0.840193 0.000000
vt 0.300000 0.913254 0.000000
vt 0.000000 0.913254 0.000000
vt 0.300000 0.986314 0.000000
vt 0.000000 0.986314 0.000000
vt 0.300000 1.059374 0.000000
vt 0.000000 1.059374 0.000000
vt 0.300000 1.132435 0.000000
vt 0.000000 1.132435 0.000000
vt 0.300000 1.205495 0.000000
vt 0.000000 1.205495 0.000000
vt 0.300000 1.278555 0.000000
vt 0.000000 1.278555 0.000000
vt 0.300000 1.351615 0.000000
vt 0.000000 1.351615 0.000000
vt 0.300000 1.424676 0.000000
vt 0.300000 -1.497736 0.000000
vt 0.000000 -1.497736 0.000000
vt 0.300000 -1.570796 0.000000
vt 0.000000 -1.570796 0.000000
vt 0.300000 1.570796 0.000000
vt 0.000000 1.570796 0.000000
vt 0.300000 1.497736 0.000000
vt 0.000000 1.497736 0.000000
vt 0.000000 1.424676 0.000000
vt 0.300000 -1.424676 0.000000
vt 0.000000 -1.424676 0.000000
vt 0.300000 -1.351615 0.000000
vt 0.000000 -1.351615 0.000000
vt 0.300000 -1.278555 0.000000
vt 0.000000 -1.278555 0.000000
vt 0.300000 -1.205495 0.000000
vt 0.000000 -1.205495 0.000000
vt 0.300000 -1.132435 0.000000
vt 0.000000 -1.132435 0.000000
vt 0.300000 -1.059374 0.000000
vt 0.000000 -1.059374 0.000000
vt 0.300000 -0.986314 0.000000
vt 0.000000 -0.986314 0.000000
vt 0.300000 -0.913254 0.000000
vt 0.000000 -0.913254 0.000000
vt 0.300000 -0.840193 0.000000
vt 0.000000 -0.840193 0.000000
vt 0.300000 -0.767133 0.000000
vt 0.000000 -0.767133 0.000000
vt 0.300000 -0.694073 0.000000
vt 0.000000 -0.694073 0.000000
vt 0.300000 -0.621013 0.000000
vt 0.000000 -0.621013 0.000000
vt 0.300000 -0.547952 0.000000
vt 0.000000 -0.547952 0.000000
vt 0.300000 -0.474892 0.000000
vt 0.000000 -0.474892 0.000000
vt 0.300000 -0.401832 0.000000
vt 0.000000 -0.401832 0.000000
vt 0.300000 -0.328771 0.000000
vt 0.000000 -0.328771 0.000000
vt 0.300000 -0.255711 0.000000
vt 0.000000 -0.255711 0.000000
vt 0.300000 -0.182651 0.000000
vt 0.000000 -0.182651 0.000000
vt 0.300000 -0.109590 0.000000
vt 0.000000 -0.109590 0.000000
vt 0.300000 -0.036530 0.000000
vt 0.000000 -0.036530 0.000000
vt 0.300000 0.036530 0.000000
vt 0.000000 0.036530 0.000000
vt 0.300000 0.109590 0.000000
vt 0.000000 0.109590 0.000000
vt 0.300000 0.182651 0.000000
vt 0.000000 0.182651 0.000000
vt 0.300000 0.255711 0.000000
vt 0.000000 0.255711 0.000000
vt 0.300000 0.328771 0.000000
vt 0.000000 0.328771 0.000000
vt 0.300000 0.401832 0.000000
vt 0.000000 0.401832 0.000000
vt 0.300000 0.474892 0.000000
vt 0.000000 0.474892 0.000000
vt 0.300000 0.547952 0.000000
vt 0.000000 0.547952 0.000000
vt 0.300000 0.621013 0.000000
vt 0.000000 0.621013 0.000000
vt 0.300000 0.694073 0.000000
vt 0.000000 0.694073 0.000000
vt 0.300000 0.767133 0.000000
vt 0.000000 0.767133 0.000000
vt 0.300000 0.840193 0.000000
vt 0.000000 0.840193 0.000000
vt 0.300000 0.913254 0.000000
vt 0.000000 0.913254 0.000000
vt 0.300000 0.986314 0.000000
vt 0.000000 0.986314 0.000000
vt 0.300000 1.059374 0.000000
vt 0.000000 1.059374 0.000000
vt 0.300000 1.132435 0.000000
vt 0.000000 1.132435 0.000000
vt 0.300000 1.205495 0.000000
vt 0.000000 1.205495 0.000000
vt 0.300000 1.278555 0.000000
vt 0.000000 1.278555 0.000000
vt 0.300000 1.351615 0.000000
vt 0.000000 1.351615 0.000000
vt 0.300000 1.424676 0.000000
vt 0.300000 -1.497736 0.000000
vt 0.000000 -1.497736 0.000000
vt 0.300000 -1.570796 0.000000
vt 0.000000 -1.570796 0.000000
vt 0.300000 1.570796 0.000000
vt 0.000000 1.570796 0.000000
vt 0.300000 1.497736 0.000000
vt 0.000000 1.497736 0.000000
vt 0.000000 1.424676 0.000000
vt 0.300000 -1.424676 0.000000
vt 0.000000 -1.424676 0.000000
vt 0.300000 -1.351615 0.000000
vt 0.000000 -1.351615 0.000000
vt 0.300000 -1.278555 0.000000
vt 0.000000 -1.278555 0.000000
vt 0.300000 -1.205495 0.000000
vt 0.000000 -1.205495 0.000000
vt 0.300000 -1.132435 0.000000
vt 0.000000 -1.132435 0.000000
vt 0.300000 -1.059374 0.000000
vt 0.000000 -1.059374 0.000000
vt 0.300000 -0.986314 0.000000
vt 0.000000 -0.986314 0.000000
vt 0.300000 -0.913254 0.000000
vt 0.000000 -0.913254 0.000000
vt 0.300000 -0.840193 0.000000
vt 0.000000 -0.840193 0.000000
vt 0.300000 -0.767133 0.000000
vt 0.000000 -0.767133 0.000000
vt 0.300000 -0.694073 0.000000
vt 0.000000 -0.694073 0.000000
vt 0.300000 -0.621013 0.000000
vt 0.000000 -0.621013 0.000000
vt 0.300000 -0.547952 0.000000
vt 0.000000 -0.547952 0.000000
vt 0.300000 -0.474892 0.000000
vt 0.000000 -0.474892 0.000000
vt 0.300000 -0.401832 0.000000
vt 0.000000 -0.401832 0.000000
vt 0.300000 -0.328771 0.000000
vt 0.000000 -0.328771 0.000000
vt 0.300000 -0.255711 0.000000
vt 0.000000 -0.255711 0.000000
vt 0.300000 -0.182651 0.000000
vt 0.000000 -0.182651 0.000000
vt 0.300000 -0.109590 0.000000
vt 0.000000 -0.109590 0.000000
vt 0.300000 -0.036530 0.000000
vt 0.000000 -0.036530 0.000000
vt 0.300000 0.036530 0.000000
vt 0.000000 0.036530 0.000000
vt 0.300000 0.109590 0.000000
vt 0.000000 0.109590 0.000000
vt 0.300000 0.182651 0.000000
vt 0.000000 0.182651 0.000000
vt 0.300000 0.255711 0.000000
vt 0.000000 0.255711 0.000000
vt 0.300000 0.328771 0.000000
vt 0.000000 0.328771 0.000000
vt 0.300000 0.401832 0.000000
vt 0.000000 0.401832 0.000000
vt 0.300000 0.474892 0.000000
vt 0.000000 0.474892 0.000000
vt 0.300000 0.547952 0.000000
vt 0.000000 0.547952 0.000000
vt 0.300000 0.621013 0.000000
vt 0.000000 0.621013 0.000000
vt 0.300000 0.694073 0.000000
vt 0.000000 0.694073 0.000000
vt 0.300000 0.767133 0.000000
vt 0.000000 0.767133 0.000000
vt 0.300000 0.840193 0.000000
vt 0.000000 0.840193 0.000000
vt 0.300000 0.913254 0.000000
vt 0.000000 0.913254 0.000000
vt 0.300000 0.986314 0.000000
vt 0.000000 0.986314 0.000000
vt 0.300000 1.059374 0.000000
vt 0.000000 1.059374 0.000000
vt 0.300000 1.132435 0.000000
vt 0.000000 1.132435 0.000000
vt 0.300000 1.205495 0.000000
vt 0.000000 1.205495 0.000000
vt 0.300000 1.278555 0.000000
vt 0.000000 1.278555 0.000000
vt 0.300000 1.351615 0.000000
vt 0.000000 1.351615 0.000000
vt 0.300000 1.424676 0.000000
vt 0.300000 -1.497736 0.000000
vt 0.000000 -1.497736 0.000000
vt 0.300000 -1.570796 0.000000
vt 0.000000 -1.570796 0.000000
vt 0.300000 1.570796 0.000000
vt 0.000000 1.570796 0.000000
vt 0.300000 1.497736 0.000000
vt 0.000000 1.497736 0.000000
vt 0.000000 1.424676 0.000000
vt 0.300000 -1.424676 0.000000
vt 0.000000 -1.424676 0.000000
vt 0.300000 -1.351615 0.000000
vt 0.000000 -1.351615 0.000000
vt 0.300000 -1.278555 0.000000
vt 0.000000 -1.278555 0.000000
vt 0.300000 -1.205495 0.000000
vt 0.000000 -1.205495 0.000000
vt 0.300000 -1.132435 0.000000
vt 0.000000 -1.132435 0.000000
vt 0.300000 -1.059374 0.000000
vt 0.000000 -1.059374 0.000000
vt 0.300000 -0.986314 0.000000
vt 0.000000 -0.986314 0.000000
vt 0.300000 -0.913254 0.000000
vt 0.000000 -0.913254 0.000000
vt 0.300000 -0.840193 0.000000
vt 0.000000 -0.840193 0.000000
vt 0.300000 -0.767133 0.000000
vt 0.000000 -0.767133 0.000000
vt 0.300000 -0.694073 0.000000
vt 0.000000 -0.694073 0.000000
vt 0.300000 -0.621013 0.000000
vt 0.000000 -0.621013 0.000000
vt 0.300000 -0.547952 0.000000
vt 0.000000 -0.547952 0.000000
vt 0.300000 -0.474892 0.000000
vt 0.000000 -0.474892 0.000000
vt 0.300000 -0.401832 0.000000
vt 0.000000 -0.401832 0.000000
vt 0.300000 -0.328771 0.000000
vt 0.000000 -0.328771 0.000000
vt 0.300000 -0.255711 0.000000
vt 0.000000 -0.255711 0.000000
vt 0.300000 -0.182651 0.000000
vt 0.000000 -0.182651 0.000000
vt 0.300000 -0.109590 0.000000
vt 0.000000 -0.109590 0.000000
vt 0.300000 -0.036530 0.000000
vt 0.000000 -0.036530 0.000000
vt 0.300000 0.036530 0.000000
vt 0.000000 0.036530 0.000000
vt 0.300000 0.109590 0.000000
vt 0.000000 0.109590 0.000000
vt 0.300000 0.182651 0.000000
vt 0.000000 0.182651 0.000000
vt 0.300000 0.255711 0.000000
vt 0.000000 0.255711 0.000000
vt 0.300000 0.328771 0.000000
vt 0.000000 0.328771 0.000000
vt 0.300000 0.401832 0.000000
vt 0.000000 0.401832 0.000000
vt 0.300000 0.474892 0.000000
vt 0.000000 0.474892 0.000000
vt 0.300000 0.547952 0.000000
vt 0.000000 0.547952 0.000000
vt 0.300000 0.621013 0.000000
vt 0.000000 0.621013 0.000000
vt 0.300000 0.694073 0.000000
vt 0.000000 0.694073 0.000000
vt 0.300000 0.767133 0.000000
vt 0.000000 0.767133 0.000000
vt 0.300000 0.840193 0.000000
vt 0.000000 0.840193 0.000000
vt 0.300000 0.913254 0.000000
vt 0.000000 0.913254 0.000000
vt 0.300000 0.986314 0.000000
vt 0.000000 0.986314 0.000000
vt 0.300000 1.059374 0.000000
vt 0.000000 1.059374 0.000000
vt 0.300000 1.132435 0.000000
vt 0.000000 1.132435 0.000000
vt 0.300000 1.205495 0.000000
vt 0.000000 1.205495 0.000000
vt 0.300000 1.278555 0.000000
vt 0.000000 1.278555 0.000000
vt 0.300000 1.351615 0.000000
vt 0.000000 1.351615 0.000000
vt 0.300000 1.424676 0.000000
vt 0.300000 -1.497736 0.000000
vt 0.000000 -1.497736 0.000000
vt 0.300000 -1.570796 0.000000
vt 0.000000 -1.570796 0.000000
vt 0.300000 1.570796 0.000000
vt 0.000000 1.570796 0.000000
vt 0.300000 1.497736 0.000000
vt 0.000000 1.497736 0.000000
vt 0.000000 1.424676 0.000000
vt 0.300000 -1.424676 0.000000
vt 0.000000 -1.424676 0.000000
vt 0.300000 -1.351615 0.000000
vt 0.000000 -1.351615 0.000000
vt 0.300000 -1.278555 0.000000
vt 0.000000 -1.278555 0.000000
vt 0.300000 -1.205495 0.000000
vt 0.000000 -1.205495 0.000000
vt 0.300000 -1.132435 0.000000
vt 0.000000 -1.132435 0.000000
vt 0.300000 -1.059374 0.000000
vt 0.000000 -1.059374 0.000000
vt 0.300000 -0.986314 0.000000
vt 0.000000 -0.986314 0.000000
vt 0.300000 -0.913254 0.000000
vt 0.000000 -0.913254 0.000000
vt 0.300000 -0.840193 0.000000
vt 0.000000 -0.840193 0.000000
vt 0.300000 -0.767133 0.000000
vt 0.000000 -0.767133 0.000000
vt 0.300000 -0.694073 0.000000
vt 0.000000 -0.694073 0.000000
vt 0.300000 -0.621013 0.000000
vt 0.000000 -0.621013 0.000000
vt 0.300000 -0.547952 0.000000
vt 0.000000 -0.547952 0.000000
vt 0.300000 -0.474892 0.000000
vt 0.000000 -0.474892 0.000000
vt 0.300000 -0.401832 0.000000
vt 0.000000 -0.401832 0.000000
vt 0.300000 -0.328771 0.000000
vt 0.000000 -0.328771 0.000000
vt 0.300000 -0.255711 0.000000
vt 0.000000 -0.255711 0.000000
vt 0.300000 -0.182651 0.000000
vt 0.000000 -0.182651 0.000000
vt 0.300000 -0.109590 0.000000
vt 0.000000 -0.109590 0.000000
vt 0.300000 -0.036530 0.000000
vt 0.000000 -0.036530 0.000000
vt 0.300000 0.036530 0.000000
vt 0.000000 0.036530 0.000000
vt 0.300000 0.109590 0.000000
vt 0.000000 0.109590 0.000000
vt 0.300000 0.182651 0.000000
vt 0.000000 0.182651 0.000000
vt 0.300000 0.255711 0.000000
vt 0.000000 0.255711 0.000000
vt 0.300000 0.328771 0.000000
vt 0.000000 0.328771 0.000000
vt 0.300000 0.401832 0.000000
vt 0.000000 0.401832 0.000000
vt 0.300000 0.474892 0.000000
vt 0.000000 0.474892 0.000000
vt 0.300000 0.547952 0.000000
vt 0.000000 0.547952 0.000000
vt 0.300000 0.621013 0.000000
vt 0.000000 0.621013 0.000000
vt 0.300000 0.694073 0.000000
vt 0.000000 0.694073 0.000000
vt 0.300000 0.767133 0.000000
vt 0.000000 0.767133 0.000000
vt 0.300000 0.840193 0.000000
vt 0.000000 0.840193 0.000000
vt 0.300000 0.913254 0.000000
vt 0.000000 0.913254 0.000000
vt 0.300000 0.986314 0.000000
vt 0.000000 0.986314 0.000000
vt 0.300000 1.059374 0.000000
vt 0.000000 1.059374 0.000000
vt 0.300000 1.132435 0.000000
vt 0.000000 1.132435 0.000000
vt 0.300000 1.205495 0.000000
vt 0.000000 1.205495 0.000000
vt 0.300000 1.278555 0.000000
vt 0.000000 1.278555 0.000000
vt 0.300000 1.351615 0.000000
vt 0.000000 1.351615 0.000000
vt 0.300000 1.424676 0.000000
vt 0.300000 -1.497736 0.000000
vt 0.000000 -1.497736 0.000000
vt 0.300000 -1.570796 0.000000
vt 0.000000 -1.570796 0.000000
vt 0.300000 1.570796 0.000000
vt 0.000000 1.570796 0.000000
vt 0.300000 1.497736 0.000000
vt 0.000000 1.497736 0.000000
vt 0.000000 1.424676 0.000000
vt 0.300000 -1.424676 0.000000
vt 0.000000 -1.424676 0.000000
vt 0.300000 -1.351615 0.000000
vt 0.000000 -1.351615 0.000000
vt 0.300000 -1.278555 0.000000
vt 0.000000 -1.278555 0.000000
vt 0.300000 -1.205495 0.000000
vt 0.000000 -1.205495 0.000000
vt 0.300000 -1.132435 0.000000
vt 0.000000 -1.132435 0.000000
vt 0.300000 -1.059374 0.000000
vt 0.000000 -1.059374 0.000000
vt 0.300000 -0.986314 0.000000
vt 0.000000 -0.986314 0.000000
vt 0.300000 -0.913254 0.000000
vt 0.000000 -0.913254 0.000000
vt 0.300000 -0.840193 0.000000
vt 0.000000 -0.840193 0.000000
vt 0.300000 -0.767133 0.000000
vt 0.000000 -0.767133 0.000000
vt 0.300000 -0.694073 0.000000
vt 0.000000 -0.694073 0.000000
vt 0.300000 -0.621013 0.000000
vt 0.000000 -0.621013 0.000000
vt 0.300000 -0.547952 0.000000
vt 0.000000 -0.547952 0.000000
vt 0.300000 -0.474892 0.000000
vt 0.000000 -0.474892 0.000000
vt 0.300000 -0.401832 0.000000
vt 0.000000 -0.401832 0.000000
vt 0.300000 -0.328771 0.000000
vt 0.000000 -0.328771 0.000000
vt 0.300000 -0.255711 0.000000
vt 0.000000 -0.255711 0.000000
vt 0.300000 -0.182651 0.000000
vt 0.000000 -0.182651 0.000000
vt 0.300000 -0.109590 0.000000
vt 0.000000 -0.109590 0.000000
vt 0.300000 -0.036530 0.000000
vt 0.000000 -0.036530 0.000000
vt 0.300000 0.036530 0.000000
vt 0.000000 0.036530 0.000000
vt 0.300000 0.109590 0.000000
vt 0.000000 0.109590 0.000000
vt 0.300000 0.182651 0.000000
vt 0.000000 0.182651 0.000000
vt 0.300000 0.255711 0.000000
vt 0.000000 0.255711 0.000000
vt 0.300000 0.328771 0.000000
vt 0.000000 0.328771 0.000000
vt 0.300000 0.401832 0.000000
vt 0.000000 0.401832 0.000000
vt 0.300000 0.474892 0.000000
vt 0.000000 0.474892 0.000000
vt 0.300000 0.547952 0.000000
vt 0.000000 0.547952 0.000000
vt 0.300000 0.621013 0.000000
vt 0.000000 0.621013 0.000000
vt 0.300000 0.694073 0.000000
vt 0.000000 0.694073 0.000000
vt 0.300000 0.767133 0.000000
vt 0.000000 0.767133 0.000000
vt 0.300000 0.840193 0.000000
vt 0.000000 0.840193 0.000000
vt 0.300000 0.913254 0.000000
vt 0.000000 0.913254 0.000000
vt 0.300000 0.986314 0.000000
vt 0.000000 0.986314 0.000000
vt 0.300000 1.059374 0.000000
vt 0.000000 1.059374 0.000000
vt 0.300000 1.132435 0.000000
vt 0.000000 1.132435 0.000000
vt 0.300000 1.205495 0.000000
vt 0.000000 1.205495 0.000000
vt 0.300000 1.278555 0.000000
vt 0.000000 1.278555 0.000000
vt 0.300000 1.351615 0.000000
vt 0.000000 1.351615 0.000000
vt 0.300000 1.424676 0.000000
vt 0.300000 -1.497736 0.000000
vt 0.000000 -1.497736 0.000000
vt 0.300000 -1.570796 0.000000
vt 0.000000 -1.570796 0.000000
vt 0.300000 1.570796 0.000000
vt 0.000000 1.570796 0.000000
vt 0.300000 1.497736 0.000000
vt 0.000000 1.497736 0.000000
vt 0.000000 1.424676 0.000000
vt 0.300000 -1.424676 0.000000
vt 0.000000 -1.424676 0.000000
vt 0.300000 -1.351615 0.000000
vt 0.000000 -1.351615 0.000000
vt 0.300000 -1.278555 0.000000
vt 0.000000 -1.278555 0.000000
vt 0.300000 -1.205495 0.000000
vt 0.000000 -1.205495 0.000000
vt 0.300000 -1.132435 0.000000
vt 0.000000 -1.132435 0.000000
vt 0.300000 -1.059374 0.000000
vt 0.000000 -1.059374 0.000000
vt 0.300000 -0.986314 0.000000
vt 0.000000 -0.986314 0.000000
vt 0.300000 -0.913254 0.000000
vt 0.000000 -0.913254 0.000000
vt 0.300000 -0.840193 0.000000
vt 0.000000 -0.840193 0.000000
vt 0.300000 -0.767133 0.000000
vt 0.000000 -0.767133 0.000000
vt 0.300000 -0.694073 0.000000
vt 0.000000 -0.694073 0.000000
vt 0.300000 -0.621013 0.000000
vt 0.000000 -0.621013 0.000000
vt 0.300000 -0.547952 0.000000
vt 0.000000 -0.547952 0.000000
vt 0.300000 -0.474892 0.000000
vt 0.000000 -0.474892 0.000000
vt 0.300000 -0.401832 0.000000
vt 0.000000 -0.401832 0.000000
vt 0.300000 -0.328771 0.000000
vt 0.000000 -0.328771 0.000000
vt 0.300000 -0.255711 0.000000
vt 0.000000 -0.255711 0.000000
vt 0.300000 -0.182651 0.000000
vt 0.000000 -0.182651 0.000000
vt 0.300000 -0.109590 0.000000
vt 0.000000 -0.109590 0.000000
vt 0.300000 -0.036530 0.000000
vt 0.000000 -0.036530 0.000000
vt 0.300000 0.036530 0.000000
vt 0.000000 0.036530 0.000000
vt 0.300000 0.109590 0.000000
vt 0.000000 0.109590 0.000000
vt 0.300000 0.182651 0.000000
vt 0.000000 0.182651 0.000000
vt 0.300000 0.255711 0.000000
vt 0.000000 0.255711 0.000000
vt 0.300000 0.328771 0.000000
vt 0.000000 0.328771 0.000000
vt 0.300000 0.401832 0.000000
vt 0.000000 0.401832 0.000000
vt 0.300000 0.474892 0.000000
vt 0.000000 0.474892 0.000000
vt 0.300000 0.547952 0.000000
vt 0.000000 0.547952 0.000000
vt 0.300000 0.621013 0.000000
vt 0.000000 0.621013 0.000000
vt 0.300000 0.694073 0.000000
vt 0.000000 0.694073 0.000000
vt 0.300000 0.767133 0.000000
vt 0.000000 0.767133 0.000000
vt 0.300000 0.840193 0.000000
vt 0.000000 0.840193 0.000000
vt 0.300000 0.913254 0.000000
vt 0.000000 0.913254 0.000000
vt 0.300000 0.986314 0.000000
vt 0.000000 0.986314 0.000000
vt 0.300000 1.059374 0.000000
vt 0.000000 1.059374 0.000000
vt 0.300000 1.132435 0.000000
vt 0.000000 1.132435 0.000000
vt 0.300000 1.205495 0.000000
vt 0.000000 1.205495 0.000000
vt 0.300000 1.278555 0.000000
vt 0.000000 1.278555 0.000000
vt 0.300000 1.351615 0.000000
vt 0.000000 1.351615 0.000000
vt 0.300000 1.424676 0.000000
vt 0.300000 -1.497736 0.000000
vt 0.000000 -1.497736 0.000000
vt 0.300000 -1.570796 0.000000
vt 0.000000 -1.570796 0.000000
vt 0.300000 1.570796 0.000000
vt 0.000000 1.570796 0.000000
vt 0.300000 1.497736 0.000000
vt 0.000000 1.497736 0.000000
vt 0.000000 1.424676 0.000000
vt 0.300000 -1.424676 0.000000
vt 0.000000 -1.424676 0.000000
vt 0.300000 -1.351615 0.000000
vt 0.000000 -1.351615 0.000000
vt 0.300000 -1.278555 0.000000
vt 0.000000 -1.278555 0.000000
vt 0.300000 -1.205495 0.000000
vt 0.000000 -1.205495 0.000000
vt 0.300000 -1.132435 0.000000
vt 0.000000 -1.132435 0.000000
vt 0.300000 -1.059374 0.000000
vt 0.000000 -1.059374 0.000000
vt 0.300000 -0.986314 0.000000
vt 0.000000 -0.986314 0.000000
vt 0.300000 -0.913254 0.000000
vt 0.000000 -0.913254 0.000000
vt 0.300000 -0.840193 0.000000
vt 0.000000 -0.840193 0.000000
vt 0.300000 -0.767133 0.000000
vt 0.000000 -0.767133 0.000000
vt 0.300000 -0.694073 0.000000
vt 0.000000 -0.694073 0.000000
vt 0.300000 -0.621013 0.000000
vt 0.000000 -0.621013 0.000000
vt 0.300000 -0.547952 0.000000
vt 0.000000 -0.547952 0.000000
vt 0.300000 -0.474892 0.000000
vt 0.000000 -0.474892 0.000000
vt 0.300000 -0.401832 0.000000
vt 0.000000 -0.401832 0.000000
vt 0.300000 -0.328771 0.000000
vt 0.000000 -0.328771 0.000000
vt 0.300000 -0.255711 0.000000
vt 0.000000 -0.255711 0.000000
vt 0.300000 -0.182651 0.000000
vt 0.000000 -0.182651 0.000000
vt 0.300000 -0.109590 0.000000
vt 0.000000 -0.109590 0.000000
vt 0.300000 -0.036530 0.000000
vt 0.000000 -0.036530 0.000000
vt 0.300000 0.036530 0.000000
vt 0.000000 0.036530 0.000000
vt 0.300000 0.109590 0.000000
vt 0.000000 0.109590 0.000000
vt 0.300000 0.182651 0.000000
vt 0.000000 0.182651 0.000000
vt 0.300000 0.255711 0.000000
vt 0.000000 0.255711 0.000000
vt 0.300000 0.328771 0.000000
vt 0.000000 0.328771 0.000000
vt 0.300000 0.401832 0.000000
vt 0.000000 0.401832 0.000000
vt 0.300000 0.474892 0.000000
vt 0.000000 0.474892 0.000000
vt 0.300000 0.547952 0.000000
vt 0.000000 0.547952 0.000000
vt 0.300000 0.621013 0.000000
vt 0.000000 0.621013 0.000000
vt 0.300000 0.694073 0.000000
vt 0.000000 0.694073 0.000000
vt 0.300000 0.767133 0.000000
vt 0.000000 0.767133 0.000000
vt 0.300000 0.840193 0.000000
vt 0.000000 0.840193 0.000000
vt 0.300000 0.913254 0.000000
vt 0.000000 0.913254 0.000000
vt 0.300000 0.986314 0.000000
vt 0.000000 0.986314 0.000000
vt 0.300000 1.059374 0.000000
vt 0.000000 1.059374 0.000000
vt 0.300000 1.132435 0.000000
vt 0.000000 1.132435 0.000000
vt 0.300000 1.205495 0.000000
vt 0.000000 1.205495 0.000000
vt 0.300000 1.278555 0.000000
vt 0.000000 1.278555 0.000000
vt 0.300000 1.351615 0.000000
vt 0.000000 1.351615 0.000000
vt 0.300000 1.424676 0.000000
vt 0.300000 -1.497736 0.000000
vt 0.000000 -1.497736 0.000000
vt 0.300000 -1.570796 0.000000
vt 0.000000 -1.570796 0.000000
vt 0.300000 1.570796 0.000000
vt 0.000000 1.570796 0.000000
vt 0.300000 1.497736 0.000000
vt 0.000000 1.497736 0.000000
vt 0.000000 1.424676 0.000000
vt 0.300000 -1.424676 0.000000
vt 0.000000 -1.424676 0.000000
vt 0.300000 -1.351615 0.000000
vt 0.000000 -1.351615 0.000000
vt 0.300000 -1.278555 0.000000
vt 0.000000 -1.278555 0.000000
vt 0.300000 -1.205495 0.000000
vt 0.000000 -1.205495 0.000000
vt 0.300000 -1.132435 0.000000
vt 0.000000 -1.132435 0.000000
vt 0.300000 -1.059374 0.000000
vt 0.000000 -1.059374 0.000000
vt 0.300000 -0.986314 0.000000
vt 0.000000 -0.986314 0.000000
vt 0.300000 -0.913254 0.000000
vt 0.000000 -0.913254 0.000000
vt 0.300000 -0.840193 0.000000
vt 0.000000 -0.840193 0.000000
vt 0.300000 -0.767133 0.000000
vt 0.000000 -0.767133 0.000000
vt 0.300000 -0.694073 0.000000
vt 0.000000 -0.694073 0.000000
vt 0.300000 -0.621013 0.000000
vt 0.000000 -0.621013 0.000000
vt 0.300000 -0.547952 0.000000
vt 0.000000 -0.547952 0.000000
vt 0.300000 -0.474892 0.000000
vt 0.000000 -0.474892 0.000000
vt 0.300000 -0.401832 0.000000
vt 0.000000 -0.401832 0.000000
vt 0.300000 -0.328771 0.000000
vt 0.000000 -0.328771 0.000000
vt 0.300000 -0.255711 0.000000
vt 0.000000 -0.255711 0.000000
vt 0.300000 -0.182651 0.000000
vt 0.000000 -0.182651 0.000000
vt 0.300000 -0.109590 0.000000
vt 0.000000 -0.109590 0.000000
vt 0.300000 -0.036530 0.000000
vt 0.000000 -0.036530 0.000000
vt 0.300000 0.036530 0.000000
vt 0.000000 0.036530 0.000000
vt 0.300000 0.109590 0.000000
vt 0.000000 0.109590 0.000000
vt 0.300000 0.182651 0.000000
vt 0.000000 0.182651 0.000000
vt 0.300000 0.255711 0.000000
vt 0.000000 0.255711 0.000000
vt 0.300000 0.328771 0.000000
vt 0.000000 0.328771 0.000000
vt 0.300000 0.401832 0.000000
vt 0.000000 0.401832 0.000000
vt 0.300000 0.474892 0.000000
vt 0.000000 0.474892 0.000000
vt 0.300000 0.547952 0.000000
vt 0.000000 0.547952 0.000000
vt 0.300000 0.621013 0.000000
vt 0.000000 0.621013 0.000000
vt 0.300000 0.694073 0.000000
vt 0.000000 0.694073 0.000000
vt 0.300000 0.767133 0.000000
vt 0.000000 0.767133 0.000000
vt 0.300000 0.840193 0.000000
vt 0.000000 0.840193 0.000000
vt 0.300000 0.913254 0.000000
vt 0.000000 0.913254 0.000000
vt 0.300000 0.986314 0.000000
vt 0.000000 0.986314 0.000000
vt 0.300000 1.059374 0.000000
vt 0.000000 1.059374 0.000000
vt 0.300000 1.132435 0.000000
vt 0.000000 1.132435 0.000000
vt 0.300000 1.205495 0.000000
vt 0.000000 1.205495 0.000000
vt 0.300000 1.278555 0.000000
vt 0.000000 1.278555 0.000000
vt 0.300000 1.351615 0.000000
vt 0.000000 1.351615 0.000000
vt 0.300000 1.424676 0.000000
vt 0.300000 -1.497736 0.000000
vt 0.000000 -1.497736 0.000000
vt 0.300000 -1.570796 0.000000
vt 0.000000 -1.570796 0.000000
vt 0.300000 1.570796 0.000000
vt 0.000000 1.570796 0.000000
vt 0.300000 1.497736 0.000000
vt 0.000000 1.497736 0.000000
vt 0.000000 1.424676 0.000000
vt 0.300000 -1.424676 0.000000
vt 0.000000 -1.424676 0.000000
vt 0.300000 -1.351615 0.000000
vt 0.000000 -1.351615 0.000000
vt 0.300000 -1.278555 0.000000
vt 0.000000 -1.278555 0.000000
vt 0.300000 -1.205495 0.000000
vt 0.000000 -1.205495 0.000000
vt 0.300000 -1.132435 0.000000
vt 0.000000 -1.132435 0.000000
vt 0.300000 -1.059374 0.000000
vt 0.000000 -1.059374 0.000000
vt 0.300000 -0.986314 0.000000
vt 0.000000 -0.986314 0.000000
vt 0.300000 -0.913254 0.000000
vt 0.000000 -0.913254 0.000000
vt 0.300000 -0.840193 0.000000
vt 0.000000 -0.840193 0.000000
vt 0.300000 -0.767133 0.000000
vt 0.000000 -0.767133 0.000000
vt 0.300000 -0.694073 0.000000
vt 0.000000 -0.694073 0.000000
vt 0.300000 -0.621013 0.000000
vt 0.000000 -0.621013 0.000000
vt 0.300000 -0.547952 0.000000
vt 0.000000 -0.547952 0.000000
vt 0.300000 -0.474892 0.000000
vt 0.000000 -0.474892 0.000000
vt 0.300000 -0.401832 0.000000
vt 0.000000 -0.401832 0.000000
vt 0.300000 -0.328771 0.000000
vt 0.000000 -0.328771 0.000000
vt 0.300000 -0.255711 0.000000
vt 0.000000 -0.255711 0.000000
vt 0.300000 -0.182651 0.000000
vt 0.000000 -0.182651 0.000000
vt 0.300000 -0.109590 0.000000
vt 0.000000 -0.109590 0.000000
vt 0.300000 -0.036530 0.000000
vt 0.000000 -0.036530 0.000000
vt 0.300000 0.036530 0.000000
vt 0.000000 0.036530 0.000000
vt 0.300000 0.109590 0.000000
vt 0.000000 0.109590 0.000000
vt 0.300000 0.182651 0.000000
vt 0.000000 0.182651 0.000000
vt 0.300000 0.255711 0.000000
vt 0.000000 0.255711 0.000000
vt 0.300000 0.328771 0.000000
vt 0.000000 0.328771 0.000000
vt 0.300000 0.401832 0.000000
vt 0.000000 0.401832 0.000000
vt 0.300000 0.474892 0.000000
vt 0.000000 0.474892 0.000000
vt 0.300000 0.547952 0.000000
vt 0.000000 0.547952 0.000000
vt 0.300000 0.621013 0.000000
vt 0.000000 0.621013 0.000000
vt 0.300000 0.694073 0.000000
vt 0.000000 0.694073 0.000000
vt 0.300000 0.767133 0.000000
vt 0.000000 0.767133 0.000000
vt 0.300000 0.840193 0.000000
vt 0.000000 0.840193 0.000000
vt 0.300000 0.913254 0.000000
vt 0.000000 0.913254 0.000000
vt 0.300000 0.986314 0.000000
vt 0.000000 0.986314 0.000000
vt 0.300000 1.059374 0.000000
vt 0.000000 1.059374 0.000000
vt 0.300000 1.132435 0.000000
vt 0.000000 1.132435 0.000000
vt 0.300000 1.205495 0.000000
vt 0.000000 1.205495 0.000000
vt 0.300000 1.278555 0.000000
vt 0.000000 1.278555 0.000000
vt 0.300000 1.351615 0.000000
vt 0.000000 1.351615 0.000000
vt 0.300000 1.424676 0.000000
vt 0.300000 -1.497736 0.000000
vt 0.000000 -1.497736 0.000000
vt 0.300000 -1.570796 0.000000
vt 0.000000 -1.570796 0.000000
vt 0.300000 1.570796 0.000000
vt 0.000000 1.570796 0.000000
vt 0.300000 1.497736 0.000000
vt 0.000000 1.497736 0.000000
vt 0.000000 1.424676 0.000000
vt 0.300000 -1.424676 0.000000
vt 0.000000 -1.424676 0.000000
vt 0.300000 -1.351615 0.000000
vt 0.000000 -1.351615 0.000000
vt 0.300000 -1.278555 0.000000
vt 0.000000 -1.278555 0.000000
vt 0.300000 -1.205495 0.000000
vt 0.000000 -1.205495 0.000000
vt 0.300000 -1.132435 0.000000
vt 0.000000 -1.132435 0.000000
vt 0.300000 -1.059374 0.000000
vt 0.000000 -1.059374 0.000000
vt 0.300000 -0.986314 0.000000
vt 0.000000 -0.986314 0.000000
vt 0.300000 -0.913254 0.000000
vt 0.000000 -0.913254 0.000000
vt 0.300000 -0.840193 0.000000
vt 0.000000 -0.840193 0.000000
vt 0.300000 -0.767133 0.000000
vt 0.000000 -0.767133 0.000000
vt 0.300000 -0.694073 0.000000
vt 0.000000 -0.694073 0.000000
vt 0.300000 -0.621013 0.000000
vt 0.000000 -0.621013 0.000000
vt 0.300000 -0.547952 0.000000
vt 0.000000 -0.547952 0.000000
vt 0.300000 -0.474892 0.000000
vt 0.000000 -0.474892 0.000000
vt 0.300000 -0.401832 0.000000
vt 0.000000 -0.401832 0.000000
vt 0.300000 -0.328771 0.000000
vt 0.000000 -0.328771 0.000000
vt 0.300000 -0.255711 0.000000
vt 0.000000 -0.255711 0.000000
vt 0.300000 -0.182651 0.000000
vt 0.000000 -0.182651 0.000000
vt 0.300000 -0.109590 0.000000
vt 0.000000 -0.109590 0.000000
vt 0.300000 -0.036530 0.000000
vt 0.000000 -0.036530 0.000000
vt 0.300000 0.036530 0.000000
vt 0.000000 0.036530 0.000000
vt 0.300000 0.109590 0.000000
vt 0.000000 0.109590 0.000000
vt 0.300000 0.182651 0.000000
vt 0.000000 0.182651 0.000000
vt 0.300000 0.255711 0.000000
vt 0.000000 0.255711 0.000000
vt 0.300000 0.328771 0.000000
vt 0.000000 0.328771 0.000000
vt 0.300000 0.401832 0.000000
vt 0.000000 0.401832 0.000000
vt 0.300000 0.474892 0.000000
vt 0.000000 0.474892 0.000000
vt 0.300000 0.547952 0.000000
vt 0.000000 0.547952 0.000000
vt 0.300000 0.621013 0.000000
vt 0.000000 0.621013 0.000000
vt 0.300000 0.694073 0.000000
vt 0.000000 0.694073 0.000000
vt 0.300000 0.767133 0.000000
vt 0.000000 0.767133 0.000000
vt 0.300000 0.840193 0.000000
vt 0.000000 0.840193 0.000000
vt 0.300000 0.913254 0.000000
vt 0.000000 0.913254 0.000000
vt 0.300000 0.986314 0.000000
vt 0.000000 0.986314 0.000000
vt 0.300000 1.059374 0.000000
vt 0.000000 1.059374 0.000000
vt 0.300000 1.132435 0.000000
vt 0.000000 1.132435 0.000000
vt 0.300000 1.205495 0.000000
vt 0.000000 1.205495 0.000000
vt 0.300000 1.278555 0.000000
vt 0.000000 1.278555 0.000000
vt 0.300000 1.351615 0.000000
vt 0.000000 1.351615 0.000000
vt 0.300000 1.424676 0.000000
vt 0.200000 -0.460767 0.000000
vt 0.000000 -0.460767 0.000000
vt 0.200000 -0.502655 0.000000
vt 0.000000 -0.502655 0.000000
vt 0.200000 0.502655 0.000000
vt 0.000000 0.502655 0.000000
vt 0.200000 0.460767 0.000000
vt 0.000000 0.460767 0.000000
vt 0.200000 0.418879 0.000000
vt 0.000000 0.418879 0.000000
vt 0.200000 0.376991 0.000000
vt 0.000000 0.376991 0.000000
vt 0.200000 0.335103 0.000000
vt 0.000000 0.335103 0.000000
vt 0.200000 0.293215 0.000000
vt 0.000000 0.293215 0.000000
vt 0.200000 0.251327 0.000000
vt 0.000000 0.251327 0.000000
vt 0.200000 0.209440 0.000000
vt 0.000000 0.209440 0.000000
vt 0.200000 0.167552 0.000000
vt 0.000000 0.167552 0.000000
vt 0.200000 0.125664 0.000000
vt 0.000000 0.125664 0.000000
vt 0.200000 0.083776 0.000000
vt 0.000000 0.083776 0.000000
vt 0.200000 0.041888 0.000000
vt 0.000000 0.041888 0.000000
vt 0.200000 0.000000 0.000000
vt 0.000000 0.000000 0.000000
vt 0.200000 -0.041888 0.000000
vt 0.000000 -0.041888 0.000000
vt 0.200000 -0.083776 0.000000
vt 0.000000 -0.083776 0.000000
vt 0.200000 -0.125664 0.000000
vt 0.000000 -0.125664 0.000000
vt 0.200000 -0.167552 0.000000
vt 0.000000 -0.167552 0.000000
vt 0.200000 -0.209440 0.000000
vt 0.000000 -0.209440 0.000000
vt 0.200000 -0.251327 0.000000
vt 0.000000 -0.251327 0.000000
vt 0.200000 -0.293215 0.000000
vt 0.000000 -0.293215 0.000000
vt 0.200000 -0.335103 0.000000
vt 0.000000 -0.335103 0.000000
vt 0.200000 -0.376991 0.000000
vt 0.000000 -0.376991 0.000000
vt 0.200000 -0.418879 0.000000
vt 0.000000 -0.418879 0.000000
vt -0.106252 -0.028470 0.000000
vt -0.110000 0.000000 0.000000
vt -0.160000 0.000000 0.000000
vt -0.106252 0.028470 0.000000
vt -0.154548 0.041411 0.000000
vt -0.095263 0.055000 0.000000
vt -0.138564 0.080000 0.000000
vt -0.077782 0.077782 0.000000
vt -0.113137 0.113137 0.000000
vt -0.055000 0.095263 0.000000
vt -0.080000 0.138564 0.000000
vt -0.028470 0.106252 0.000000
vt -0.041411 0.154548 0.000000
vt 0.000000 0.110000 0.000000
vt 0.000000 0.160000 0.000000
vt 0.041411 0.154548 0.000000
vt 0.028470 0.106252 0.000000
vt 0.080000 0.138564 0.000000
vt 0.055000 0.095263 0.000000
vt 0.113137 0.113137 0.000000
vt 0.077782 0.077782 0.000000
vt 0.138564 0.080000 0.000000
vt 0.095263 0.055000 0.000000
vt 0.154548 0.041411 0.000000
vt 0.106252 0.028470 0.000000
vt 0.160000 0.000000 0.000000
vt 0.110000 0.000000 0.000000
vt 0.154548 -0.041411 0.000000
vt 0.106252 -0.028470 0.000000
vt 0.095263 -0.055000 0.000000
vt 0.138564 -0.080000 0.000000
vt 0.077782 -0.077782 0.000000
vt 0.113137 -0.113137 0.000000
vt 0.055000 -0.095263 0.000000
vt 0.080000 -0.138564 0.000000
vt 0.028470 -0.106252 0.000000
vt 0.041411 -0.154548 0.000000
vt 0.000000 -0.110000 0.000000
vt 0.000000 -0.160000 0.000000
vt -0.041411 -0.154548 0.000000
vt -0.028470 -0.106252 0.000000
vt -0.080000 -0.138564 0.000000
vt -0.055000 -0.095263 0.000000
vt -0.113137 -0.113137 0.000000
vt -0.077782 -0.077782 0.000000
vt -0.138564 -0.080000 0.000000
vt -0.095263 -0.055000 0.000000
vt -0.154548 -0.041411 0.000000
vt 0.200000 -0.460767 0.000000
vt 0.000000 -0.460767 0.000000
vt 0.200000 -0.502655 0.000000
vt 0.000000 -0.502655 0.000000
vt 0.200000 0.502655 0.000000
vt 0.000000 0.502655 0.000000
vt 0.200000 0.460767 0.000000
vt 0.000000 0.460767 0.000000
vt 0.200000 0.418879 0.000000
vt 0.000000 0.418879 0.000000
vt 0.200000 0.376991 0.000000
vt 0.000000 0.376991 0.000000
vt 0.200000 0.335103 0.000000
vt 0.000000 0.335103 0.000000
vt 0.200000 0.293215 0.000000
vt 0.000000 0.293215 0.000000
vt 0.200000 0.251327 0.000000
vt 0.000000 0.251327 0.000000
vt 0.200000 0.209440 0.000000
vt 0.000000 0.209440 0.000000
vt 0.200000 0.167552 0.000000
vt 0.000000 0.167552 0.000000
vt 0.200000 0.125664 0.000000
vt 0.000000 0.125664 0.000000
vt 0.200000 0.083776 0.000000
vt 0.000000 0.083776 0.000000
vt 0.200000 0.041888 0.000000
vt 0.000000 0.041888 0.000000
vt 0.200000 0.000000 0.000000
vt 0.000000 0.000000 0.000000
vt 0.200000 -0.041888 0.000000
vt 0.000000 -0.041888 0.000000
vt 0.200000 -0.083776 0.000000
vt 0.000000 -0.083776 0.000000
vt 0.200000 -0.125664 0.000000
vt 0.000000 -0.125664 0.000000
vt 0.200000 -0.167552 0.000000
vt 0.000000 -0.167552 0.000000
vt 0.200000 -0.209440 0.000000
vt 0.000000 -0.209440 0.000000
vt 0.200000 -0.251327 0.000000
vt 0.000000 -0.251327 0.000000
vt 0.200000 -0.293215 0.000000
vt 0.000000 -0.293215 0.000000
vt 0.200000 -0.335103 0.000000
vt 0.000000 -0.335103 0.000000
vt 0.200000 -0.376991 0.000000
vt 0.000000 -0.376991 0.000000
vt 0.200000 -0.418879 0.000000
vt 0.000000 -0.418879 0.000000
vt -0.106252 -0.028470 0.000000
vt -0.110000 0.000000 0.000000
vt -0.160000 0.000000 0.000000
vt -0.106252 0.028470 0.000000
vt -0.154548 0.041411 0.000000
vt -0.095263 0.055000 0.000000
vt -0.138564 0.080000 0.000000
vt -0.077782 0.077782 0.000000
vt -0.113137 0.113137 0.000000
vt -0.055000 0.095263 0.000000
vt -0.080000 0.138564 0.000000
vt -0.028470 0.106252 0.000000
vt -0.041411 0.154548 0.000000
vt 0.000000 0.110000 0.000000
vt 0.000000 0.160000 0.000000
vt 0.041411 0.154548 0.000000
vt 0.028470 0.106252 0.000000
vt 0.080000 0.138564 0.000000
vt 0.055000 0.095263 0.000000
vt 0.113137 0.113137 0.000000
vt 0.077782 0.077782 0.000000
vt 0.138564 0.080000 0.000000
vt 0.095263 0.055000 0.000000
vt 0.154548 0.041411 0.000000
vt 0.106252 0.028470 0.000000
vt 0.160000 0.000000 0.000000
vt 0.110000 0.000000 0.000000
vt 0.154548 -0.041411 0.000000
vt 0.106252 -0.028470 0.000000
vt 0.095263 -0.055000 0.000000
vt 0.138564 -0.080000 0.000000
vt 0.077782 -0.077782 0.000000
vt 0.113137 -0.113137 0.000000
vt 0.055000 -0.095263 0.000000
vt 0.080000 -0.138564 0.000000
vt 0.028470 -0.106252 0.000000
vt 0.041411 -0.154548 0.000000
vt 0.000000 -0.110000 0.000000
vt 0.000000 -0.160000 0.000000
vt -0.041411 -0.154548 0.000000
vt -0.028470 -0.106252 0.000000
vt -0.080000 -0.138564 0.000000
vt -0.055000 -0.095263 0.000000
vt -0.113137 -0.113137 0.000000
vt -0.077782 -0.077782 0.000000
vt -0.138564 -0.080000 0.000000
vt -0.095263 -0.055000 0.000000
vt -0.154548 -0.041411 0.000000
vt 0.200000 -0.460767 0.000000
vt 0.000000 -0.460767 0.000000
vt 0.200000 -0.502655 0.000000
vt 0.000000 -0.502655 0.000000
vt 0.200000 0.502655 0.000000
vt 0.000000 0.502655 0.000000
vt 0.200000 0.460767 0.000000
vt 0.000000 0.460767 0.000000
vt 0.200000 0.418879 0.000000
vt 0.000000 0.418879 0.000000
vt 0.200000 0.376991 0.000000
vt 0.000000 0.376991 0.000000
vt 0.200000 0.335103 0.000000
vt 0.000000 0.335103 0.000000
vt 0.200000 0.293215 0.000000
vt 0.000000 0.293215 0.000000
vt 0.200000 0.251327 0.000000
vt 0.000000 0.251327 0.000000
vt 0.200000 0.209440 0.000000
vt 0.000000 0.209440 0.000000
vt 0.200000 0.167552 0.000000
vt 0.000000 0.167552 0.000000
vt 0.200000 0.125664 0.000000
vt 0.000000 0.125664 0.000000
vt 0.200000 0.083776 0.000000
vt 0.000000 0.083776 0.000000
vt 0.200000 0.041888 0.000000
vt 0.000000 0.041888 0.000000
vt 0.200000 0.000000 0.000000
vt 0.000000 0.000000 0.000000
vt 0.200000 -0.041888 0.000000
vt 0.000000 -0.041888 0.000000
vt 0.200000 -0.083776 0.000000
vt 0.000000 -0.083776 0.000000
vt 0.200000 -0.125664 0.000000
vt 0.000000 -0.125664 0.000000
vt 0.200000 -0.167552 0.000000
vt 0.000000 -0.167552 0.000000
vt 0.200000 -0.209440 0.000000
vt 0.000000 -0.209440 0.000000
vt 0.200000 -0.251327 0.000000
vt 0.000000 -0.251327 0.000000
vt 0.200000 -0.293215 0.000000
vt 0.000000 -0.293215 0.000000
vt 0.200000 -0.335103 0.000000
vt 0.000000 -0.335103 0.000000
vt 0.200000 -0.376991 0.000000
vt 0.000000 -0.376991 0.000000
vt 0.200000 -0.418879 0.000000
vt 0.000000 -0.418879 0.000000
vt -0.106252 -0.028470 0.000000
vt -0.110000 0.000000 0.000000
vt -0.160000 0.000000 0.000000
vt -0.106252 0.028470 0.000000
vt -0.154548 0.041411 0.000000
vt -0.095263 0.055000 0.000000
vt -0.138564 0.080000 0.000000
vt -0.077782 0.077782 0.000000
vt -0.113137 0.113137 0.000000
vt -0.055000 0.095263 0.000000
vt -0.080000 0.138564 0.000000
vt -0.028470 0.106252 0.000000
vt -0.041411 0.154548 0.000000
vt 0.000000 0.110000 0.000000
vt 0.000000 0.160000 0.000000
vt 0.041411 0.154548 0.000000
vt 0.028470 0.106252 0.000000
vt 0.080000 0.138564 0.000000
vt 0.055000 0.095263 0.000000
vt 0.113137 0.113137 0.000000
vt 0.077782 0.077782 0.000000
vt 0.138564 0.080000 0.000000
vt 0.095263 0.055000 0.000000
vt 0.154548 0.041411 0.000000
vt 0.106252 0.028470 0.000000
vt 0.160000 0.000000 0.000000
vt 0.110000 0.000000 0.000000
vt 0.154548 -0.041411 0.000000
vt 0.106252 -0.028470 0.000000
vt 0.095263 -0.055000 0.000000
vt 0.138564 -0.080000 0.000000
vt 0.077782 -0.077782 0.000000
vt 0.113137 -0.113137 0.000000
vt 0.055000 -0.095263 0.000000
vt 0.080000 -0.138564 0.000000
vt 0.028470 -0.106252 0.000000
vt 0.041411 -0.154548 0.000000
vt 0.000000 -0.110000 0.000000
vt 0.000000 -0.160000 0.000000
vt -0.041411 -0.154548 0.000000
vt -0.028470 -0.106252 0.000000
vt -0.080000 -0.138564 0.000000
vt -0.055000 -0.095263 0.000000
vt -0.113137 -0.113137 0.000000
vt -0.077782 -0.077782 0.000000
vt -0.138564 -0.080000 0.000000
vt -0.095263 -0.055000 0.000000
vt -0.154548 -0.041411 0.000000
vt 0.200000 -0.460767 0.000000
vt 0.000000 -0.460767 0.000000
vt 0.200000 -0.502655 0.000000
vt 0.000000 -0.502655 0.000000
vt 0.200000 0.502655 0.000000
vt 0.000000 0.502655 0.000000
vt 0.200000 0.460767 0.000000
vt 0.000000 0.460767 0.000000
vt 0.200000 0.418879 0.000000
vt 0.000000 0.418879 0.000000
vt 0.200000 0.376991 0.000000
vt 0.000000 0.376991 0.000000
vt 0.200000 0.335103 0.000000
vt 0.000000 0.335103 0.000000
vt 0.200000 0.293215 0.000000
vt 0.000000 0.293215 0.000000
vt 0.200000 0.251327 0.000000
vt 0.000000 0.251327 0.000000
vt 0.200000 0.209440 0.000000
vt 0.000000 0.209440 0.000000
vt 0.200000 0.167552 0.000000
vt 0.000000 0.167552 0.000000
vt 0.200000 0.125664 0.000000
vt 0.000000 0.125664 0.000000
vt 0.200000 0.083776 0.000000
vt 0.000000 0.083776 0.000000
vt 0.200000 0.041888 0.000000
vt 0.000000 0.041888 0.000000
vt 0.200000 0.000000 0.000000
vt 0.000000 0.000000 0.000000
vt 0.200000 -0.041888 0.000000
vt 0.000000 -0.041888 0.000000
vt 0.200000 -0.083776 0.000000
vt 0.000000 -0.083776 0.000000
vt 0.200000 -0.125664 0.000000
vt 0.000000 -0.125664 0.000000
vt 0.200000 -0.167552 0.000000
vt 0.000000 -0.167552 0.000000
vt 0.200000 -0.209440 0.000000
vt 0.000000 -0.209440 0.000000
vt 0.200000 -0.251327 0.000000
vt 0.000000 -0.251327 0.000000
vt 0.200000 -0.293215 0.000000
vt 0.000000 -0.293215 0.000000
vt 0.200000 -0.335103 0.000000
vt 0.000000 -0.335103 0.000000
vt 0.200000 -0.376991 0.000000
vt 0.000000 -0.376991 0.000000
vt 0.200000 -0.418879 0.000000
vt 0.000000 -0.418879 0.000000
vt -0.106252 -0.028470 0.000000
vt -0.110000 0.000000 0.000000
vt -0.160000 0.000000 0.000000
vt -0.106252 0.028470 0.000000
vt -0.154548 0.041411 0.000000
vt -0.095263 0.055000 0.000000
vt -0.138564 0.080000 0.000000
vt -0.077782 0.077782 0.000000
vt -0.113137 0.113137 0.000000
vt -0.055000 0.095263 0.000000
vt -0.080000 0.138564 0.000000
vt -0.028470 0.106252 0.000000
vt -0.041411 0.154548 0.000000
vt 0.000000 0.110000 0.000000
vt 0.000000 0.160000 0.000000
vt 0.041411 0.154548 0.000000
vt 0.028470 0.106252 0.000000
vt 0.080000 0.138564 0.000000
vt 0.055000 0.095263 0.000000
vt 0.113137 0.113137 0.000000
vt 0.077782 0.077782 0.000000
vt 0.138564 0.080000 0.000000
vt 0.095263 0.055000 0.000000
vt 0.154548 0.041411 0.000000
vt 0.106252 0.028470 0.000000
vt 0.160000 0.000000 0.000000
vt 0.110000 0.000000 0.000000
vt 0.154548 -0.041411 0.000000
vt 0.106252 -0.028470 0.000000
vt 0.095263 -0.055000 0.000000
vt 0.138564 -0.080000 0.000000
vt 0.077782 -0.077782 0.000000
vt 0.113137 -0.113137 0.000000
vt 0.055000 -0.095263 0.000000
vt 0.080000 -0.138564 0.000000
vt 0.028470 -0.106252 0.000000
vt 0.041411 -0.154548 0.000000
vt 0.000000 -0.110000 0.000000
vt 0.000000 -0.160000 0.000000
vt -0.041411 -0.154548 0.000000
vt -0.028470 -0.106252 0.000000
vt -0.080000 -0.138564 0.000000
vt -0.055000 -0.095263 0.000000
vt -0.113137 -0.113137 0.000000
vt -0.077782 -0.077782 0.000000
vt -0.138564 -0.080000 0.000000
vt -0.095263 -0.055000 0.000000
vt -0.154548 -0.041411 0.000000
vt 0.200000 0.316777 0.000000
vt 0.300000 0.316777 0.000000
vt 0.200000 0.345575 0.000000
vt 0.300000 0.345575 0.000000
vt 0.200000 -0.345575 0.000000
vt 0.300000 -0.345575 0.000000
vt 0.200000 -0.316777 0.000000
vt 0.300000 -0.316777 0.000000
vt 0.200000 -0.287979 0.000000
vt 0.300000 -0.287979 0.000000
vt 0.200000 -0.259181 0.000000
vt 0.300000 -0.259181 0.000000
vt 0.200000 -0.230383 0.000000
vt 0.300000 -0.230383 0.000000
vt 0.200000 -0.201586 0.000000
vt 0.300000 -0.201586 0.000000
vt 0.200000 -0.172788 0.000000
vt 0.300000 -0.172788 0.000000
vt 0.200000 -0.143990 0.000000
vt 0.300000 -0.143990 0.000000
vt 0.200000 -0.115192 0.000000
vt 0.300000 -0.115192 0.000000
vt 0.200000 -0.086394 0.000000
vt 0.300000 -0.086394 0.000000
vt 0.200000 -0.057596 0.000000
vt 0.300000 -0.057596 0.000000
vt 0.200000 -0.028798 0.000000
vt 0.300000 -0.028798 0.000000
vt 0.200000 0.000000 0.000000
vt 0.300000 0.000000 0.000000
vt 0.200000 0.028798 0.000000
vt 0.300000 0.028798 0.000000
vt 0.200000 0.057596 0.000000
vt 0.300000 0.057596 0.000000
vt 0.200000 0.086394 0.000000
vt 0.300000 0.086394 0.000000
vt 0.200000 0.115192 0.000000
vt 0.300000 0.115192 0.000000
vt 0.200000 0.143990 0.000000
vt 0.300000 0.143990 0.000000
vt 0.200000 0.172788 0.000000
vt 0.300000 0.172788 0.000000
vt 0.200000 0.201586 0.000000
vt 0.300000 0.201586 0.000000
vt 0.200000 0.230383 0.000000
vt 0.300000 0.230383 0.000000
vt 0.200000 0.259181 0.000000
vt 0.300000 0.259181 0.000000
vt 0.200000 0.287979 0.000000
vt 0.300000 0.287979 0.000000
vt 0.200000 0.316777 0.000000
vt 0.300000 0.316777 0.000000
vt 0.200000 0.345575 0.000000
vt 0.300000 0.345575 0.000000
vt 0.200000 -0.345575 0.000000
vt 0.300000 -0.345575 0.000000
vt 0.200000 -0.316777 0.000000
vt 0.300000 -0.316777 0.000000
vt 0.200000 -0.287979 0.000000
vt 0.300000 -0.287979 0.000000
vt 0.200000 -0.259181 0.000000
vt 0.300000 -0.259181 0.000000
vt 0.200000 -0.230383 0.000000
vt 0.300000 -0.230383 0.000000
vt 0.200000 -0.201586 0.000000
vt 0.300000 -0.201586 0.000000
vt 0.200000 -0.172788 0.000000
vt 0.300000 -0.172788 0.000000
vt 0.200000 -0.143990 0.000000
vt 0.300000 -0.143990 0.000000
vt 0.200000 -0.115192 0.000000
vt 0.300000 -0.115192 0.000000
vt 0.200000 -0.086394 0.000000
vt 0.300000 -0.086394 0.000000
vt 0.200000 -0.057596 0.000000
vt 0.300000 -0.057596 0.000000
vt 0.200000 -0.028798 0.000000
vt 0.300000 -0.028798 0.000000
vt 0.200000 0.000000 0.000000
vt 0.300000 0.000000 0.000000
vt 0.200000 0.028798 0.000000
vt 0.300000 0.028798 0.000000
vt 0.200000 0.057596 0.000000
vt 0.300000 0.057596 0.000000
vt 0.200000 0.086394 0.000000
vt 0.300000 0.086394 0.000000
vt 0.200000 0.115192 0.000000
vt 0.300000 0.115192 0.000000
vt 0.200000 0.143990 0.000000
vt 0.300000 0.143990 0.000000
vt 0.200000 0.172788 0.000000
vt 0.300000 0.172788 0.000000
vt 0.200000 0.201586 0.000000
vt 0.300000 0.201586 0.000000
vt 0.200000 0.230383 0.000000
vt 0.300000 0.230383 0.000000
vt 0.200000 0.259181 0.000000
vt 0.300000 0.259181 0.000000
vt 0.200000 0.287979 0.000000
vt 0.300000 0.287979 0.000000
vt 0.200000 0.316777 0.000000
vt 0.300000 0.316777 0.000000
vt 0.200000 0.345575 0.000000
vt 0.300000 0.345575 0.000000
vt 0.200000 -0.345575 0.000000
vt 0.300000 -0.345575 0.000000
vt 0.200000 -0.316777 0.000000
vt 0.300000 -0.316777 0.000000
vt 0.200000 -0.287979 0.000000
vt 0.300000 -0.287979 0.000000
vt 0.200000 -0.259181 0.000000
vt 0.300000 -0.259181 0.000000
vt 0.200000 -0.230383 0.000000
vt 0.300000 -0.230383 0.000000
vt 0.200000 -0.201586 0.000000
vt 0.300000 -0.201586 0.000000
vt 0.200000 -0.172788 0.000000
vt 0.300000 -0.172788 0.000000
vt 0.200000 -0.143990 0.000000
vt 0.300000 -0.143990 0.000000
vt 0.200000 -0.115192 0.000000
vt 0.300000 -0.115192 0.000000
vt 0.200000 -0.086394 0.000000
vt 0.300000 -0.086394 0.000000
vt 0.200000 -0.057596 0.000000
vt 0.300000 -0.057596 0.000000
vt 0.200000 -0.028798 0.000000
vt 0.300000 -0.028798 0.000000
vt 0.200000 0.000000 0.000000
vt 0.300000 0.000000 0.000000
vt 0.200000 0.028798 0.000000
vt 0.300000 0.028798 0.000000
vt 0.200000 0.057596 0.000000
vt 0.300000 0.057596 0.000000
vt 0.200000 0.086394 0.000000
vt 0.300000 0.086394 0.000000
vt 0.200000 0.115192 0.000000
vt 0.300000 0.115192 0.000000
vt 0.200000 0.143990 0.000000
vt 0.300000 0.143990 0.000000
vt 0.200000 0.172788 0.000000
vt 0.300000 0.172788 0.000000
vt 0.200000 0.201586 0.000000
vt 0.300000 0.201586 0.000000
vt 0.200000 0.230383 0.000000
vt 0.300000 0.230383 0.000000
vt 0.200000 0.259181 0.000000
vt 0.300000 0.259181 0.000000
vt 0.200000 0.287979 0.000000
vt 0.300000 0.287979 0.000000
vt 0.200000 0.316777 0.000000
vt 0.300000 0.316777 0.000000
vt 0.200000 0.345575 0.000000
vt 0.300000 0.345575 0.000000
vt 0.200000 -0.345575 0.000000
vt 0.300000 -0.345575 0.000000
vt 0.200000 -0.316777 0.000000
vt 0.300000 -0.316777 0.000000
vt 0.200000 -0.287979 0.000000
vt 0.300000 -0.287979 0.000000
vt 0.200000 -0.259181 0.000000
vt 0.300000 -0.259181 0.000000
vt 0.200000 -0.230383 0.000000
vt 0.300000 -0.230383 0.000000
vt 0.200000 -0.201586 0.000000
vt 0.300000 -0.201586 0.000000
vt 0.200000 -0.172788 0.000000
vt 0.300000 -0.172788 0.000000
vt 0.200000 -0.143990 0.000000
vt 0.300000 -0.143990 0.000000
vt 0.200000 -0.115192 0.000000
vt 0.300000 -0.115192 0.000000
vt 0.200000 -0.086394 0.000000
vt 0.300000 -0.086394 0.000000
vt 0.200000 -0.057596 0.000000
vt 0.300000 -0.057596 0.000000
vt 0.200000 -0.028798 0.000000
vt 0.300000 -0.028798 0.000000
vt 0.200000 0.000000 0.000000
vt 0.300000 0.000000 0.000000
vt 0.200000 0.028798 0.000000
vt 0.300000 0.028798 0.000000
vt 0.200000 0.057596 0.000000
vt 0.300000 0.057596 0.000000
vt 0.200000 0.086394 0.000000
vt 0.300000 0.086394 0.000000
vt 0.200000 0.115192 0.000000
vt 0.300000 0.115192 0.000000
vt 0.200000 0.143990 0.000000
vt 0.300000 0.143990 0.000000
vt 0.200000 0.172788 0.000000
vt 0.300000 0.172788 0.000000
vt 0.200000 0.201586 0.000000
vt 0.300000 0.201586 0.000000
vt 0.200000 0.230383 0.000000
vt 0.300000 0.230383 0.000000
vt 0.200000 0.259181 0.000000
vt 0.300000 0.259181 0.000000
vt 0.200000 0.287979 0.000000
vt 0.300000 0.287979 0.000000
vt -0.000000 0.000000 0.000000
vt 3.686000 0.000000 0.000000
vt 0.000000 0.300000 0.000000
vt 3.686000 0.300000 0.000000
vt 0.000000 0.000000 0.000000
vt 8.000000 0.000000 0.000000
vt 0.000000 0.300000 0.000000
vt 8.000000 0.300000 0.000000
vt 0.000000 0.000000 0.000000
vt 3.686000 0.000000 0.000000
vt 0.000000 0.300000 0.000000
vt 3.686000 0.300000 0.000000
vt -0.000000 0.000000 0.000000
vt 8.000000 0.000000 0.000000
vt 0.000000 0.300000 0.000000
vt 8.000000 0.300000 0.000000
vt 3.354548 1.684411 0.000000
vt 3.360000 1.643000 0.000000
vt 4.000000 1.843000 0.000000
vt 3.354548 1.601589 0.000000
vt 3.338564 1.563000 0.000000
vt 3.313137 1.529863 0.000000
vt 3.319837 0.984324 0.000000
vt 3.372386 0.933659 0.000000
vt 3.280000 1.504436 0.000000
vt 3.260470 1.026797 0.000000
vt 3.195552 1.060173 0.000000
vt 3.241411 1.488452 0.000000
vt 3.126467 1.083742 0.000000
vt 3.200000 1.483000 0.000000
vt 3.054686 1.097000 0.000000
vt 3.158589 1.488452 0.000000
vt 2.981739 1.099666 0.000000
vt 2.909182 1.091683 0.000000
vt 3.120000 1.504436 0.000000
vt 2.838560 1.073220 0.000000
vt 3.086863 1.529863 0.000000
vt 1.926467 1.083742 0.000000
vt 3.061436 1.563000 0.000000
vt 1.854686 1.097000 0.000000
vt 3.045452 1.601589 0.000000
vt 3.040000 1.643000 0.000000
vt 1.781739 1.099666 0.000000
vt 3.045452 1.684411 0.000000
vt 3.061436 1.723000 0.000000
vt 3.086863 1.756137 0.000000
vt 0.654686 1.097000 0.000000
vt 1.709182 1.091683 0.000000
vt 0.581739 1.099666 0.000000
vt 3.120000 1.781564 0.000000
vt -3.120000 1.781564 0.000000
vt -3.158589 1.797548 0.000000
vt 3.158589 1.797548 0.000000
vt -3.200000 1.803000 0.000000
vt 3.200000 1.803000 0.000000
vt -4.000000 1.843000 0.000000
vt 3.241411 1.797548 0.000000
vt 3.280000 1.781564 0.000000
vt 3.313137 1.756137 0.000000
vt 3.338564 1.723000 0.000000
vt 3.354548 -1.601589 0.000000
vt 3.360000 -1.643000 0.000000
vt 4.000000 -1.843000 0.000000
vt 3.354548 -1.684411 0.000000
vt 3.338564 -1.723000 0.000000
vt 3.313137 -1.756137 0.000000
vt 3.280000 -1.781564 0.000000
vt 3.241411 -1.797548 0.000000
vt 3.200000 -1.803000 0.000000
vt -3.200000 -1.803000 0.000000
vt -4.000000 -1.843000 0.000000
vt -3.241411 -1.797548 0.000000
vt -3.280000 -1.781564 0.000000
vt -3.158589 -1.797548 0.000000
vt 3.158589 -1.797548 0.000000
vt -3.120000 -1.781564 0.000000
vt 3.120000 -1.781564 0.000000
vt 0.581739 -1.099666 0.000000
vt 3.086863 -1.756137 0.000000
vt 0.654686 -1.097000 0.000000
vt 3.061436 -1.723000 0.000000
vt 1.709182 -1.091683 0.000000
vt 1.781739 -1.099666 0.000000
vt 3.045452 -1.684411 0.000000
vt 3.040000 -1.643000 0.000000
vt 1.854686 -1.097000 0.000000
vt 3.045452 -1.601589 0.000000
vt 3.061436 -1.563000 0.000000
vt 1.926467 -1.083742 0.000000
vt 3.086863 -1.529863 0.000000
vt 2.838560 -1.073220 0.000000
vt 3.120000 -1.504436 0.000000
vt 2.909182 -1.091683 0.000000
vt 3.158589 -1.488452 0.000000
vt 2.981739 -1.099666 0.000000
vt 3.054686 -1.097000 0.000000
vt 3.200000 -1.483000 0.000000
vt 3.126467 -1.083742 0.000000
vt 3.241411 -1.488452 0.000000
vt 3.195552 -1.060173 0.000000
vt 3.280000 -1.504436 0.000000
vt 3.260470 -1.026797 0.000000
vt 3.319837 -0.984324 0.000000
vt 3.313137 -1.529863 0.000000
vt 3.338564 -1.563000 0.000000
vt -3.045452 1.684411 0.000000
vt -3.040000 1.643000 0.000000
vt -1.818261 1.099666 0.000000
vt -3.045452 1.601589 0.000000
vt -1.890818 1.091683 0.000000
vt -3.061436 1.563000 0.000000
vt -3.086863 1.529863 0.000000
vt -3.120000 1.504436 0.000000
vt -2.873533 1.083742 0.000000
vt -1.961440 1.073220 0.000000
vt -2.945314 1.097000 0.000000
vt -3.158589 1.488452 0.000000
vt -3.018261 1.099666 0.000000
vt -3.200000 1.483000 0.000000
vt -3.090818 1.091683 0.000000
vt -3.241411 1.488452 0.000000
vt -3.161440 1.073220 0.000000
vt -3.228621 1.044671 0.000000
vt -3.280000 1.504436 0.000000
vt -3.290929 1.006645 0.000000
vt -3.313137 1.529863 0.000000
vt -3.347037 0.959952 0.000000
vt -3.395748 0.905587 0.000000
vt -3.436025 0.844709 0.000000
vt -3.467008 0.778615 0.000000
vt -3.488038 0.708715 0.000000
vt -3.498666 0.636498 0.000000
vt -3.498666 0.563502 0.000000
vt -3.488038 0.491285 0.000000
vt -3.488038 -0.491285 0.000000
vt -3.498666 -0.563502 0.000000
vt -3.498666 -0.636498 0.000000
vt -3.488038 -0.708715 0.000000
vt -3.467008 -0.778615 0.000000
vt -3.436025 -0.844709 0.000000
vt -3.395748 -0.905587 0.000000
vt -3.347037 -0.959952 0.000000
vt -3.313137 -1.529863 0.000000
vt -3.290929 -1.006645 0.000000
vt -3.280000 -1.504436 0.000000
vt -3.228621 -1.044671 0.000000
vt -3.241411 -1.488452 0.000000
vt -3.161440 -1.073220 0.000000
vt -3.090818 -1.091683 0.000000
vt -3.200000 -1.483000 0.000000
vt -3.018261 -1.099666 0.000000
vt -3.158589 -1.488452 0.000000
vt -2.945314 -1.097000 0.000000
vt -3.120000 -1.504436 0.000000
vt -2.873533 -1.083742 0.000000
vt -3.086863 -1.529863 0.000000
vt -1.961440 -1.073220 0.000000
vt -1.890818 -1.091683 0.000000
vt -3.061436 -1.563000 0.000000
vt -3.045452 -1.601589 0.000000
vt -3.338564 1.563000 0.000000
vt -3.354548 1.601589 0.000000
vt -3.360000 1.643000 0.000000
vt -3.354548 1.684411 0.000000
vt -3.338564 1.723000 0.000000
vt -3.313137 1.756137 0.000000
vt -3.280000 1.781564 0.000000
vt -3.241411 1.797548 0.000000
vt -3.086863 1.756137 0.000000
vt -0.618261 1.099666 0.000000
vt -0.545314 1.097000 0.000000
vt 0.509182 1.091683 0.000000
vt -0.473533 1.083742 0.000000
vt 0.438560 1.073220 0.000000
vt -0.404448 1.060173 0.000000
vt 0.371379 1.044671 0.000000
vt -0.339530 1.026797 0.000000
vt 0.309071 1.006645 0.000000
vt -0.280163 0.984324 0.000000
vt 0.252963 0.959952 0.000000
vt -0.227614 0.933659 0.000000
vt 0.204252 0.905587 0.000000
vt -0.183001 0.875884 0.000000
vt 0.163975 0.844709 0.000000
vt -0.147276 0.812228 0.000000
vt 0.132992 0.778615 0.000000
vt -0.121200 0.744050 0.000000
vt 0.111962 0.708715 0.000000
vt -0.105328 0.672801 0.000000
vt 0.101334 0.636498 0.000000
vt -0.100000 0.600000 0.000000
vt 0.101334 0.563502 0.000000
vt -0.105328 0.527199 0.000000
vt 0.111962 0.491285 0.000000
vt -0.121200 0.455950 0.000000
vt 0.132992 0.421385 0.000000
vt -0.147276 0.387772 0.000000
vt 0.163975 0.355291 0.000000
vt -0.183001 0.324116 0.000000
vt 0.204252 0.294413 0.000000
vt -0.227614 0.266341 0.000000
vt 0.252963 0.240048 0.000000
vt -0.280163 0.215676 0.000000
vt 0.309071 0.193355 0.000000
vt -0.339530 0.173203 0.000000
vt 0.371379 0.155329 0.000000
vt -0.404448 0.139827 0.000000
vt 0.371379 -0.155329 0.000000
vt -0.404448 -0.139827 0.000000
vt -0.339530 -0.173203 0.000000
vt -3.061436 1.723000 0.000000
vt -0.690818 1.091683 0.000000
vt -1.745314 1.097000 0.000000
vt -1.673533 1.083742 0.000000
vt -3.040000 -1.643000 0.000000
vt -1.818261 -1.099666 0.000000
vt -3.045452 -1.684411 0.000000
vt -1.745314 -1.097000 0.000000
vt -3.061436 -1.723000 0.000000
vt -0.690818 -1.091683 0.000000
vt -0.618261 -1.099666 0.000000
vt -3.086863 -1.756137 0.000000
vt -3.313137 -1.756137 0.000000
vt -3.338564 -1.723000 0.000000
vt -3.354548 -1.684411 0.000000
vt -3.360000 -1.643000 0.000000
vt -3.354548 -1.601589 0.000000
vt -3.338564 -1.563000 0.000000
vt 3.494672 0.527199 0.000000
vt 3.494672 -0.527199 0.000000
vt 3.500000 -0.600000 0.000000
vt -2.505328 -0.672801 0.000000
vt -2.298666 -0.636498 0.000000
vt -2.500000 -0.600000 0.000000
vt -2.298666 -0.563502 0.000000
vt -2.505328 -0.527199 0.000000
vt -2.288038 -0.491285 0.000000
vt -2.521200 -0.455950 0.000000
vt -2.267008 -0.421385 0.000000
vt -2.547276 -0.387772 0.000000
vt -2.236025 -0.355291 0.000000
vt -2.583001 -0.324116 0.000000
vt -2.195748 -0.294413 0.000000
vt -2.627614 -0.266341 0.000000
vt -2.147037 -0.240048 0.000000
vt -2.680163 -0.215676 0.000000
vt -2.090929 -0.193355 0.000000
vt -2.739530 -0.173203 0.000000
vt -2.028621 -0.155329 0.000000
vt -2.804448 -0.139827 0.000000
vt -2.804448 0.139827 0.000000
vt -2.873533 0.116258 0.000000
vt -2.288038 -0.708715 0.000000
vt -2.521200 -0.744050 0.000000
vt -2.267008 -0.778615 0.000000
vt -2.547276 -0.812228 0.000000
vt -2.236025 -0.844709 0.000000
vt -2.583001 -0.875884 0.000000
vt -2.195748 -0.905587 0.000000
vt -2.627614 -0.933659 0.000000
vt -2.147037 -0.959952 0.000000
vt -2.680163 -0.984324 0.000000
vt -2.090929 -1.006645 0.000000
vt -2.739530 -1.026797 0.000000
vt -2.028621 -1.044671 0.000000
vt -2.804448 -1.060173 0.000000
vt -3.467008 -0.421385 0.000000
vt -3.467008 0.421385 0.000000
vt -3.436025 0.355291 0.000000
vt -3.436025 -0.355291 0.000000
vt -3.395748 0.294413 0.000000
vt -3.395748 -0.294413 0.000000
vt -3.347037 0.240048 0.000000
vt -3.347037 -0.240048 0.000000
vt -3.290929 0.193355 0.000000
vt -3.290929 -0.193355 0.000000
vt -3.228621 0.155329 0.000000
vt -3.228621 -0.155329 0.000000
vt -3.161440 0.126780 0.000000
vt -3.161440 -0.126780 0.000000
vt -3.090818 0.108317 0.000000
vt -3.090818 -0.108317 0.000000
vt -3.018261 0.100334 0.000000
vt -3.018261 -0.100334 0.000000
vt -2.945314 -0.103000 0.000000
vt -2.945314 0.103000 0.000000
vt -2.873533 -0.116258 0.000000
vt 2.294672 -0.672801 0.000000
vt 2.501334 -0.636498 0.000000
vt 2.300000 -0.600000 0.000000
vt 2.501334 -0.563502 0.000000
vt 2.294672 -0.527199 0.000000
vt 2.511962 -0.491285 0.000000
vt 2.278800 -0.455950 0.000000
vt 2.532992 -0.421385 0.000000
vt 2.252724 -0.387772 0.000000
vt 2.563975 -0.355291 0.000000
vt 2.216999 -0.324116 0.000000
vt 2.604252 -0.294413 0.000000
vt 2.172386 -0.266341 0.000000
vt 2.652963 -0.240048 0.000000
vt 2.119837 -0.215676 0.000000
vt 2.709071 -0.193355 0.000000
vt 2.060470 -0.173203 0.000000
vt 2.771379 -0.155329 0.000000
vt 1.995552 -0.139827 0.000000
vt 1.995552 0.139827 0.000000
vt 1.926467 0.116258 0.000000
vt 2.511962 -0.708715 0.000000
vt 2.278800 -0.744050 0.000000
vt 2.532992 -0.778615 0.000000
vt 2.252724 -0.812228 0.000000
vt 2.563975 -0.844709 0.000000
vt 2.216999 -0.875884 0.000000
vt 2.604252 -0.905587 0.000000
vt 2.172386 -0.933659 0.000000
vt 2.652963 -0.959952 0.000000
vt 2.119837 -0.984324 0.000000
vt 2.709071 -1.006645 0.000000
vt 2.060470 -1.026797 0.000000
vt 2.771379 -1.044671 0.000000
vt 1.995552 -1.060173 0.000000
vt 0.726467 -1.083742 0.000000
vt 1.638560 -1.073220 0.000000
vt 0.795552 -1.060173 0.000000
vt 1.571379 -1.044671 0.000000
vt 0.860470 -1.026797 0.000000
vt 1.509071 -1.006645 0.000000
vt 0.919837 -0.984324 0.000000
vt 1.452963 -0.959952 0.000000
vt 0.972386 -0.933659 0.000000
vt 1.404252 -0.905587 0.000000
vt 1.016999 -0.875884 0.000000
vt 1.363975 -0.844709 0.000000
vt 1.052724 -0.812228 0.000000
vt 1.332992 -0.778615 0.000000
vt 1.078800 -0.744050 0.000000
vt 1.311962 -0.708715 0.000000
vt 1.094672 -0.672801 0.000000
vt 1.301334 -0.636498 0.000000
vt 1.100000 -0.600000 0.000000
vt 1.301334 -0.563502 0.000000
vt 1.094672 -0.527199 0.000000
vt 1.311962 -0.491285 0.000000
vt 1.078800 -0.455950 0.000000
vt 1.332992 -0.421385 0.000000
vt 1.052724 -0.387772 0.000000
vt 1.363975 -0.355291 0.000000
vt 1.016999 -0.324116 0.000000
vt 1.404252 -0.294413 0.000000
vt 0.972386 -0.266341 0.000000
vt 1.452963 -0.240048 0.000000
vt 0.919837 -0.215676 0.000000
vt 1.509071 -0.193355 0.000000
vt 0.860470 -0.173203 0.000000
vt 1.571379 -0.155329 0.000000
vt 0.795552 -0.139827 0.000000
vt 0.795552 0.139827 0.000000
vt 0.726467 0.116258 0.000000
vt 1.571379 0.155329 0.000000
vt 1.638560 -0.126780 0.000000
vt 1.638560 0.126780 0.000000
vt 1.709182 0.108317 0.000000
vt 1.709182 -0.108317 0.000000
vt 1.781739 0.100334 0.000000
vt 1.781739 -0.100334 0.000000
vt 1.854686 -0.103000 0.000000
vt 1.854686 0.103000 0.000000
vt 1.926467 -0.116258 0.000000
vt 1.094672 0.527199 0.000000
vt 1.301334 0.563502 0.000000
vt 1.100000 0.600000 0.000000
vt 1.301334 0.636498 0.000000
vt 1.094672 0.672801 0.000000
vt 1.311962 0.708715 0.000000
vt 1.078800 0.744050 0.000000
vt 1.332992 0.778615 0.000000
vt 1.052724 0.812228 0.000000
vt 1.363975 0.844709 0.000000
vt 1.016999 0.875884 0.000000
vt 1.404252 0.905587 0.000000
vt 0.972386 0.933659 0.000000
vt 1.452963 0.959952 0.000000
vt 0.919837 0.984324 0.000000
vt 1.509071 1.006645 0.000000
vt 0.860470 1.026797 0.000000
vt 1.571379 1.044671 0.000000
vt 0.795552 1.060173 0.000000
vt 1.638560 1.073220 0.000000
vt 0.726467 1.083742 0.000000
vt 1.311962 0.491285 0.000000
vt 1.078800 0.455950 0.000000
vt 1.332992 0.421385 0.000000
vt 1.052724 0.387772 0.000000
vt 1.363975 0.355291 0.000000
vt 1.016999 0.324116 0.000000
vt 1.404252 0.294413 0.000000
vt 0.972386 0.266341 0.000000
vt 1.452963 0.240048 0.000000
vt 0.919837 0.215676 0.000000
vt 1.509071 0.193355 0.000000
vt 0.860470 0.173203 0.000000
vt 0.726467 -0.116258 0.000000
vt 0.654686 0.103000 0.000000
vt 0.654686 -0.103000 0.000000
vt 0.581739 0.100334 0.000000
vt 0.581739 -0.100334 0.000000
vt 0.509182 -0.108317 0.000000
vt 0.509182 0.108317 0.000000
vt 0.438560 -0.126780 0.000000
vt 0.438560 0.126780 0.000000
vt -2.505328 0.527199 0.000000
vt -2.298666 0.563502 0.000000
vt -2.500000 0.600000 0.000000
vt -2.298666 0.636498 0.000000
vt -2.505328 0.672801 0.000000
vt -2.288038 0.708715 0.000000
vt -2.521200 0.744050 0.000000
vt -2.267008 0.778615 0.000000
vt -2.547276 0.812228 0.000000
vt -2.236025 0.844709 0.000000
vt -2.583001 0.875884 0.000000
vt -2.195748 0.905587 0.000000
vt -2.627614 0.933659 0.000000
vt -2.147037 0.959952 0.000000
vt -2.680163 0.984324 0.000000
vt -2.090929 1.006645 0.000000
vt -2.739530 1.026797 0.000000
vt -2.028621 1.044671 0.000000
vt -2.804448 1.060173 0.000000
vt -2.288038 0.491285 0.000000
vt -2.521200 0.455950 0.000000
vt -2.267008 0.421385 0.000000
vt -2.547276 0.387772 0.000000
vt -2.236025 0.355291 0.000000
vt -2.583001 0.324116 0.000000
vt -2.195748 0.294413 0.000000
vt -2.627614 0.266341 0.000000
vt -2.147037 0.240048 0.000000
vt -2.680163 0.215676 0.000000
vt -2.090929 0.193355 0.000000
vt -2.739530 0.173203 0.000000
vt -2.028621 0.155329 0.000000
vt 2.294672 0.527199 0.000000
vt 2.501334 0.563502 0.000000
vt 2.300000 0.600000 0.000000
vt 2.501334 0.636498 0.000000
vt 2.294672 0.672801 0.000000
vt 2.511962 0.708715 0.000000
vt 2.278800 0.744050 0.000000
vt 2.532992 0.778615 0.000000
vt 2.252724 0.812228 0.000000
vt 2.563975 0.844709 0.000000
vt 2.216999 0.875884 0.000000
vt 2.604252 0.905587 0.000000
vt 2.172386 0.933659 0.000000
vt 2.652963 0.959952 0.000000
vt 2.119837 0.984324 0.000000
vt 2.709071 1.006645 0.000000
vt 2.060470 1.026797 0.000000
vt 2.771379 1.044671 0.000000
vt 1.995552 1.060173 0.000000
vt 2.511962 0.491285 0.000000
vt 2.278800 0.455950 0.000000
vt 2.532992 0.421385 0.000000
vt 2.252724 0.387772 0.000000
vt 2.563975 0.355291 0.000000
vt 2.216999 0.324116 0.000000
vt 2.604252 0.294413 0.000000
vt 2.172386 0.266341 0.000000
vt 2.652963 0.240048 0.000000
vt 2.119837 0.215676 0.000000
vt 2.709071 0.193355 0.000000
vt 2.060470 0.173203 0.000000
vt 2.771379 0.155329 0.000000
vt -0.545314 -1.097000 0.000000
vt 0.509182 -1.091683 0.000000
vt -0.473533 -1.083742 0.000000
vt 0.438560 -1.073220 0.000000
vt -0.404448 -1.060173 0.000000
vt 0.371379 -1.044671 0.000000
vt -0.339530 -1.026797 0.000000
vt 0.309071 -1.006645 0.000000
vt -0.280163 -0.984324 0.000000
vt 0.252963 -0.959952 0.000000
vt -0.227614 -0.933659 0.000000
vt 0.204252 -0.905587 0.000000
vt -0.183001 -0.875884 0.000000
vt 0.163975 -0.844709 0.000000
vt -0.147276 -0.812228 0.000000
vt 0.132992 -0.778615 0.000000
vt -0.121200 -0.744050 0.000000
vt 0.111962 -0.708715 0.000000
vt -0.105328 -0.672801 0.000000
vt 0.101334 -0.636498 0.000000
vt -0.100000 -0.600000 0.000000
vt 0.101334 -0.563502 0.000000
vt -0.105328 -0.527199 0.000000
vt 0.111962 -0.491285 0.000000
vt -0.121200 -0.455950 0.000000
vt 0.132992 -0.421385 0.000000
vt -0.147276 -0.387772 0.000000
vt 0.163975 -0.355291 0.000000
vt -0.183001 -0.324116 0.000000
vt 0.204252 -0.294413 0.000000
vt -0.227614 -0.266341 0.000000
vt 0.252963 -0.240048 0.000000
vt -0.280163 -0.215676 0.000000
vt 0.309071 -0.193355 0.000000
vt -1.305328 -0.672801 0.000000
vt -1.098666 -0.636498 0.000000
vt -1.300000 -0.600000 0.000000
vt -1.098666 -0.563502 0.000000
vt -1.305328 -0.527199 0.000000
vt -1.088038 -0.491285 0.000000
vt -1.321200 -0.455950 0.000000
vt -1.067008 -0.421385 0.000000
vt -1.347276 -0.387772 0.000000
vt -1.036025 -0.355291 0.000000
vt -1.383001 -0.324116 0.000000
vt -0.995748 -0.294413 0.000000
vt -1.427614 -0.266341 0.000000
vt -0.947037 -0.240048 0.000000
vt -1.480163 -0.215676 0.000000
vt -0.890929 -0.193355 0.000000
vt -1.539530 -0.173203 0.000000
vt -0.828621 -0.155329 0.000000
vt -1.604448 -0.139827 0.000000
vt -1.604448 0.139827 0.000000
vt -1.673533 0.116258 0.000000
vt -1.088038 -0.708715 0.000000
vt -1.321200 -0.744050 0.000000
vt -1.067008 -0.778615 0.000000
vt -1.347276 -0.812228 0.000000
vt -1.036025 -0.844709 0.000000
vt -1.383001 -0.875884 0.000000
vt -0.995748 -0.905587 0.000000
vt -1.427614 -0.933659 0.000000
vt -0.947037 -0.959952 0.000000
vt -1.480163 -0.984324 0.000000
vt -0.890929 -1.006645 0.000000
vt -1.539530 -1.026797 0.000000
vt -0.828621 -1.044671 0.000000
vt -1.604448 -1.060173 0.000000
vt -0.761440 -1.073220 0.000000
vt -1.673533 -1.083742 0.000000
vt -1.961440 -0.126780 0.000000
vt -1.961440 0.126780 0.000000
vt -1.890818 0.108317 0.000000
vt -1.890818 -0.108317 0.000000
vt -1.818261 0.100334 0.000000
vt -1.818261 -0.100334 0.000000
vt -1.745314 -0.103000 0.000000
vt -1.745314 0.103000 0.000000
vt -1.673533 -0.116258 0.000000
vt 3.494672 -0.672801 0.000000
vt 3.478800 -0.744050 0.000000
vt 3.452724 -0.812228 0.000000
vt 3.416999 -0.875884 0.000000
vt 3.372386 -0.933659 0.000000
vt 2.838560 -0.126780 0.000000
vt 2.838560 0.126780 0.000000
vt 2.909182 0.108317 0.000000
vt 2.909182 -0.108317 0.000000
vt 2.981739 0.100334 0.000000
vt 2.981739 -0.100334 0.000000
vt 3.054686 -0.103000 0.000000
vt 3.054686 0.103000 0.000000
vt 3.126467 -0.116258 0.000000
vt 3.126467 0.116258 0.000000
vt 3.195552 -0.139827 0.000000
vt 3.195552 0.139827 0.000000
vt 3.260470 -0.173203 0.000000
vt 3.260470 0.173203 0.000000
vt 3.319837 -0.215676 0.000000
vt 3.319837 0.215676 0.000000
vt 3.372386 -0.266341 0.000000
vt 3.372386 0.266341 0.000000
vt 3.416999 -0.324116 0.000000
vt 3.416999 0.324116 0.000000
vt 3.452724 -0.387772 0.000000
vt 3.452724 0.387772 0.000000
vt 3.478800 -0.455950 0.000000
vt 3.478800 0.455950 0.000000
vt -0.473533 0.116258 0.000000
vt -0.473533 -0.116258 0.000000
vt -0.545314 0.103000 0.000000
vt -0.545314 -0.103000 0.000000
vt -0.618261 0.100334 0.000000
vt -0.618261 -0.100334 0.000000
vt -0.690818 -0.108317 0.000000
vt -0.690818 0.108317 0.000000
vt -0.761440 -0.126780 0.000000
vt -0.761440 0.126780 0.000000
vt -0.828621 0.155329 0.000000
vt -0.890929 0.193355 0.000000
vt -1.539530 0.173203 0.000000
vt -1.480163 0.215676 0.000000
vt -0.947037 0.240048 0.000000
vt -1.427614 0.266341 0.000000
vt -0.995748 0.294413 0.000000
vt -1.383001 0.324116 0.000000
vt -1.036025 0.355291 0.000000
vt -1.347276 0.387772 0.000000
vt -1.067008 0.421385 0.000000
vt -1.321200 0.455950 0.000000
vt -1.088038 0.491285 0.000000
vt -1.305328 0.527199 0.000000
vt -1.098666 0.563502 0.000000
vt -1.300000 0.600000 0.000000
vt -1.098666 0.636498 0.000000
vt -1.305328 0.672801 0.000000
vt -1.088038 0.708715 0.000000
vt -1.321200 0.744050 0.000000
vt -1.067008 0.778615 0.000000
vt -1.347276 0.812228 0.000000
vt -1.036025 0.844709 0.000000
vt -1.383001 0.875884 0.000000
vt -0.995748 0.905587 0.000000
vt -1.427614 0.933659 0.000000
vt -0.947037 0.959952 0.000000
vt -1.480163 0.984324 0.000000
vt -0.890929 1.006645 0.000000
vt -1.539530 1.026797 0.000000
vt -0.828621 1.044671 0.000000
vt -1.604448 1.060173 0.000000
vt -0.761440 1.073220 0.000000
vt 3.494672 0.672801 0.000000
vt 3.500000 0.600000 0.000000
vt 3.416999 0.875884 0.000000
vt 3.452724 0.812228 0.000000
vt 3.478800 0.744050 0.000000
vt -4.000000 1.843000 0.000000
vt 3.200000 1.753000 0.000000
vt 4.000000 1.843000 0.000000
vt 3.228470 1.749252 0.000000
vt 3.255000 1.738263 0.000000
vt -4.000000 -1.843000 0.000000
vt -3.488038 0.491285 0.000000
vt -3.498666 0.563502 0.000000
vt -3.498666 0.636498 0.000000
vt 4.000000 -1.843000 0.000000
vt -3.200000 -1.753000 0.000000
vt -3.228470 -1.749252 0.000000
vt -3.255000 -1.738263 0.000000
vt 3.494672 0.527199 0.000000
vt 3.494672 -0.527199 0.000000
vt 3.500000 -0.600000 0.000000
vt -3.093748 1.671470 0.000000
vt -3.090000 1.643000 0.000000
vt -1.818261 1.099666 0.000000
vt -3.093748 1.614530 0.000000
vt -1.890818 1.091683 0.000000
vt -3.104737 1.588000 0.000000
vt -3.122218 1.565218 0.000000
vt -3.145000 1.547737 0.000000
vt -2.873533 1.083742 0.000000
vt -1.961440 1.073220 0.000000
vt -2.945314 1.097000 0.000000
vt -3.171530 1.536748 0.000000
vt -3.018261 1.099666 0.000000
vt -3.200000 1.533000 0.000000
vt -3.090818 1.091683 0.000000
vt -3.228470 1.536748 0.000000
vt -3.161440 1.073220 0.000000
vt -3.228621 1.044671 0.000000
vt -3.255000 1.547737 0.000000
vt -3.290929 1.006645 0.000000
vt -3.277782 1.565218 0.000000
vt -3.295263 1.588000 0.000000
vt -3.306252 1.614530 0.000000
vt -3.310000 1.643000 0.000000
vt -3.306252 1.671470 0.000000
vt -3.295263 1.698000 0.000000
vt -3.277782 1.720782 0.000000
vt -3.255000 1.738263 0.000000
vt -3.228470 1.749252 0.000000
vt -3.200000 1.753000 0.000000
vt 3.171530 1.749252 0.000000
vt -3.171530 1.749252 0.000000
vt 3.145000 1.738263 0.000000
vt -3.145000 1.738263 0.000000
vt 0.581739 1.099666 0.000000
vt -0.545314 1.097000 0.000000
vt 0.509182 1.091683 0.000000
vt -0.473533 1.083742 0.000000
vt 0.438560 1.073220 0.000000
vt -0.404448 1.060173 0.000000
vt 0.371379 1.044671 0.000000
vt -0.339530 1.026797 0.000000
vt 0.309071 1.006645 0.000000
vt -0.280163 0.984324 0.000000
vt 0.252963 0.959952 0.000000
vt -0.227614 0.933659 0.000000
vt 0.204252 0.905587 0.000000
vt -0.183001 0.875884 0.000000
vt 0.163975 0.844709 0.000000
vt -0.147276 0.812228 0.000000
vt 0.132992 0.778615 0.000000
vt -0.121200 0.744050 0.000000
vt 0.111962 0.708715 0.000000
vt -0.105328 0.672801 0.000000
vt 0.101334 0.636498 0.000000
vt -0.100000 0.600000 0.000000
vt 0.101334 0.563502 0.000000
vt -0.105328 0.527199 0.000000
vt 0.111962 0.491285 0.000000
vt -0.121200 0.455950 0.000000
vt 0.132992 0.421385 0.000000
vt -0.147276 0.387772 0.000000
vt 0.163975 0.355291 0.000000
vt -0.183001 0.324116 0.000000
vt 0.204252 0.294413 0.000000
vt -0.227614 0.266341 0.000000
vt 0.252963 0.240048 0.000000
vt -0.280163 0.215676 0.000000
vt 0.309071 0.193355 0.000000
vt -0.339530 0.173203 0.000000
vt 0.371379 0.155329 0.000000
vt -0.404448 0.139827 0.000000
vt 0.371379 -0.155329 0.000000
vt -0.404448 -0.139827 0.000000
vt -0.339530 -0.173203 0.000000
vt -0.618261 1.099666 0.000000
vt -3.122218 1.720782 0.000000
vt -0.690818 1.091683 0.000000
vt -3.104737 1.698000 0.000000
vt -1.745314 1.097000 0.000000
vt 3.306252 1.671470 0.000000
vt 3.310000 1.643000 0.000000
vt 3.306252 1.614530 0.000000
vt 3.295263 1.588000 0.000000
vt 3.277782 1.565218 0.000000
vt 3.319837 0.984324 0.000000
vt 3.372386 0.933659 0.000000
vt 3.260470 1.026797 0.000000
vt 3.255000 1.547737 0.000000
vt 3.195552 1.060173 0.000000
vt 3.228470 1.536748 0.000000
vt 3.126467 1.083742 0.000000
vt 3.200000 1.533000 0.000000
vt 3.054686 1.097000 0.000000
vt 2.981739 1.099666 0.000000
vt 3.171530 1.536748 0.000000
vt 2.909182 1.091683 0.000000
vt 3.145000 1.547737 0.000000
vt 2.838560 1.073220 0.000000
vt 3.122218 1.565218 0.000000
vt 1.926467 1.083742 0.000000
vt 3.104737 1.588000 0.000000
vt 1.854686 1.097000 0.000000
vt 3.093748 1.614530 0.000000
vt 3.090000 1.643000 0.000000
vt 1.781739 1.099666 0.000000
vt 3.093748 1.671470 0.000000
vt 3.104737 1.698000 0.000000
vt 3.122218 1.720782 0.000000
vt 0.654686 1.097000 0.000000
vt 1.709182 1.091683 0.000000
vt 3.277782 1.720782 0.000000
vt 3.295263 1.698000 0.000000
vt -3.093748 -1.614530 0.000000
vt -3.090000 -1.643000 0.000000
vt -1.818261 -1.099666 0.000000
vt -3.093748 -1.671470 0.000000
vt -1.745314 -1.097000 0.000000
vt -3.104737 -1.698000 0.000000
vt -0.690818 -1.091683 0.000000
vt -3.122218 -1.720782 0.000000
vt -0.618261 -1.099666 0.000000
vt -3.145000 -1.738263 0.000000
vt -0.545314 -1.097000 0.000000
vt 0.581739 -1.099666 0.000000
vt 0.509182 -1.091683 0.000000
vt -3.171530 -1.749252 0.000000
vt 3.171530 -1.749252 0.000000
vt 3.145000 -1.738263 0.000000
vt 3.122218 -1.720782 0.000000
vt 0.654686 -1.097000 0.000000
vt 3.104737 -1.698000 0.000000
vt 1.709182 -1.091683 0.000000
vt 1.781739 -1.099666 0.000000
vt 3.093748 -1.671470 0.000000
vt 3.090000 -1.643000 0.000000
vt 3.200000 -1.753000 0.000000
vt -3.277782 -1.720782 0.000000
vt -3.295263 -1.698000 0.000000
vt -3.306252 -1.671470 0.000000
vt -3.310000 -1.643000 0.000000
vt -3.306252 -1.614530 0.000000
vt -3.295263 -1.588000 0.000000
vt -3.277782 -1.565218 0.000000
vt -3.290929 -1.006645 0.000000
vt -3.347037 -0.959952 0.000000
vt -3.255000 -1.547737 0.000000
vt -3.228621 -1.044671 0.000000
vt -3.228470 -1.536748 0.000000
vt -3.161440 -1.073220 0.000000
vt -3.090818 -1.091683 0.000000
vt -3.200000 -1.533000 0.000000
vt -3.018261 -1.099666 0.000000
vt -3.171530 -1.536748 0.000000
vt -2.945314 -1.097000 0.000000
vt -3.145000 -1.547737 0.000000
vt -2.873533 -1.083742 0.000000
vt -3.122218 -1.565218 0.000000
vt -1.961440 -1.073220 0.000000
vt -1.890818 -1.091683 0.000000
vt -3.104737 -1.588000 0.000000
vt 3.306252 -1.614530 0.000000
vt 3.310000 -1.643000 0.000000
vt 3.306252 -1.671470 0.000000
vt 3.295263 -1.698000 0.000000
vt 3.277782 -1.720782 0.000000
vt 3.255000 -1.738263 0.000000
vt 3.228470 -1.749252 0.000000
vt 1.854686 -1.097000 0.000000
vt 3.093748 -1.614530 0.000000
vt 3.104737 -1.588000 0.000000
vt 1.926467 -1.083742 0.000000
vt 3.122218 -1.565218 0.000000
vt 2.838560 -1.073220 0.000000
vt 3.145000 -1.547737 0.000000
vt 2.909182 -1.091683 0.000000
vt 3.171530 -1.536748 0.000000
vt 2.981739 -1.099666 0.000000
vt 3.200000 -1.533000 0.000000
vt 3.054686 -1.097000 0.000000
vt 3.126467 -1.083742 0.000000
vt 3.228470 -1.536748 0.000000
vt 3.195552 -1.060173 0.000000
vt 3.255000 -1.547737 0.000000
vt 3.260470 -1.026797 0.000000
vt 3.277782 -1.565218 0.000000
vt 3.319837 -0.984324 0.000000
vt 3.372386 -0.933659 0.000000
vt 3.416999 -0.875884 0.000000
vt 3.452724 -0.812228 0.000000
vt 3.478800 -0.744050 0.000000
vt 3.494672 -0.672801 0.000000
vt 3.295263 -1.588000 0.000000
vt -2.505328 0.527199 0.000000
vt -2.298666 0.563502 0.000000
vt -2.500000 0.600000 0.000000
vt -2.298666 0.636498 0.000000
vt -2.505328 0.672801 0.000000
vt -2.288038 0.708715 0.000000
vt -2.521200 0.744050 0.000000
vt -2.267008 0.778615 0.000000
vt -2.547276 0.812228 0.000000
vt -2.236025 0.844709 0.000000
vt -2.583001 0.875884 0.000000
vt -2.195748 0.905587 0.000000
vt -2.627614 0.933659 0.000000
vt -2.147037 0.959952 0.000000
vt -2.680163 0.984324 0.000000
vt -2.090929 1.006645 0.000000
vt -2.739530 1.026797 0.000000
vt -2.028621 1.044671 0.000000
vt -2.804448 1.060173 0.000000
vt -2.288038 0.491285 0.000000
vt -2.521200 0.455950 0.000000
vt -2.267008 0.421385 0.000000
vt -2.547276 0.387772 0.000000
vt -2.236025 0.355291 0.000000
vt -2.583001 0.324116 0.000000
vt -2.195748 0.294413 0.000000
vt -2.627614 0.266341 0.000000
vt -2.147037 0.240048 0.000000
vt -2.680163 0.215676 0.000000
vt -2.090929 0.193355 0.000000
vt -2.739530 0.173203 0.000000
vt -2.028621 0.155329 0.000000
vt -2.804448 0.139827 0.000000
vt -2.028621 -0.155329 0.000000
vt -2.804448 -0.139827 0.000000
vt -2.739530 -0.173203 0.000000
vt -2.873533 0.116258 0.000000
vt -2.873533 -0.116258 0.000000
vt -2.945314 0.103000 0.000000
vt -2.945314 -0.103000 0.000000
vt -3.018261 0.100334 0.000000
vt -3.018261 -0.100334 0.000000
vt -3.090818 -0.108317 0.000000
vt -3.090818 0.108317 0.000000
vt -3.161440 -0.126780 0.000000
vt -3.161440 0.126780 0.000000
vt -3.228621 -0.155329 0.000000
vt -3.228621 0.155329 0.000000
vt -3.290929 -0.193355 0.000000
vt -3.290929 0.193355 0.000000
vt -3.347037 -0.240048 0.000000
vt -3.347037 0.240048 0.000000
vt -3.395748 -0.294413 0.000000
vt -3.395748 0.294413 0.000000
vt -3.436025 -0.355291 0.000000
vt -3.436025 0.355291 0.000000
vt -3.467008 -0.421385 0.000000
vt -3.467008 0.421385 0.000000
vt -3.488038 0.708715 0.000000
vt -3.467008 0.778615 0.000000
vt -3.436025 0.844709 0.000000
vt -3.395748 0.905587 0.000000
vt -3.347037 0.959952 0.000000
vt 2.294672 0.527199 0.000000
vt 2.501334 0.563502 0.000000
vt 2.300000 0.600000 0.000000
vt 2.501334 0.636498 0.000000
vt 2.294672 0.672801 0.000000
vt 2.511962 0.708715 0.000000
vt 2.278800 0.744050 0.000000
vt 2.532992 0.778615 0.000000
vt 2.252724 0.812228 0.000000
vt 2.563975 0.844709 0.000000
vt 2.216999 0.875884 0.000000
vt 2.604252 0.905587 0.000000
vt 2.172386 0.933659 0.000000
vt 2.652963 0.959952 0.000000
vt 2.119837 0.984324 0.000000
vt 2.709071 1.006645 0.000000
vt 2.060470 1.026797 0.000000
vt 2.771379 1.044671 0.000000
vt 1.995552 1.060173 0.000000
vt 2.511962 0.491285 0.000000
vt 2.278800 0.455950 0.000000
vt 2.532992 0.421385 0.000000
vt 2.252724 0.387772 0.000000
vt 2.563975 0.355291 0.000000
vt 2.216999 0.324116 0.000000
vt 2.604252 0.294413 0.000000
vt 2.172386 0.266341 0.000000
vt 2.652963 0.240048 0.000000
vt 2.119837 0.215676 0.000000
vt 2.709071 0.193355 0.000000
vt 2.060470 0.173203 0.000000
vt 2.771379 0.155329 0.000000
vt 1.995552 0.139827 0.000000
vt 2.771379 -0.155329 0.000000
vt 1.995552 -0.139827 0.000000
vt 2.060470 -0.173203 0.000000
vt 1.926467 0.116258 0.000000
vt 1.926467 -0.116258 0.000000
vt 1.854686 0.103000 0.000000
vt 1.854686 -0.103000 0.000000
vt 1.781739 0.100334 0.000000
vt 1.781739 -0.100334 0.000000
vt 1.709182 -0.108317 0.000000
vt 1.709182 0.108317 0.000000
vt 1.638560 -0.126780 0.000000
vt 1.638560 0.126780 0.000000
vt 1.571379 0.155329 0.000000
vt 1.509071 0.193355 0.000000
vt 0.860470 0.173203 0.000000
vt 0.795552 0.139827 0.000000
vt 1.571379 -0.155329 0.000000
vt 0.795552 -0.139827 0.000000
vt 0.860470 -0.173203 0.000000
vt 0.919837 0.215676 0.000000
vt 1.452963 0.240048 0.000000
vt 0.972386 0.266341 0.000000
vt 1.404252 0.294413 0.000000
vt 1.016999 0.324116 0.000000
vt 1.363975 0.355291 0.000000
vt 1.052724 0.387772 0.000000
vt 1.332992 0.421385 0.000000
vt 1.078800 0.455950 0.000000
vt 1.311962 0.491285 0.000000
vt 1.094672 0.527199 0.000000
vt 1.301334 0.563502 0.000000
vt 1.100000 0.600000 0.000000
vt 1.301334 0.636498 0.000000
vt 1.094672 0.672801 0.000000
vt 1.311962 0.708715 0.000000
vt 1.078800 0.744050 0.000000
vt 1.332992 0.778615 0.000000
vt 1.052724 0.812228 0.000000
vt 1.363975 0.844709 0.000000
vt 1.016999 0.875884 0.000000
vt 1.404252 0.905587 0.000000
vt 0.972386 0.933659 0.000000
vt 1.452963 0.959952 0.000000
vt 0.919837 0.984324 0.000000
vt 1.509071 1.006645 0.000000
vt 0.860470 1.026797 0.000000
vt 1.571379 1.044671 0.000000
vt 0.795552 1.060173 0.000000
vt 1.638560 1.073220 0.000000
vt 0.726467 1.083742 0.000000
vt 1.094672 -0.672801 0.000000
vt 1.301334 -0.636498 0.000000
vt 1.100000 -0.600000 0.000000
vt 1.301334 -0.563502 0.000000
vt 1.094672 -0.527199 0.000000
vt 1.311962 -0.491285 0.000000
vt 1.078800 -0.455950 0.000000
vt 1.332992 -0.421385 0.000000
vt 1.052724 -0.387772 0.000000
vt 1.363975 -0.355291 0.000000
vt 1.016999 -0.324116 0.000000
vt 1.404252 -0.294413 0.000000
vt 0.972386 -0.266341 0.000000
vt 1.452963 -0.240048 0.000000
vt 0.919837 -0.215676 0.000000
vt 1.509071 -0.193355 0.000000
vt 1.311962 -0.708715 0.000000
vt 1.078800 -0.744050 0.000000
vt 1.332992 -0.778615 0.000000
vt 1.052724 -0.812228 0.000000
vt 1.363975 -0.844709 0.000000
vt 1.016999 -0.875884 0.000000
vt 1.404252 -0.905587 0.000000
vt 0.972386 -0.933659 0.000000
vt 1.452963 -0.959952 0.000000
vt 0.919837 -0.984324 0.000000
vt 1.509071 -1.006645 0.000000
vt 0.860470 -1.026797 0.000000
vt 1.571379 -1.044671 0.000000
vt 0.795552 -1.060173 0.000000
vt 1.638560 -1.073220 0.000000
vt 0.726467 -1.083742 0.000000
vt -0.473533 -1.083742 0.000000
vt 0.438560 -1.073220 0.000000
vt -0.404448 -1.060173 0.000000
vt 0.371379 -1.044671 0.000000
vt -0.339530 -1.026797 0.000000
vt 0.309071 -1.006645 0.000000
vt -0.280163 -0.984324 0.000000
vt 0.252963 -0.959952 0.000000
vt -0.227614 -0.933659 0.000000
vt 0.204252 -0.905587 0.000000
vt -0.183001 -0.875884 0.000000
vt 0.163975 -0.844709 0.000000
vt -0.147276 -0.812228 0.000000
vt 0.132992 -0.778615 0.000000
vt -0.121200 -0.744050 0.000000
vt 0.111962 -0.708715 0.000000
vt -0.105328 -0.672801 0.000000
vt 0.101334 -0.636498 0.000000
vt -0.100000 -0.600000 0.000000
vt 0.101334 -0.563502 0.000000
vt -0.105328 -0.527199 0.000000
vt 0.111962 -0.491285 0.000000
vt -0.121200 -0.455950 0.000000
vt 0.132992 -0.421385 0.000000
vt -0.147276 -0.387772 0.000000
vt 0.163975 -0.355291 0.000000
vt -0.183001 -0.324116 0.000000
vt 0.204252 -0.294413 0.000000
vt -0.227614 -0.266341 0.000000
vt 0.252963 -0.240048 0.000000
vt -0.280163 -0.215676 0.000000
vt 0.309071 -0.193355 0.000000
vt 0.438560 -0.126780 0.000000
vt 0.438560 0.126780 0.000000
vt 0.509182 0.108317 0.000000
vt 0.509182 -0.108317 0.000000
vt 0.581739 0.100334 0.000000
vt 0.581739 -0.100334 0.000000
vt 0.654686 -0.103000 0.000000
vt 0.654686 0.103000 0.000000
vt 0.726467 -0.116258 0.000000
vt 0.726467 0.116258 0.000000
vt -2.505328 -0.672801 0.000000
vt -2.298666 -0.636498 0.000000
vt -2.500000 -0.600000 0.000000
vt -2.298666 -0.563502 0.000000
vt -2.505328 -0.527199 0.000000
vt -2.288038 -0.491285 0.000000
vt -2.521200 -0.455950 0.000000
vt -2.267008 -0.421385 0.000000
vt -2.547276 -0.387772 0.000000
vt -2.236025 -0.355291 0.000000
vt -2.583001 -0.324116 0.000000
vt -2.195748 -0.294413 0.000000
vt -2.627614 -0.266341 0.000000
vt -2.147037 -0.240048 0.000000
vt -2.680163 -0.215676 0.000000
vt -2.090929 -0.193355 0.000000
vt -2.288038 -0.708715 0.000000
vt -2.521200 -0.744050 0.000000
vt -2.267008 -0.778615 0.000000
vt -2.547276 -0.812228 0.000000
vt -2.236025 -0.844709 0.000000
vt -2.583001 -0.875884 0.000000
vt -2.195748 -0.905587 0.000000
vt -2.627614 -0.933659 0.000000
vt -2.147037 -0.959952 0.000000
vt -2.680163 -0.984324 0.000000
vt -2.090929 -1.006645 0.000000
vt -2.739530 -1.026797 0.000000
vt -2.028621 -1.044671 0.000000
vt -2.804448 -1.060173 0.000000
vt -3.395748 -0.905587 0.000000
vt -3.436025 -0.844709 0.000000
vt -3.467008 -0.778615 0.000000
vt -3.488038 -0.708715 0.000000
vt -3.498666 -0.636498 0.000000
vt -3.498666 -0.563502 0.000000
vt -3.488038 -0.491285 0.000000
vt 2.294672 -0.672801 0.000000
vt 2.501334 -0.636498 0.000000
vt 2.300000 -0.600000 0.000000
vt 2.501334 -0.563502 0.000000
vt 2.294672 -0.527199 0.000000
vt 2.511962 -0.491285 0.000000
vt 2.278800 -0.455950 0.000000
vt 2.532992 -0.421385 0.000000
vt 2.252724 -0.387772 0.000000
vt 2.563975 -0.355291 0.000000
vt 2.216999 -0.324116 0.000000
vt 2.604252 -0.294413 0.000000
vt 2.172386 -0.266341 0.000000
vt 2.652963 -0.240048 0.000000
vt 2.119837 -0.215676 0.000000
vt 2.709071 -0.193355 0.000000
vt 2.511962 -0.708715 0.000000
vt 2.278800 -0.744050 0.000000
vt 2.532992 -0.778615 0.000000
vt 2.252724 -0.812228 0.000000
vt 2.563975 -0.844709 0.000000
vt 2.216999 -0.875884 0.000000
vt 2.604252 -0.905587 0.000000
vt 2.172386 -0.933659 0.000000
vt 2.652963 -0.959952 0.000000
vt 2.119837 -0.984324 0.000000
vt 2.709071 -1.006645 0.000000
vt 2.060470 -1.026797 0.000000
vt 2.771379 -1.044671 0.000000
vt 1.995552 -1.060173 0.000000
vt -1.305328 0.527199 0.000000
vt -1.098666 0.563502 0.000000
vt -1.300000 0.600000 0.000000
vt -1.098666 0.636498 0.000000
vt -1.305328 0.672801 0.000000
vt -1.088038 0.708715 0.000000
vt -1.321200 0.744050 0.000000
vt -1.067008 0.778615 0.000000
vt -1.347276 0.812228 0.000000
vt -1.036025 0.844709 0.000000
vt -1.383001 0.875884 0.000000
vt -0.995748 0.905587 0.000000
vt -1.427614 0.933659 0.000000
vt -0.947037 0.959952 0.000000
vt -1.480163 0.984324 0.000000
vt -0.890929 1.006645 0.000000
vt -1.539530 1.026797 0.000000
vt -0.828621 1.044671 0.000000
vt -1.604448 1.060173 0.000000
vt -0.761440 1.073220 0.000000
vt -1.673533 1.083742 0.000000
vt -1.088038 0.491285 0.000000
vt -1.321200 0.455950 0.000000
vt -1.067008 0.421385 0.000000
vt -1.347276 0.387772 0.000000
vt -1.036025 0.355291 0.000000
vt -1.383001 0.324116 0.000000
vt -0.995748 0.294413 0.000000
vt -1.427614 0.266341 0.000000
vt -0.947037 0.240048 0.000000
vt -1.480163 0.215676 0.000000
vt -0.890929 0.193355 0.000000
vt -1.539530 0.173203 0.000000
vt -0.828621 0.155329 0.000000
vt -1.604448 0.139827 0.000000
vt -0.828621 -0.155329 0.000000
vt -1.604448 -0.139827 0.000000
vt -1.539530 -0.173203 0.000000
vt -1.673533 0.116258 0.000000
vt -1.673533 -0.116258 0.000000
vt -1.745314 0.103000 0.000000
vt -1.745314 -0.103000 0.000000
vt -1.818261 0.100334 0.000000
vt -1.818261 -0.100334 0.000000
vt -1.890818 -0.108317 0.000000
vt -1.890818 0.108317 0.000000
vt -1.961440 -0.126780 0.000000
vt -1.961440 0.126780 0.000000
vt 3.494672 0.672801 0.000000
vt 3.500000 0.600000 0.000000
vt 3.478800 -0.455950 0.000000
vt 3.478800 0.455950 0.000000
vt 3.452724 0.387772 0.000000
vt 3.452724 -0.387772 0.000000
vt 3.416999 0.324116 0.000000
vt 3.416999 -0.324116 0.000000
vt 3.372386 0.266341 0.000000
vt 3.372386 -0.266341 0.000000
vt 3.319837 0.215676 0.000000
vt 3.319837 -0.215676 0.000000
vt 3.260470 0.173203 0.000000
vt 3.260470 -0.173203 0.000000
vt 3.195552 0.139827 0.000000
vt 3.195552 -0.139827 0.000000
vt 3.126467 0.116258 0.000000
vt 3.126467 -0.116258 0.000000
vt 3.054686 0.103000 0.000000
vt 3.054686 -0.103000 0.000000
vt 2.981739 0.100334 0.000000
vt 2.981739 -0.100334 0.000000
vt 2.909182 -0.108317 0.000000
vt 2.909182 0.108317 0.000000
vt 2.838560 -0.126780 0.000000
vt 2.838560 0.126780 0.000000
vt 3.416999 0.875884 0.000000
vt 3.452724 0.812228 0.000000
vt 3.478800 0.744050 0.000000
vt -1.673533 -1.083742 0.000000
vt -0.761440 -1.073220 0.000000
vt -1.604448 -1.060173 0.000000
vt -0.828621 -1.044671 0.000000
vt -1.539530 -1.026797 0.000000
vt -0.890929 -1.006645 0.000000
vt -1.480163 -0.984324 0.000000
vt -0.947037 -0.959952 0.000000
vt -1.427614 -0.933659 0.000000
vt -0.995748 -0.905587 0.000000
vt -1.383001 -0.875884 0.000000
vt -1.036025 -0.844709 0.000000
vt -1.347276 -0.812228 0.000000
vt -1.067008 -0.778615 0.000000
vt -1.321200 -0.744050 0.000000
vt -1.088038 -0.708715 0.000000
vt -1.305328 -0.672801 0.000000
vt -1.098666 -0.636498 0.000000
vt -1.300000 -0.600000 0.000000
vt -1.098666 -0.563502 0.000000
vt -1.305328 -0.527199 0.000000
vt -1.088038 -0.491285 0.000000
vt -1.321200 -0.455950 0.000000
vt -1.067008 -0.421385 0.000000
vt -1.347276 -0.387772 0.000000
vt -1.036025 -0.355291 0.000000
vt -1.383001 -0.324116 0.000000
vt -0.995748 -0.294413 0.000000
vt -1.427614 -0.266341 0.000000
vt -0.947037 -0.240048 0.000000
vt -1.480163 -0.215676 0.000000
vt -0.890929 -0.193355 0.000000
vt -0.761440 -0.126780 0.000000
vt -0.761440 0.126780 0.000000
vt -0.690818 0.108317 0.000000
vt -0.690818 -0.108317 0.000000
vt -0.618261 0.100334 0.000000
vt -0.618261 -0.100334 0.000000
vt -0.545314 -0.103000 0.000000
vt -0.545314 0.103000 0.000000
vt -0.473533 -0.116258 0.000000
vt -0.473533 0.116258 0.000000
vn 0.098934 0.014560 0.000000
vn 0.098934 0.014560 0.000000
vn 0.100000 0.000000 0.000000
vn 0.100000 0.000000 0.000000
vn 0.098934 -0.014560 0.000000
vn 0.098934 -0.014560 0.000000
vn 0.095760 -0.028810 0.000000
vn 0.095760 0.028810 0.000000
vn 0.095760 0.028810 0.000000
vn 0.090545 0.042446 0.000000
vn 0.090545 0.042446 0.000000
vn 0.083400 0.055177 0.000000
vn 0.083400 0.055177 0.000000
vn 0.074477 0.066732 0.000000
vn 0.074477 0.066732 0.000000
vn 0.063967 0.076865 0.000000
vn 0.063967 0.076865 0.000000
vn 0.052094 0.085359 0.000000
vn 0.052094 0.085359 0.000000
vn 0.039110 0.092035 0.000000
vn 0.039110 0.092035 0.000000
vn 0.025293 0.096748 0.000000
vn 0.025293 0.096748 0.000000
vn 0.010937 0.099400 0.000000
vn 0.010937 0.099400 0.000000
vn -0.003652 0.099933 0.000000
vn -0.003652 0.099933 0.000000
vn -0.018164 0.098337 0.000000
vn -0.018164 0.098337 0.000000
vn -0.032288 0.094644 0.000000
vn -0.032288 0.094644 0.000000
vn -0.045724 0.088934 0.000000
vn -0.045724 0.088934 0.000000
vn -0.058186 0.081329 0.000000
vn -0.058186 0.081329 0.000000
vn -0.069407 0.071990 0.000000
vn -0.069407 0.071990 0.000000
vn -0.079150 0.061117 0.000000
vn -0.079150 0.061117 0.000000
vn -0.087205 0.048942 0.000000
vn -0.087205 0.048942 0.000000
vn -0.093402 0.035723 0.000000
vn -0.093402 0.035723 0.000000
vn -0.097608 0.021743 0.000000
vn -0.097608 0.021743 0.000000
vn -0.099733 0.007300 0.000000
vn -0.099733 0.007300 0.000000
vn -0.099733 -0.007300 0.000000
vn -0.099733 -0.007300 0.000000
vn -0.097608 -0.021743 0.000000
vn -0.097608 -0.021743 0.000000
vn -0.093402 -0.035723 0.000000
vn -0.093402 -0.035723 0.000000
vn -0.087205 -0.048942 0.000000
vn -0.087205 -0.048942 0.000000
vn -0.079150 -0.061117 0.000000
vn -0.079150 -0.061117 0.000000
vn -0.069407 -0.071990 0.000000
vn -0.069407 -0.071990 0.000000
vn -0.058186 -0.081329 0.000000
vn -0.058186 -0.081329 0.000000
vn -0.045724 -0.088934 0.000000
vn -0.045724 -0.088934 0.000000
vn -0.032288 -0.094644 0.000000
vn -0.032288 -0.094644 0.000000
vn -0.018164 -0.098337 0.000000
vn -0.018164 -0.098337 0.000000
vn -0.003652 -0.099933 0.000000
vn -0.003652 -0.099933 0.000000
vn 0.010937 -0.099400 0.000000
vn 0.010937 -0.099400 0.000000
vn 0.025293 -0.096748 0.000000
vn 0.025293 -0.096748 0.000000
vn 0.039110 -0.092035 0.000000
vn 0.039110 -0.092035 0.000000
vn 0.052094 -0.085359 0.000000
vn 0.052094 -0.085359 0.000000
vn 0.063967 -0.076865 0.000000
vn 0.063967 -0.076865 0.000000
vn 0.074477 -0.066732 0.000000
vn 0.074477 -0.066732 0.000000
vn 0.083400 -0.055177 0.000000
vn 0.083400 -0.055177 0.000000
vn 0.090545 -0.042446 0.000000
vn 0.090545 -0.042446 0.000000
vn 0.095760 -0.028810 0.000000
vn 0.098934 0.014560 0.000000
vn 0.098934 0.014560 0.000000
vn 0.100000 0.000000 0.000000
vn 0.100000 0.000000 0.000000
vn 0.098934 -0.014560 0.000000
vn 0.098934 -0.014560 0.000000
vn 0.095760 -0.028810 0.000000
vn 0.095760 0.028810 0.000000
vn 0.095760 0.028810 0.000000
vn 0.090545 0.042446 0.000000
vn 0.090545 0.042446 0.000000
vn 0.083400 0.055177 0.000000
vn 0.083400 0.055177 0.000000
vn 0.074477 0.066732 0.000000
vn 0.074477 0.066732 0.000000
vn 0.063967 0.076865 0.000000
vn 0.063967 0.076865 0.000000
vn 0.052094 0.085359 0.000000
vn 0.052094 0.085359 0.000000
vn 0.039110 0.092035 0.000000
vn 0.039110 0.092035 0.000000
vn 0.025293 0.096748 0.000000
vn 0.025293 0.096748 0.000000
vn 0.010937 0.099400 0.000000
vn 0.010937 0.099400 0.000000
vn -0.003652 0.099933 0.000000
vn -0.003652 0.099933 0.000000
vn -0.018164 0.098337 0.000000
vn -0.018164 0.098337 0.000000
vn -0.032288 0.094644 0.000000
vn -0.032288 0.094644 0.000000
vn -0.045724 0.088934 0.000000
vn -0.045724 0.088934 0.000000
vn -0.058186 0.081329 0.000000
vn -0.058186 0.081329 0.000000
vn -0.069407 0.071990 0.000000
vn -0.069407 0.071990 0.000000
vn -0.079150 0.061117 0.000000
vn -0.079150 0.061117 0.000000
vn -0.087205 0.048942 0.000000
vn -0.087205 0.048942 0.000000
vn -0.093402 0.035723 0.000000
vn -0.093402 0.035723 0.000000
vn -0.097608 0.021743 0.000000
vn -0.097608 0.021743 0.000000
vn -0.099733 0.007300 0.000000
vn -0.099733 0.007300 0.000000
vn -0.099733 -0.007300 0.000000
vn -0.099733 -0.007300 0.000000
vn -0.097608 -0.021743 0.000000
vn -0.097608 -0.021743 0.000000
vn -0.093402 -0.035723 0.000000
vn -0.093402 -0.035723 0.000000
vn -0.087205 -0.048942 0.000000
vn -0.087205 -0.048942 0.000000
vn -0.079150 -0.061117 0.000000
vn -0.079150 -0.061117 0.000000
vn -0.069407 -0.071990 0.000000
vn -0.069407 -0.071990 0.000000
vn -0.058186 -0.081329 0.000000
vn -0.058186 -0.081329 0.000000
vn -0.045724 -0.088934 0.000000
vn -0.045724 -0.088934 0.000000
vn -0.032288 -0.094644 0.000000
vn -0.032288 -0.094644 0.000000
vn -0.018164 -0.098337 0.000000
vn -0.018164 -0.098337 0.000000
vn -0.003652 -0.099933 0.000000
vn -0.003652 -0.099933 0.000000
vn 0.010937 -0.099400 0.000000
vn 0.010937 -0.099400 0.000000
vn 0.025293 -0.096748 0.000000
vn 0.025293 -0.096748 0.000000
vn 0.039110 -0.092035 0.000000
vn 0.039110 -0.092035 0.000000
vn 0.052094 -0.085359 0.000000
vn 0.052094 -0.085359 0.000000
vn 0.063967 -0.076865 0.000000
vn 0.063967 -0.076865 0.000000
vn 0.074477 -0.066732 0.000000
vn 0.074477 -0.066732 0.000000
vn 0.083400 -0.055177 0.000000
vn 0.083400 -0.055177 0.000000
vn 0.090545 -0.042446 0.000000
vn 0.090545 -0.042446 0.000000
vn 0.095760 -0.028810 0.000000
vn 0.098934 0.014560 0.000000
vn 0.098934 0.014560 0.000000
vn 0.100000 0.000000 0.000000
vn 0.100000 0.000000 0.000000
vn 0.098934 -0.014560 0.000000
vn 0.098934 -0.014560 0.000000
vn 0.095760 -0.028810 0.000000
vn 0.095760 0.028810 0.000000
vn 0.095760 0.028810 0.000000
vn 0.090545 0.042446 0.000000
vn 0.090545 0.042446 0.000000
vn 0.083400 0.055177 0.000000
vn 0.083400 0.055177 0.000000
vn 0.074477 0.066732 0.000000
vn 0.074477 0.066732 0.000000
vn 0.063967 0.076865 0.000000
vn 0.063967 0.076865 0.000000
vn 0.052094 0.085359 0.000000
vn 0.052094 0.085359 0.000000
vn 0.039110 0.092035 0.000000
vn 0.039110 0.092035 0.000000
vn 0.025293 0.096748 0.000000
vn 0.025293 0.096748 0.000000
vn 0.010937 0.099400 0.000000
vn 0.010937 0.099400 0.000000
vn -0.003652 0.099933 0.000000
vn -0.003652 0.099933 0.000000
vn -0.018164 0.098337 0.000000
vn -0.018164 0.098337 0.000000
vn -0.032288 0.094644 0.000000
vn -0.032288 0.094644 0.000000
vn -0.045724 0.088934 0.000000
vn -0.045724 0.088934 0.000000
vn -0.058186 0.081329 0.000000
vn -0.058186 0.081329 0.000000
vn -0.069407 0.071990 0.000000
vn -0.069407 0.071990 0.000000
vn -0.079150 0.061117 0.000000
vn -0.079150 0.061117 0.000000
vn -0.087205 0.048942 0.000000
vn -0.087205 0.048942 0.000000
vn -0.093402 0.035723 0.000000
vn -0.093402 0.035723 0.000000
vn -0.097608 0.021743 0.000000
vn -0.097608 0.021743 0.000000
vn -0.099733 0.007300 0.000000
vn -0.099733 0.007300 0.000000
vn -0.099733 -0.007300 0.000000
vn -0.099733 -0.007300 0.000000
vn -0.097608 -0.021743 0.000000
vn -0.097608 -0.021743 0.000000
vn -0.093402 -0.035723 0.000000
vn -0.093402 -0.035723 0.000000
vn -0.087205 -0.048942 0.000000
vn -0.087205 -0.048942 0.000000
vn -0.079150 -0.061117 0.000000
vn -0.079150 -0.061117 0.000000
vn -0.069407 -0.071990 0.000000
vn -0.069407 -0.071990 0.000000
vn -0.058186 -0.081329 0.000000
vn -0.058186 -0.081329 0.000000
vn -0.045724 -0.088934 0.000000
vn -0.045724 -0.088934 0.000000
vn -0.032288 -0.094644 0.000000
vn -0.032288 -0.094644 0.000000
vn -0.018164 -0.098337 0.000000
vn -0.018164 -0.098337 0.000000
vn -0.003652 -0.099933 0.000000
vn -0.003652 -0.099933 0.000000
vn 0.010937 -0.099400 0.000000
vn 0.010937 -0.099400 0.000000
vn 0.025293 -0.096748 0.000000
vn 0.025293 -0.096748 0.000000
vn 0.039110 -0.092035 0.000000
vn 0.039110 -0.092035 0.000000
vn 0.052094 -0.085359 0.000000
vn 0.052094 -0.085359 0.000000
vn 0.063967 -0.076865 0.000000
vn 0.063967 -0.076865 0.000000
vn 0.074477 -0.066732 0.000000
vn 0.074477 -0.066732 0.000000
vn 0.083400 -0.055177 0.000000
vn 0.083400 -0.055177 0.000000
vn 0.090545 -0.042446 0.000000
vn 0.090545 -0.042446 0.000000
vn 0.095760 -0.028810 0.000000
vn 0.098934 0.014560 0.000000
vn 0.098934 0.014560 0.000000
vn 0.100000 0.000000 0.000000
vn 0.100000 0.000000 0.000000
vn 0.098934 -0.014560 0.000000
vn 0.098934 -0.014560 0.000000
vn 0.095760 -0.028810 0.000000
vn 0.095760 0.028810 0.000000
vn 0.095760 0.028810 0.000000
vn 0.090545 0.042446 0.000000
vn 0.090545 0.042446 0.000000
vn 0.083400 0.055177 0.000000
vn 0.083400 0.055177 0.000000
vn 0.074477 0.066732 0.000000
vn 0.074477 0.066732 0.000000
vn 0.063967 0.076865 0.000000
vn 0.063967 0.076865 0.000000
vn 0.052094 0.085359 0.000000
vn 0.052094 0.085359 0.000000
vn 0.039110 0.092035 0.000000
vn 0.039110 0.092035 0.000000
vn 0.025293 0.096748 0.000000
vn 0.025293 0.096748 0.000000
vn 0.010937 0.099400 0.000000
vn 0.010937 0.099400 0.000000
vn -0.003652 0.099933 0.000000
vn -0.003652 0.099933 0.000000
vn -0.018164 0.098337 0.000000
vn -0.018164 0.098337 0.000000
vn -0.032288 0.094644 0.000000
vn -0.032288 0.094644 0.000000
vn -0.045724 0.088934 0.000000
vn -0.045724 0.088934 0.000000
vn -0.058186 0.081329 0.000000
vn -0.058186 0.081329 0.000000
vn -0.069407 0.071990 0.000000
vn -0.069407 0.071990 0.000000
vn -0.079150 0.061117 0.000000
vn -0.079150 0.061117 0.000000
vn -0.087205 0.048942 0.000000
vn -0.087205 0.048942 0.000000
vn -0.093402 0.035723 0.000000
vn -0.093402 0.035723 0.000000
vn -0.097608 0.021743 0.000000
vn -0.097608 0.021743 0.000000
vn -0.099733 0.007300 0.000000
vn -0.099733 0.007300 0.000000
vn -0.099733 -0.007300 0.000000
vn -0.099733 -0.007300 0.000000
vn -0.097608 -0.021743 0.000000
vn -0.097608 -0.021743 0.000000
vn -0.093402 -0.035723 0.000000
vn -0.093402 -0.035723 0.000000
vn -0.087205 -0.048942 0.000000
vn -0.087205 -0.048942 0.000000
vn -0.079150 -0.061117 0.000000
vn -0.079150 -0.061117 0.000000
vn -0.069407 -0.071990 0.000000
vn -0.069407 -0.071990 0.000000
vn -0.058186 -0.081329 0.000000
vn -0.058186 -0.081329 0.000000
vn -0.045724 -0.088934 0.000000
vn -0.045724 -0.088934 0.000000
vn -0.032288 -0.094644 0.000000
vn -0.032288 -0.094644 0.000000
vn -0.018164 -0.098337 0.000000
vn -0.018164 -0.098337 0.000000
vn -0.003652 -0.099933 0.000000
vn -0.003652 -0.099933 0.000000
vn 0.010937 -0.099400 0.000000
vn 0.010937 -0.099400 0.000000
vn 0.025293 -0.096748 0.000000
vn 0.025293 -0.096748 0.000000
vn 0.039110 -0.092035 0.000000
vn 0.039110 -0.092035 0.000000
vn 0.052094 -0.085359 0.000000
vn 0.052094 -0.085359 0.000000
vn 0.063967 -0.076865 0.000000
vn 0.063967 -0.076865 0.000000
vn 0.074477 -0.066732 0.000000
vn 0.074477 -0.066732 0.000000
vn 0.083400 -0.055177 0.000000
vn 0.083400 -0.055177 0.000000
vn 0.090545 -0.042446 0.000000
vn 0.090545 -0.042446 0.000000
vn 0.095760 -0.028810 0.000000
vn 0.098934 0.014560 0.000000
vn 0.098934 0.014560 0.000000
vn 0.100000 0.000000 0.000000
vn 0.100000 0.000000 0.000000
vn 0.098934 -0.014560 0.000000
vn 0.098934 -0.014560 0.000000
vn 0.095760 -0.028810 0.000000
vn 0.095760 0.028810 0.000000
vn 0.095760 0.028810 0.000000
vn 0.090545 0.042446 0.000000
vn 0.090545 0.042446 0.000000
vn 0.083400 0.055177 0.000000
vn 0.083400 0.055177 0.000000
vn 0.074477 0.066732 0.000000
vn 0.074477 0.066732 0.000000
vn 0.063967 0.076865 0.000000
vn 0.063967 0.076865 0.000000
vn 0.052094 0.085359 0.000000
vn 0.052094 0.085359 0.000000
vn 0.039110 0.092035 0.000000
vn 0.039110 0.092035 0.000000
vn 0.025293 0.096748 0.000000
vn 0.025293 0.096748 0.000000
vn 0.010937 0.099400 0.000000
vn 0.010937 0.099400 0.000000
vn -0.003652 0.099933 0.000000
vn -0.003652 0.099933 0.000000
vn -0.018164 0.098337 0.000000
vn -0.018164 0.098337 0.000000
vn -0.032288 0.094644 0.000000
vn -0.032288 0.094644 0.000000
vn -0.045724 0.088934 0.000000
vn -0.045724 0.088934 0.000000
vn -0.058186 0.081329 0.000000
vn -0.058186 0.081329 0.000000
vn -0.069407 0.071990 0.000000
vn -0.069407 0.071990 0.000000
vn -0.079150 0.061117 0.000000
vn -0.079150 0.061117 0.000000
vn -0.087205 0.048942 0.000000
vn -0.087205 0.048942 0.000000
vn -0.093402 0.035723 0.000000
vn -0.093402 0.035723 0.000000
vn -0.097608 0.021743 0.000000
vn -0.097608 0.021743 0.000000
vn -0.099733 0.007300 0.000000
vn -0.099733 0.007300 0.000000
vn -0.099733 -0.007300 0.000000
vn -0.099733 -0.007300 0.000000
vn -0.097608 -0.021743 0.000000
vn -0.097608 -0.021743 0.000000
vn -0.093402 -0.035723 0.000000
vn -0.093402 -0.035723 0.000000
vn -0.087205 -0.048942 0.000000
vn -0.087205 -0.048942 0.000000
vn -0.079150 -0.061117 0.000000
vn -0.079150 -0.061117 0.000000
vn -0.069407 -0.071990 0.000000
vn -0.069407 -0.071990 0.000000
vn -0.058186 -0.081329 0.000000
vn -0.058186 -0.081329 0.000000
vn -0.045724 -0.088934 0.000000
vn -0.045724 -0.088934 0.000000
vn -0.032288 -0.094644 0.000000
vn -0.032288 -0.094644 0.000000
vn -0.018164 -0.098337 0.000000
vn -0.018164 -0.098337 0.000000
vn -0.003652 -0.099933 0.000000
vn -0.003652 -0.099933 0.000000
vn 0.010937 -0.099400 0.000000
vn 0.010937 -0.099400 0.000000
vn 0.025293 -0.096748 0.000000
vn 0.025293 -0.096748 0.000000
vn 0.039110 -0.092035 0.000000
vn 0.039110 -0.092035 0.000000
vn 0.052094 -0.085359 0.000000
vn 0.052094 -0.085359 0.000000
vn 0.063967 -0.076865 0.000000
vn 0.063967 -0.076865 0.000000
vn 0.074477 -0.066732 0.000000
vn 0.074477 -0.066732 0.000000
vn 0.083400 -0.055177 0.000000
vn 0.083400 -0.055177 0.000000
vn 0.090545 -0.042446 0.000000
vn 0.090545 -0.042446 0.000000
vn 0.095760 -0.028810 0.000000
vn 0.098934 0.014560 0.000000
vn 0.098934 0.014560 0.000000
vn 0.100000 0.000000 0.000000
vn 0.100000 0.000000 0.000000
vn 0.098934 -0.014560 0.000000
vn 0.098934 -0.014560 0.000000
vn 0.095760 -0.028810 0.000000
vn 0.095760 0.028810 0.000000
vn 0.095760 0.028810 0.000000
vn 0.090545 0.042446 0.000000
vn 0.090545 0.042446 0.000000
vn 0.083400 0.055177 0.000000
vn 0.083400 0.055177 0.000000
vn 0.074477 0.066732 0.000000
vn 0.074477 0.066732 0.000000
vn 0.063967 0.076865 0.000000
vn 0.063967 0.076865 0.000000
vn 0.052094 0.085359 0.000000
vn 0.052094 0.085359 0.000000
vn 0.039110 0.092035 0.000000
vn 0.039110 0.092035 0.000000
vn 0.025293 0.096748 0.000000
vn 0.025293 0.096748 0.000000
vn 0.010937 0.099400 0.000000
vn 0.010937 0.099400 0.000000
vn -0.003652 0.099933 0.000000
vn -0.003652 0.099933 0.000000
vn -0.018164 0.098337 0.000000
vn -0.018164 0.098337 0.000000
vn -0.032288 0.094644 0.000000
vn -0.032288 0.094644 0.000000
vn -0.045724 0.088934 0.000000
vn -0.045724 0.088934 0.000000
vn -0.058186 0.081329 0.000000
vn -0.058186 0.081329 0.000000
vn -0.069407 0.071990 0.000000
vn -0.069407 0.071990 0.000000
vn -0.079150 0.061117 0.000000
vn -0.079150 0.061117 0.000000
vn -0.087205 0.048942 0.000000
vn -0.087205 0.048942 0.000000
vn -0.093402 0.035723 0.000000
vn -0.093402 0.035723 0.000000
vn -0.097608 0.021743 0.000000
vn -0.097608 0.021743 0.000000
vn -0.099733 0.007300 0.000000
vn -0.099733 0.007300 0.000000
vn -0.099733 -0.007300 0.000000
vn -0.099733 -0.007300 0.000000
vn -0.097608 -0.021743 0.000000
vn -0.097608 -0.021743 0.000000
vn -0.093402 -0.035723 0.000000
vn -0.093402 -0.035723 0.000000
vn -0.087205 -0.048942 0.000000
vn -0.087205 -0.048942 0.000000
vn -0.079150 -0.061117 0.000000
vn -0.079150 -0.061117 0.000000
vn -0.069407 -0.071990 0.000000
vn -0.069407 -0.071990 0.000000
vn -0.058186 -0.081329 0.000000
vn -0.058186 -0.081329 0.000000
vn -0.045724 -0.088934 0.000000
vn -0.045724 -0.088934 0.000000
vn -0.032288 -0.094644 0.000000
vn -0.032288 -0.094644 0.000000
vn -0.018164 -0.098337 0.000000
vn -0.018164 -0.098337 0.000000
vn -0.003652 -0.099933 0.000000
vn -0.003652 -0.099933 0.000000
vn 0.010937 -0.099400 0.000000
vn 0.010937 -0.099400 0.000000
vn 0.025293 -0.096748 0.000000
vn 0.025293 -0.096748 0.000000
vn 0.039110 -0.092035 0.000000
vn 0.039110 -0.092035 0.000000
vn 0.052094 -0.085359 0.000000
vn 0.052094 -0.085359 0.000000
vn 0.063967 -0.076865 0.000000
vn 0.063967 -0.076865 0.000000
vn 0.074477 -0.066732 0.000000
vn 0.074477 -0.066732 0.000000
vn 0.083400 -0.055177 0.000000
vn 0.083400 -0.055177 0.000000
vn 0.090545 -0.042446 0.000000
vn 0.090545 -0.042446 0.000000
vn 0.095760 -0.028810 0.000000
vn 0.098934 0.014560 0.000000
vn 0.098934 0.014560 0.000000
vn 0.100000 0.000000 0.000000
vn 0.100000 0.000000 0.000000
vn 0.098934 -0.014560 0.000000
vn 0.098934 -0.014560 0.000000
vn 0.095760 -0.028810 0.000000
vn 0.095760 0.028810 0.000000
vn 0.095760 0.028810 0.000000
vn 0.090545 0.042446 0.000000
vn 0.090545 0.042446 0.000000
vn 0.083400 0.055177 0.000000
vn 0.083400 0.055177 0.000000
vn 0.074477 0.066732 0.000000
vn 0.074477 0.066732 0.000000
vn 0.063967 0.076865 0.000000
vn 0.063967 0.076865 0.000000
vn 0.052094 0.085359 0.000000
vn 0.052094 0.085359 0.000000
vn 0.039110 0.092035 0.000000
vn 0.039110 0.092035 0.000000
vn 0.025293 0.096748 0.000000
vn 0.025293 0.096748 0.000000
vn 0.010937 0.099400 0.000000
vn 0.010937 0.099400 0.000000
vn -0.003652 0.099933 0.000000
vn -0.003652 0.099933 0.000000
vn -0.018164 0.098337 0.000000
vn -0.018164 0.098337 0.000000
vn -0.032288 0.094644 0.000000
vn -0.032288 0.094644 0.000000
vn -0.045724 0.088934 0.000000
vn -0.045724 0.088934 0.000000
vn -0.058186 0.081329 0.000000
vn -0.058186 0.081329 0.000000
vn -0.069407 0.071990 0.000000
vn -0.069407 0.071990 0.000000
vn -0.079150 0.061117 0.000000
vn -0.079150 0.061117 0.000000
vn -0.087205 0.048942 0.000000
vn -0.087205 0.048942 0.000000
vn -0.093402 0.035723 0.000000
vn -0.093402 0.035723 0.000000
vn -0.097608 0.021743 0.000000
vn -0.097608 0.021743 0.000000
vn -0.099733 0.007300 0.000000
vn -0.099733 0.007300 0.000000
vn -0.099733 -0.007300 0.000000
vn -0.099733 -0.007300 0.000000
vn -0.097608 -0.021743 0.000000
vn -0.097608 -0.021743 0.000000
vn -0.093402 -0.035723 0.000000
vn -0.093402 -0.035723 0.000000
vn -0.087205 -0.048942 0.000000
vn -0.087205 -0.048942 0.000000
vn -0.079150 -0.061117 0.000000
vn -0.079150 -0.061117 0.000000
vn -0.069407 -0.071990 0.000000
vn -0.069407 -0.071990 0.000000
vn -0.058186 -0.081329 0.000000
vn -0.058186 -0.081329 0.000000
vn -0.045724 -0.088934 0.000000
vn -0.045724 -0.088934 0.000000
vn -0.032288 -0.094644 0.000000
vn -0.032288 -0.094644 0.000000
vn -0.018164 -0.098337 0.000000
vn -0.018164 -0.098337 0.000000
vn -0.003652 -0.099933 0.000000
vn -0.003652 -0.099933 0.000000
vn 0.010937 -0.099400 0.000000
vn 0.010937 -0.099400 0.000000
vn 0.025293 -0.096748 0.000000
vn 0.025293 -0.096748 0.000000
vn 0.039110 -0.092035 0.000000
vn 0.039110 -0.092035 0.000000
vn 0.052094 -0.085359 0.000000
vn 0.052094 -0.085359 0.000000
vn 0.063967 -0.076865 0.000000
vn 0.063967 -0.076865 0.000000
vn 0.074477 -0.066732 0.000000
vn 0.074477 -0.066732 0.000000
vn 0.083400 -0.055177 0.000000
vn 0.083400 -0.055177 0.000000
vn 0.090545 -0.042446 0.000000
vn 0.090545 -0.042446 0.000000
vn 0.095760 -0.028810 0.000000
vn 0.098934 0.014560 0.000000
vn 0.098934 0.014560 0.000000
vn 0.100000 0.000000 0.000000
vn 0.100000 0.000000 0.000000
vn 0.098934 -0.014560 0.000000
vn 0.098934 -0.014560 0.000000
vn 0.095760 -0.028810 0.000000
vn 0.095760 0.028810 0.000000
vn 0.095760 0.028810 0.000000
vn 0.090545 0.042446 0.000000
vn 0.090545 0.042446 0.000000
vn 0.083400 0.055177 0.000000
vn 0.083400 0.055177 0.000000
vn 0.074477 0.066732 0.000000
vn 0.074477 0.066732 0.000000
vn 0.063967 0.076865 0.000000
vn 0.063967 0.076865 0.000000
vn 0.052094 0.085359 0.000000
vn 0.052094 0.085359 0.000000
vn 0.039110 0.092035 0.000000
vn 0.039110 0.092035 0.000000
vn 0.025293 0.096748 0.000000
vn 0.025293 0.096748 0.000000
vn 0.010937 0.099400 0.000000
vn 0.010937 0.099400 0.000000
vn -0.003652 0.099933 0.000000
vn -0.003652 0.099933 0.000000
vn -0.018164 0.098337 0.000000
vn -0.018164 0.098337 0.000000
vn -0.032288 0.094644 0.000000
vn -0.032288 0.094644 0.000000
vn -0.045724 0.088934 0.000000
vn -0.045724 0.088934 0.000000
vn -0.058186 0.081329 0.000000
vn -0.058186 0.081329 0.000000
vn -0.069407 0.071990 0.000000
vn -0.069407 0.071990 0.000000
vn -0.079150 0.061117 0.000000
vn -0.079150 0.061117 0.000000
vn -0.087205 0.048942 0.000000
vn -0.087205 0.048942 0.000000
vn -0.093402 0.035723 0.000000
vn -0.093402 0.035723 0.000000
vn -0.097608 0.021743 0.000000
vn -0.097608 0.021743 0.000000
vn -0.099733 0.007300 0.000000
vn -0.099733 0.007300 0.000000
vn -0.099733 -0.007300 0.000000
vn -0.099733 -0.007300 0.000000
vn -0.097608 -0.021743 0.000000
vn -0.097608 -0.021743 0.000000
vn -0.093402 -0.035723 0.000000
vn -0.093402 -0.035723 0.000000
vn -0.087205 -0.048942 0.000000
vn -0.087205 -0.048942 0.000000
vn -0.079150 -0.061117 0.000000
vn -0.079150 -0.061117 0.000000
vn -0.069407 -0.071990 0.000000
vn -0.069407 -0.071990 0.000000
vn -0.058186 -0.081329 0.000000
vn -0.058186 -0.081329 0.000000
vn -0.045724 -0.088934 0.000000
vn -0.045724 -0.088934 0.000000
vn -0.032288 -0.094644 0.000000
vn -0.032288 -0.094644 0.000000
vn -0.018164 -0.098337 0.000000
vn -0.018164 -0.098337 0.000000
vn -0.003652 -0.099933 0.000000
vn -0.003652 -0.099933 0.000000
vn 0.010937 -0.099400 0.000000
vn 0.010937 -0.099400 0.000000
vn 0.025293 -0.096748 0.000000
vn 0.025293 -0.096748 0.000000
vn 0.039110 -0.092035 0.000000
vn 0.039110 -0.092035 0.000000
vn 0.052094 -0.085359 0.000000
vn 0.052094 -0.085359 0.000000
vn 0.063967 -0.076865 0.000000
vn 0.063967 -0.076865 0.000000
vn 0.074477 -0.066732 0.000000
vn 0.074477 -0.066732 0.000000
vn 0.083400 -0.055177 0.000000
vn 0.083400 -0.055177 0.000000
vn 0.090545 -0.042446 0.000000
vn 0.090545 -0.042446 0.000000
vn 0.095760 -0.028810 0.000000
vn 0.098934 0.014560 0.000000
vn 0.098934 0.014560 0.000000
vn 0.100000 0.000000 0.000000
vn 0.100000 0.000000 0.000000
vn 0.098934 -0.014560 0.000000
vn 0.098934 -0.014560 0.000000
vn 0.095760 -0.028810 0.000000
vn 0.095760 0.028810 0.000000
vn 0.095760 0.028810 0.000000
vn 0.090545 0.042446 0.000000
vn 0.090545 0.042446 0.000000
vn 0.083400 0.055177 0.000000
vn 0.083400 0.055177 0.000000
vn 0.074477 0.066732 0.000000
vn 0.074477 0.066732 0.000000
vn 0.063967 0.076865 0.000000
vn 0.063967 0.076865 0.000000
vn 0.052094 0.085359 0.000000
vn 0.052094 0.085359 0.000000
vn 0.039110 0.092035 0.000000
vn 0.039110 0.092035 0.000000
vn 0.025293 0.096748 0.000000
vn 0.025293 0.096748 0.000000
vn 0.010937 0.099400 0.000000
vn 0.010937 0.099400 0.000000
vn -0.003652 0.099933 0.000000
vn -0.003652 0.099933 0.000000
vn -0.018164 0.098337 0.000000
vn -0.018164 0.098337 0.000000
vn -0.032288 0.094644 0.000000
vn -0.032288 0.094644 0.000000
vn -0.045724 0.088934 0.000000
vn -0.045724 0.088934 0.000000
vn -0.058186 0.081329 0.000000
vn -0.058186 0.081329 0.000000
vn -0.069407 0.071990 0.000000
vn -0.069407 0.071990 0.000000
vn -0.079150 0.061117 0.000000
vn -0.079150 0.061117 0.000000
vn -0.087205 0.048942 0.000000
vn -0.087205 0.048942 0.000000
vn -0.093402 0.035723 0.000000
vn -0.093402 0.035723 0.000000
vn -0.097608 0.021743 0.000000
vn -0.097608 0.021743 0.000000
vn -0.099733 0.007300 0.000000
vn -0.099733 0.007300 0.000000
vn -0.099733 -0.007300 0.000000
vn -0.099733 -0.007300 0.000000
vn -0.097608 -0.021743 0.000000
vn -0.097608 -0.021743 0.000000
vn -0.093402 -0.035723 0.000000
vn -0.093402 -0.035723 0.000000
vn -0.087205 -0.048942 0.000000
vn -0.087205 -0.048942 0.000000
vn -0.079150 -0.061117 0.000000
vn -0.079150 -0.061117 0.000000
vn -0.069407 -0.071990 0.000000
vn -0.069407 -0.071990 0.000000
vn -0.058186 -0.081329 0.000000
vn -0.058186 -0.081329 0.000000
vn -0.045724 -0.088934 0.000000
vn -0.045724 -0.088934 0.000000
vn -0.032288 -0.094644 0.000000
vn -0.032288 -0.094644 0.000000
vn -0.018164 -0.098337 0.000000
vn -0.018164 -0.098337 0.000000
vn -0.003652 -0.099933 0.000000
vn -0.003652 -0.099933 0.000000
vn 0.010937 -0.099400 0.000000
vn 0.010937 -0.099400 0.000000
vn 0.025293 -0.096748 0.000000
vn 0.025293 -0.096748 0.000000
vn 0.039110 -0.092035 0.000000
vn 0.039110 -0.092035 0.000000
vn 0.052094 -0.085359 0.000000
vn 0.052094 -0.085359 0.000000
vn 0.063967 -0.076865 0.000000
vn 0.063967 -0.076865 0.000000
vn 0.074477 -0.066732 0.000000
vn 0.074477 -0.066732 0.000000
vn 0.083400 -0.055177 0.000000
vn 0.083400 -0.055177 0.000000
vn 0.090545 -0.042446 0.000000
vn 0.090545 -0.042446 0.000000
vn 0.095760 -0.028810 0.000000
vn 0.098934 0.014560 0.000000
vn 0.098934 0.014560 0.000000
vn 0.100000 0.000000 0.000000
vn 0.100000 0.000000 0.000000
vn 0.098934 -0.014560 0.000000
vn 0.098934 -0.014560 0.000000
vn 0.095760 -0.028810 0.000000
vn 0.095760 0.028810 0.000000
vn 0.095760 0.028810 0.000000
vn 0.090545 0.042446 0.000000
vn 0.090545 0.042446 0.000000
vn 0.083400 0.055177 0.000000
vn 0.083400 0.055177 0.000000
vn 0.074477 0.066732 0.000000
vn 0.074477 0.066732 0.000000
vn 0.063967 0.076865 0.000000
vn 0.063967 0.076865 0.000000
vn 0.052094 0.085359 0.000000
vn 0.052094 0.085359 0.000000
vn 0.039110 0.092035 0.000000
vn 0.039110 0.092035 0.000000
vn 0.025293 0.096748 0.000000
vn 0.025293 0.096748 0.000000
vn 0.010937 0.099400 0.000000
vn 0.010937 0.099400 0.000000
vn -0.003652 0.099933 0.000000
vn -0.003652 0.099933 0.000000
vn -0.018164 0.098337 0.000000
vn -0.018164 0.098337 0.000000
vn -0.032288 0.094644 0.000000
vn -0.032288 0.094644 0.000000
vn -0.045724 0.088934 0.000000
vn -0.045724 0.088934 0.000000
vn -0.058186 0.081329 0.000000
vn -0.058186 0.081329 0.000000
vn -0.069407 0.071990 0.000000
vn -0.069407 0.071990 0.000000
vn -0.079150 0.061117 0.000000
vn -0.079150 0.061117 0.000000
vn -0.087205 0.048942 0.000000
vn -0.087205 0.048942 0.000000
vn -0.093402 0.035723 0.000000
vn -0.093402 0.035723 0.000000
vn -0.097608 0.021743 0.000000
vn -0.097608 0.021743 0.000000
vn -0.099733 0.007300 0.000000
vn -0.099733 0.007300 0.000000
vn -0.099733 -0.007300 0.000000
vn -0.099733 -0.007300 0.000000
vn -0.097608 -0.021743 0.000000
vn -0.097608 -0.021743 0.000000
vn -0.093402 -0.035723 0.000000
vn -0.093402 -0.035723 0.000000
vn -0.087205 -0.048942 0.000000
vn -0.087205 -0.048942 0.000000
vn -0.079150 -0.061117 0.000000
vn -0.079150 -0.061117 0.000000
vn -0.069407 -0.071990 0.000000
vn -0.069407 -0.071990 0.000000
vn -0.058186 -0.081329 0.000000
vn -0.058186 -0.081329 0.000000
vn -0.045724 -0.088934 0.000000
vn -0.045724 -0.088934 0.000000
vn -0.032288 -0.094644 0.000000
vn -0.032288 -0.094644 0.000000
vn -0.018164 -0.098337 0.000000
vn -0.018164 -0.098337 0.000000
vn -0.003652 -0.099933 0.000000
vn -0.003652 -0.099933 0.000000
vn 0.010937 -0.099400 0.000000
vn 0.010937 -0.099400 0.000000
vn 0.025293 -0.096748 0.000000
vn 0.025293 -0.096748 0.000000
vn 0.039110 -0.092035 0.000000
vn 0.039110 -0.092035 0.000000
vn 0.052094 -0.085359 0.000000
vn 0.052094 -0.085359 0.000000
vn 0.063967 -0.076865 0.000000
vn 0.063967 -0.076865 0.000000
vn 0.074477 -0.066732 0.000000
vn 0.074477 -0.066732 0.000000
vn 0.083400 -0.055177 0.000000
vn 0.083400 -0.055177 0.000000
vn 0.090545 -0.042446 0.000000
vn 0.090545 -0.042446 0.000000
vn 0.095760 -0.028810 0.000000
vn 0.098934 0.014560 0.000000
vn 0.098934 0.014560 0.000000
vn 0.100000 0.000000 0.000000
vn 0.100000 0.000000 0.000000
vn 0.098934 -0.014560 0.000000
vn 0.098934 -0.014560 0.000000
vn 0.095760 -0.028810 0.000000
vn 0.095760 0.028810 0.000000
vn 0.095760 0.028810 0.000000
vn 0.090545 0.042446 0.000000
vn 0.090545 0.042446 0.000000
vn 0.083400 0.055177 0.000000
vn 0.083400 0.055177 0.000000
vn 0.074477 0.066732 0.000000
vn 0.074477 0.066732 0.000000
vn 0.063967 0.076865 0.000000
vn 0.063967 0.076865 0.000000
vn 0.052094 0.085359 0.000000
vn 0.052094 0.085359 0.000000
vn 0.039110 0.092035 0.000000
vn 0.039110 0.092035 0.000000
vn 0.025293 0.096748 0.000000
vn 0.025293 0.096748 0.000000
vn 0.010937 0.099400 0.000000
vn 0.010937 0.099400 0.000000
vn -0.003652 0.099933 0.000000
vn -0.003652 0.099933 0.000000
vn -0.018164 0.098337 0.000000
vn -0.018164 0.098337 0.000000
vn -0.032288 0.094644 0.000000
vn -0.032288 0.094644 0.000000
vn -0.045724 0.088934 0.000000
vn -0.045724 0.088934 0.000000
vn -0.058186 0.081329 0.000000
vn -0.058186 0.081329 0.000000
vn -0.069407 0.071990 0.000000
vn -0.069407 0.071990 0.000000
vn -0.079150 0.061117 0.000000
vn -0.079150 0.061117 0.000000
vn -0.087205 0.048942 0.000000
vn -0.087205 0.048942 0.000000
vn -0.093402 0.035723 0.000000
vn -0.093402 0.035723 0.000000
vn -0.097608 0.021743 0.000000
vn -0.097608 0.021743 0.000000
vn -0.099733 0.007300 0.000000
vn -0.099733 0.007300 0.000000
vn -0.099733 -0.007300 0.000000
vn -0.099733 -0.007300 0.000000
vn -0.097608 -0.021743 0.000000
vn -0.097608 -0.021743 0.000000
vn -0.093402 -0.035723 0.000000
vn -0.093402 -0.035723 0.000000
vn -0.087205 -0.048942 0.000000
vn -0.087205 -0.048942 0.000000
vn -0.079150 -0.061117 0.000000
vn -0.079150 -0.061117 0.000000
vn -0.069407 -0.071990 0.000000
vn -0.069407 -0.071990 0.000000
vn -0.058186 -0.081329 0.000000
vn -0.058186 -0.081329 0.000000
vn -0.045724 -0.088934 0.000000
vn -0.045724 -0.088934 0.000000
vn -0.032288 -0.094644 0.000000
vn -0.032288 -0.094644 0.000000
vn -0.018164 -0.098337 0.000000
vn -0.018164 -0.098337 0.000000
vn -0.003652 -0.099933 0.000000
vn -0.003652 -0.099933 0.000000
vn 0.010937 -0.099400 0.000000
vn 0.010937 -0.099400 0.000000
vn 0.025293 -0.096748 0.000000
vn 0.025293 -0.096748 0.000000
vn 0.039110 -0.092035 0.000000
vn 0.039110 -0.092035 0.000000
vn 0.052094 -0.085359 0.000000
vn 0.052094 -0.085359 0.000000
vn 0.063967 -0.076865 0.000000
vn 0.063967 -0.076865 0.000000
vn 0.074477 -0.066732 0.000000
vn 0.074477 -0.066732 0.000000
vn 0.083400 -0.055177 0.000000
vn 0.083400 -0.055177 0.000000
vn 0.090545 -0.042446 0.000000
vn 0.090545 -0.042446 0.000000
vn 0.095760 -0.028810 0.000000
vn 0.098934 0.014560 0.000000
vn 0.098934 0.014560 0.000000
vn 0.100000 0.000000 0.000000
vn 0.100000 0.000000 0.000000
vn 0.098934 -0.014560 0.000000
vn 0.098934 -0.014560 0.000000
vn 0.095760 -0.028810 0.000000
vn 0.095760 0.028810 0.000000
vn 0.095760 0.028810 0.000000
vn 0.090545 0.042446 0.000000
vn 0.090545 0.042446 0.000000
vn 0.083400 0.055177 0.000000
vn 0.083400 0.055177 0.000000
vn 0.074477 0.066732 0.000000
vn 0.074477 0.066732 0.000000
vn 0.063967 0.076865 0.000000
vn 0.063967 0.076865 0.000000
vn 0.052094 0.085359 0.000000
vn 0.052094 0.085359 0.000000
vn 0.039110 0.092035 0.000000
vn 0.039110 0.092035 0.000000
vn 0.025293 0.096748 0.000000
vn 0.025293 0.096748 0.000000
vn 0.010937 0.099400 0.000000
vn 0.010937 0.099400 0.000000
vn -0.003652 0.099933 0.000000
vn -0.003652 0.099933 0.000000
vn -0.018164 0.098337 0.000000
vn -0.018164 0.098337 0.000000
vn -0.032288 0.094644 0.000000
vn -0.032288 0.094644 0.000000
vn -0.045724 0.088934 0.000000
vn -0.045724 0.088934 0.000000
vn -0.058186 0.081329 0.000000
vn -0.058186 0.081329 0.000000
vn -0.069407 0.071990 0.000000
vn -0.069407 0.071990 0.000000
vn -0.079150 0.061117 0.000000
vn -0.079150 0.061117 0.000000
vn -0.087205 0.048942 0.000000
vn -0.087205 0.048942 0.000000
vn -0.093402 0.035723 0.000000
vn -0.093402 0.035723 0.000000
vn -0.097608 0.021743 0.000000
vn -0.097608 0.021743 0.000000
vn -0.099733 0.007300 0.000000
vn -0.099733 0.007300 0.000000
vn -0.099733 -0.007300 0.000000
vn -0.099733 -0.007300 0.000000
vn -0.097608 -0.021743 0.000000
vn -0.097608 -0.021743 0.000000
vn -0.093402 -0.035723 0.000000
vn -0.093402 -0.035723 0.000000
vn -0.087205 -0.048942 0.000000
vn -0.087205 -0.048942 0.000000
vn -0.079150 -0.061117 0.000000
vn -0.079150 -0.061117 0.000000
vn -0.069407 -0.071990 0.000000
vn -0.069407 -0.071990 0.000000
vn -0.058186 -0.081329 0.000000
vn -0.058186 -0.081329 0.000000
vn -0.045724 -0.088934 0.000000
vn -0.045724 -0.088934 0.000000
vn -0.032288 -0.094644 0.000000
vn -0.032288 -0.094644 0.000000
vn -0.018164 -0.098337 0.000000
vn -0.018164 -0.098337 0.000000
vn -0.003652 -0.099933 0.000000
vn -0.003652 -0.099933 0.000000
vn 0.010937 -0.099400 0.000000
vn 0.010937 -0.099400 0.000000
vn 0.025293 -0.096748 0.000000
vn 0.025293 -0.096748 0.000000
vn 0.039110 -0.092035 0.000000
vn 0.039110 -0.092035 0.000000
vn 0.052094 -0.085359 0.000000
vn 0.052094 -0.085359 0.000000
vn 0.063967 -0.076865 0.000000
vn 0.063967 -0.076865 0.000000
vn 0.074477 -0.066732 0.000000
vn 0.074477 -0.066732 0.000000
vn 0.083400 -0.055177 0.000000
vn 0.083400 -0.055177 0.000000
vn 0.090545 -0.042446 0.000000
vn 0.090545 -0.042446 0.000000
vn 0.095760 -0.028810 0.000000
vn 0.096593 0.025882 0.000000
vn 0.096593 0.025882 0.000000
vn 0.100000 0.000000 0.000000
vn 0.100000 0.000000 0.000000
vn 0.096593 -0.025882 0.000000
vn 0.096593 -0.025882 0.000000
vn 0.086603 -0.050000 0.000000
vn 0.086603 -0.050000 0.000000
vn 0.070711 -0.070711 0.000000
vn 0.070711 -0.070711 0.000000
vn 0.050000 -0.086603 0.000000
vn 0.050000 -0.086603 0.000000
vn 0.025882 -0.096593 0.000000
vn 0.025882 -0.096593 0.000000
vn -0.000000 -0.100000 0.000000
vn -0.000000 -0.100000 0.000000
vn -0.025882 -0.096593 0.000000
vn -0.025882 -0.096593 0.000000
vn -0.050000 -0.086603 0.000000
vn -0.050000 -0.086603 0.000000
vn -0.070711 -0.070711 0.000000
vn -0.070711 -0.070711 0.000000
vn -0.086603 -0.050000 0.000000
vn -0.086603 -0.050000 0.000000
vn -0.096593 -0.025882 0.000000
vn -0.096593 -0.025882 0.000000
vn -0.100000 0.000000 0.000000
vn -0.100000 0.000000 0.000000
vn -0.096593 0.025882 0.000000
vn -0.096593 0.025882 0.000000
vn -0.086603 0.050000 0.000000
vn -0.086603 0.050000 0.000000
vn -0.070711 0.070711 0.000000
vn -0.070711 0.070711 0.000000
vn -0.050000 0.086603 0.000000
vn -0.050000 0.086603 0.000000
vn -0.025882 0.096593 0.000000
vn -0.025882 0.096593 0.000000
vn -0.000000 0.100000 0.000000
vn -0.000000 0.100000 0.000000
vn 0.025882 0.096593 0.000000
vn 0.025882 0.096593 0.000000
vn 0.050000 0.086603 0.000000
vn 0.050000 0.086603 0.000000
vn 0.070711 0.070711 0.000000
vn 0.070711 0.070711 0.000000
vn 0.086603 0.050000 0.000000
vn 0.086603 0.050000 0.000000
vn 0.000000 0.000000 -0.100000
vn 0.000000 0.000000 -0.100000
vn 0.000000 0.000000 -0.100000
vn 0.000000 0.000000 -0.100000
vn 0.000000 0.000000 -0.100000
vn 0.000000 0.000000 -0.100000
vn 0.000000 0.000000 -0.100000
vn 0.000000 0.000000 -0.100000
vn 0.000000 0.000000 -0.100000
vn 0.000000 0.000000 -0.100000
vn 0.000000 0.000000 -0.100000
vn 0.000000 0.000000 -0.100000
vn 0.000000 0.000000 -0.100000
vn 0.000000 0.000000 -0.100000
vn 0.000000 0.000000 -0.100000
vn 0.000000 0.000000 -0.100000
vn 0.000000 0.000000 -0.100000
vn 0.000000 0.000000 -0.100000
vn 0.000000 0.000000 -0.100000
vn 0.000000 0.000000 -0.100000
vn 0.000000 0.000000 -0.100000
vn 0.000000 0.000000 -0.100000
vn 0.000000 0.000000 -0.100000
vn 0.000000 0.000000 -0.100000
vn 0.000000 0.000000 -0.100000
vn 0.000000 0.000000 -0.100000
vn 0.000000 0.000000 -0.100000
vn 0.000000 0.000000 -0.100000
vn 0.000000 0.000000 -0.100000
vn 0.000000 0.000000 -0.100000
vn 0.000000 0.000000 -0.100000
vn 0.000000 0.000000 -0.100000
vn 0.000000 0.000000 -0.100000
vn 0.000000 0.000000 -0.100000
vn 0.000000 0.000000 -0.100000
vn 0.000000 0.000000 -0.100000
vn 0.000000 0.000000 -0.100000
vn 0.000000 0.000000 -0.100000
vn 0.000000 0.000000 -0.100000
vn 0.000000 0.000000 -0.100000
vn 0.000000 0.000000 -0.100000
vn 0.000000 0.000000 -0.100000
vn 0.000000 0.000000 -0.100000
vn 0.000000 0.000000 -0.100000
vn 0.000000 0.000000 -0.100000
vn 0.000000 0.000000 -0.100000
vn 0.000000 0.000000 -0.100000
vn 0.000000 0.000000 -0.100000
vn 0.096593 0.025882 0.000000
vn 0.096593 0.025882 0.000000
vn 0.100000 0.000000 0.000000
vn 0.100000 0.000000 0.000000
vn 0.096593 -0.025882 0.000000
vn 0.096593 -0.025882 0.000000
vn 0.086603 -0.050000 0.000000
vn 0.086603 -0.050000 0.000000
vn 0.070711 -0.070711 0.000000
vn 0.070711 -0.070711 0.000000
vn 0.050000 -0.086603 0.000000
vn 0.050000 -0.086603 0.000000
vn 0.025882 -0.096593 0.000000
vn 0.025882 -0.096593 0.000000
vn -0.000000 -0.100000 0.000000
vn -0.000000 -0.100000 0.000000
vn -0.025882 -0.096593 0.000000
vn -0.025882 -0.096593 0.000000
vn -0.050000 -0.086603 0.000000
vn -0.050000 -0.086603 0.000000
vn -0.070711 -0.070711 0.000000
vn -0.070711 -0.070711 0.000000
vn -0.086603 -0.050000 0.000000
vn -0.086603 -0.050000 0.000000
vn -0.096593 -0.025882 0.000000
vn -0.096593 -0.025882 0.000000
vn -0.100000 0.000000 0.000000
vn -0.100000 0.000000 0.000000
vn -0.096593 0.025882 0.000000
vn -0.096593 0.025882 0.000000
vn -0.086603 0.050000 0.000000
vn -0.086603 0.050000 0.000000
vn -0.070711 0.070711 0.000000
vn -0.070711 0.070711 0.000000
vn -0.050000 0.086603 0.000000
vn -0.050000 0.086603 0.000000
vn -0.025882 0.096593 0.000000
vn -0.025882 0.096593 0.000000
vn -0.000000 0.100000 0.000000
vn -0.000000 0.100000 0.000000
vn 0.025882 0.096593 0.000000
vn 0.025882 0.096593 0.000000
vn 0.050000 0.086603 0.000000
vn 0.050000 0.086603 0.000000
vn 0.070711 0.070711 0.000000
vn 0.070711 0.070711 0.000000
vn 0.086603 0.050000 0.000000
vn 0.086603 0.050000 0.000000
vn 0.000000 0.000000 -0.100000
vn 0.000000 0.000000 -0.100000
vn 0.000000 0.000000 -0.100000
vn 0.000000 0.000000 -0.100000
vn 0.000000 0.000000 -0.100000
vn 0.000000 0.000000 -0.100000
vn 0.000000 0.000000 -0.100000
vn 0.000000 0.000000 -0.100000
vn 0.000000 0.000000 -0.100000
vn 0.000000 0.000000 -0.100000
vn 0.000000 0.000000 -0.100000
vn 0.000000 0.000000 -0.100000
vn 0.000000 0.000000 -0.100000
vn 0.000000 0.000000 -0.100000
vn 0.000000 0.000000 -0.100000
vn 0.000000 0.000000 -0.100000
vn 0.000000 0.000000 -0.100000
vn 0.000000 0.000000 -0.100000
vn 0.000000 0.000000 -0.100000
vn 0.000000 0.000000 -0.100000
vn 0.000000 0.000000 -0.100000
vn 0.000000 0.000000 -0.100000
vn 0.000000 0.000000 -0.100000
vn 0.000000 0.000000 -0.100000
vn 0.000000 0.000000 -0.100000
vn 0.000000 0.000000 -0.100000
vn 0.000000 0.000000 -0.100000
vn 0.000000 0.000000 -0.100000
vn 0.000000 0.000000 -0.100000
vn 0.000000 0.000000 -0.100000
vn 0.000000 0.000000 -0.100000
vn 0.000000 0.000000 -0.100000
vn 0.000000 0.000000 -0.100000
vn 0.000000 0.000000 -0.100000
vn 0.000000 0.000000 -0.100000
vn 0.000000 0.000000 -0.100000
vn 0.000000 0.000000 -0.100000
vn 0.000000 0.000000 -0.100000
vn 0.000000 0.000000 -0.100000
vn 0.000000 0.000000 -0.100000
vn 0.000000 0.000000 -0.100000
vn 0.000000 0.000000 -0.100000
vn 0.000000 0.000000 -0.100000
vn 0.000000 0.000000 -0.100000
vn 0.000000 0.000000 -0.100000
vn 0.000000 0.000000 -0.100000
vn 0.000000 0.000000 -0.100000
vn 0.000000 0.000000 -0.100000
vn 0.096593 0.025882 0.000000
vn 0.096593 0.025882 0.000000
vn 0.100000 0.000000 0.000000
vn 0.100000 0.000000 0.000000
vn 0.096593 -0.025882 0.000000
vn 0.096593 -0.025882 0.000000
vn 0.086603 -0.050000 0.000000
vn 0.086603 -0.050000 0.000000
vn 0.070711 -0.070711 0.000000
vn 0.070711 -0.070711 0.000000
vn 0.050000 -0.086603 0.000000
vn 0.050000 -0.086603 0.000000
vn 0.025882 -0.096593 0.000000
vn 0.025882 -0.096593 0.000000
vn -0.000000 -0.100000 0.000000
vn -0.000000 -0.100000 0.000000
vn -0.025882 -0.096593 0.000000
vn -0.025882 -0.096593 0.000000
vn -0.050000 -0.086603 0.000000
vn -0.050000 -0.086603 0.000000
vn -0.070711 -0.070711 0.000000
vn -0.070711 -0.070711 0.000000
vn -0.086603 -0.050000 0.000000
vn -0.086603 -0.050000 0.000000
vn -0.096593 -0.025882 0.000000
vn -0.096593 -0.025882 0.000000
vn -0.100000 0.000000 0.000000
vn -0.100000 0.000000 0.000000
vn -0.096593 0.025882 0.000000
vn -0.096593 0.025882 0.000000
vn -0.086603 0.050000 0.000000
vn -0.086603 0.050000 0.000000
vn -0.070711 0.070711 0.000000
vn -0.070711 0.070711 0.000000
vn -0.050000 0.086603 0.000000
vn -0.050000 0.086603 0.000000
vn -0.025882 0.096593 0.000000
vn -0.025882 0.096593 0.000000
vn -0.000000 0.100000 0.000000
vn -0.000000 0.100000 0.000000
vn 0.025882 0.096593 0.000000
vn 0.025882 0.096593 0.000000
vn 0.050000 0.086603 0.000000
vn 0.050000 0.086603 0.000000
vn 0.070711 0.070711 0.000000
vn 0.070711 0.070711 0.000000
vn 0.086603 0.050000 0.000000
vn 0.086603 0.050000 0.000000
vn 0.000000 0.000000 -0.100000
vn 0.000000 0.000000 -0.100000
vn 0.000000 0.000000 -0.100000
vn 0.000000 0.000000 -0.100000
vn 0.000000 0.000000 -0.100000
vn 0.000000 0.000000 -0.100000
vn 0.000000 0.000000 -0.100000
vn 0.000000 0.000000 -0.100000
vn 0.000000 0.000000 -0.100000
vn 0.000000 0.000000 -0.100000
vn 0.000000 0.000000 -0.100000
vn 0.000000 0.000000 -0.100000
vn 0.000000 0.000000 -0.100000
vn 0.000000 0.000000 -0.100000
vn 0.000000 0.000000 -0.100000
vn 0.000000 0.000000 -0.100000
vn 0.000000 0.000000 -0.100000
vn 0.000000 0.000000 -0.100000
vn 0.000000 0.000000 -0.100000
vn 0.000000 0.000000 -0.100000
vn 0.000000 0.000000 -0.100000
vn 0.000000 0.000000 -0.100000
vn 0.000000 0.000000 -0.100000
vn 0.000000 0.000000 -0.100000
vn 0.000000 0.000000 -0.100000
vn 0.000000 0.000000 -0.100000
vn 0.000000 0.000000 -0.100000
vn 0.000000 0.000000 -0.100000
vn 0.000000 0.000000 -0.100000
vn 0.000000 0.000000 -0.100000
vn 0.000000 0.000000 -0.100000
vn 0.000000 0.000000 -0.100000
vn 0.000000 0.000000 -0.100000
vn 0.000000 0.000000 -0.100000
vn 0.000000 0.000000 -0.100000
vn 0.000000 0.000000 -0.100000
vn 0.000000 0.000000 -0.100000
vn 0.000000 0.000000 -0.100000
vn 0.000000 0.000000 -0.100000
vn 0.000000 0.000000 -0.100000
vn 0.000000 0.000000 -0.100000
vn 0.000000 0.000000 -0.100000
vn 0.000000 0.000000 -0.100000
vn 0.000000 0.000000 -0.100000
vn 0.000000 0.000000 -0.100000
vn 0.000000 0.000000 -0.100000
vn 0.000000 0.000000 -0.100000
vn 0.000000 0.000000 -0.100000
vn 0.096593 0.025882 0.000000
vn 0.096593 0.025882 0.000000
vn 0.100000 0.000000 0.000000
vn 0.100000 0.000000 0.000000
vn 0.096593 -0.025882 0.000000
vn 0.096593 -0.025882 0.000000
vn 0.086603 -0.050000 0.000000
vn 0.086603 -0.050000 0.000000
vn 0.070711 -0.070711 0.000000
vn 0.070711 -0.070711 0.000000
vn 0.050000 -0.086603 0.000000
vn 0.050000 -0.086603 0.000000
vn 0.025882 -0.096593 0.000000
vn 0.025882 -0.096593 0.000000
vn -0.000000 -0.100000 0.000000
vn -0.000000 -0.100000 0.000000
vn -0.025882 -0.096593 0.000000
vn -0.025882 -0.096593 0.000000
vn -0.050000 -0.086603 0.000000
vn -0.050000 -0.086603 0.000000
vn -0.070711 -0.070711 0.000000
vn -0.070711 -0.070711 0.000000
vn -0.086603 -0.050000 0.000000
vn -0.086603 -0.050000 0.000000
vn -0.096593 -0.025882 0.000000
vn -0.096593 -0.025882 0.000000
vn -0.100000 0.000000 0.000000
vn -0.100000 0.000000 0.000000
vn -0.096593 0.025882 0.000000
vn -0.096593 0.025882 0.000000
vn -0.086603 0.050000 0.000000
vn -0.086603 0.050000 0.000000
vn -0.070711 0.070711 0.000000
vn -0.070711 0.070711 0.000000
vn -0.050000 0.086603 0.000000
vn -0.050000 0.086603 0.000000
vn -0.025882 0.096593 0.000000
vn -0.025882 0.096593 0.000000
vn -0.000000 0.100000 0.000000
vn -0.000000 0.100000 0.000000
vn 0.025882 0.096593 0.000000
vn 0.025882 0.096593 0.000000
vn 0.050000 0.086603 0.000000
vn 0.050000 0.086603 0.000000
vn 0.070711 0.070711 0.000000
vn 0.070711 0.070711 0.000000
vn 0.086603 0.050000 0.000000
vn 0.086603 0.050000 0.000000
vn 0.000000 0.000000 -0.100000
vn 0.000000 0.000000 -0.100000
vn 0.000000 0.000000 -0.100000
vn 0.000000 0.000000 -0.100000
vn 0.000000 0.000000 -0.100000
vn 0.000000 0.000000 -0.100000
vn 0.000000 0.000000 -0.100000
vn 0.000000 0.000000 -0.100000
vn 0.000000 0.000000 -0.100000
vn 0.000000 0.000000 -0.100000
vn 0.000000 0.000000 -0.100000
vn 0.000000 0.000000 -0.100000
vn 0.000000 0.000000 -0.100000
vn 0.000000 0.000000 -0.100000
vn 0.000000 0.000000 -0.100000
vn 0.000000 0.000000 -0.100000
vn 0.000000 0.000000 -0.100000
vn 0.000000 0.000000 -0.100000
vn 0.000000 0.000000 -0.100000
vn 0.000000 0.000000 -0.100000
vn 0.000000 0.000000 -0.100000
vn 0.000000 0.000000 -0.100000
vn 0.000000 0.000000 -0.100000
vn 0.000000 0.000000 -0.100000
vn 0.000000 0.000000 -0.100000
vn 0.000000 0.000000 -0.100000
vn 0.000000 0.000000 -0.100000
vn 0.000000 0.000000 -0.100000
vn 0.000000 0.000000 -0.100000
vn 0.000000 0.000000 -0.100000
vn 0.000000 0.000000 -0.100000
vn 0.000000 0.000000 -0.100000
vn 0.000000 0.000000 -0.100000
vn 0.000000 0.000000 -0.100000
vn 0.000000 0.000000 -0.100000
vn 0.000000 0.000000 -0.100000
vn 0.000000 0.000000 -0.100000
vn 0.000000 0.000000 -0.100000
vn 0.000000 0.000000 -0.100000
vn 0.000000 0.000000 -0.100000
vn 0.000000 0.000000 -0.100000
vn 0.000000 0.000000 -0.100000
vn 0.000000 0.000000 -0.100000
vn 0.000000 0.000000 -0.100000
vn 0.000000 0.000000 -0.100000
vn 0.000000 0.000000 -0.100000
vn 0.000000 0.000000 -0.100000
vn 0.000000 0.000000 -0.100000
vn 0.096593 -0.025882 0.000000
vn 0.096593 -0.025882 0.000000
vn 0.100000 -0.000000 0.000000
vn 0.100000 -0.000000 0.000000
vn 0.096593 0.025882 0.000000
vn 0.096593 0.025882 0.000000
vn 0.086603 0.050000 0.000000
vn 0.086603 0.050000 0.000000
vn 0.070711 0.070711 0.000000
vn 0.070711 0.070711 0.000000
vn 0.050000 0.086603 0.000000
vn 0.050000 0.086603 0.000000
vn 0.025882 0.096593 0.000000
vn 0.025882 0.096593 0.000000
vn -0.000000 0.100000 0.000000
vn -0.000000 0.100000 0.000000
vn -0.025882 0.096593 0.000000
vn -0.025882 0.096593 0.000000
vn -0.050000 0.086603 0.000000
vn -0.050000 0.086603 0.000000
vn -0.070711 0.070711 0.000000
vn -0.070711 0.070711 0.000000
vn -0.086603 0.050000 0.000000
vn -0.086603 0.050000 0.000000
vn -0.096593 0.025882 0.000000
vn -0.096593 0.025882 0.000000
vn -0.100000 0.000000 0.000000
vn -0.100000 0.000000 0.000000
vn -0.096593 -0.025882 0.000000
vn -0.096593 -0.025882 0.000000
vn -0.086603 -0.050000 0.000000
vn -0.086603 -0.050000 0.000000
vn -0.070711 -0.070711 0.000000
vn -0.070711 -0.070711 0.000000
vn -0.050000 -0.086603 0.000000
vn -0.050000 -0.086603 0.000000
vn -0.025882 -0.096593 0.000000
vn -0.025882 -0.096593 0.000000
vn -0.000000 -0.100000 0.000000
vn -0.000000 -0.100000 0.000000
vn 0.025882 -0.096593 0.000000
vn 0.025882 -0.096593 0.000000
vn 0.050000 -0.086603 0.000000
vn 0.050000 -0.086603 0.000000
vn 0.070711 -0.070711 0.000000
vn 0.070711 -0.070711 0.000000
vn 0.086603 -0.050000 0.000000
vn 0.086603 -0.050000 0.000000
vn 0.096593 -0.025882 0.000000
vn 0.096593 -0.025882 0.000000
vn 0.100000 -0.000000 0.000000
vn 0.100000 -0.000000 0.000000
vn 0.096593 0.025882 0.000000
vn 0.096593 0.025882 0.000000
vn 0.086603 0.050000 0.000000
vn 0.086603 0.050000 0.000000
vn 0.070711 0.070711 0.000000
vn 0.070711 0.070711 0.000000
vn 0.050000 0.086603 0.000000
vn 0.050000 0.086603 0.000000
vn 0.025882 0.096593 0.000000
vn 0.025882 0.096593 0.000000
vn -0.000000 0.100000 0.000000
vn -0.000000 0.100000 0.000000
vn -0.025882 0.096593 0.000000
vn -0.025882 0.096593 0.000000
vn -0.050000 0.086603 0.000000
vn -0.050000 0.086603 0.000000
vn -0.070711 0.070711 0.000000
vn -0.070711 0.070711 0.000000
vn -0.086603 0.050000 0.000000
vn -0.086603 0.050000 0.000000
vn -0.096593 0.025882 0.000000
vn -0.096593 0.025882 0.000000
vn -0.100000 0.000000 0.000000
vn -0.100000 0.000000 0.000000
vn -0.096593 -0.025882 0.000000
vn -0.096593 -0.025882 0.000000
vn -0.086603 -0.050000 0.000000
vn -0.086603 -0.050000 0.000000
vn -0.070711 -0.070711 0.000000
vn -0.070711 -0.070711 0.000000
vn -0.050000 -0.086603 0.000000
vn -0.050000 -0.086603 0.000000
vn -0.025882 -0.096593 0.000000
vn -0.025882 -0.096593 0.000000
vn -0.000000 -0.100000 0.000000
vn -0.000000 -0.100000 0.000000
vn 0.025882 -0.096593 0.000000
vn 0.025882 -0.096593 0.000000
vn 0.050000 -0.086603 0.000000
vn 0.050000 -0.086603 0.000000
vn 0.070711 -0.070711 0.000000
vn 0.070711 -0.070711 0.000000
vn 0.086603 -0.050000 0.000000
vn 0.086603 -0.050000 0.000000
vn 0.096593 -0.025882 0.000000
vn 0.096593 -0.025882 0.000000
vn 0.100000 -0.000000 0.000000
vn 0.100000 -0.000000 0.000000
vn 0.096593 0.025882 0.000000
vn 0.096593 0.025882 0.000000
vn 0.086603 0.050000 0.000000
vn 0.086603 0.050000 0.000000
vn 0.070711 0.070711 0.000000
vn 0.070711 0.070711 0.000000
vn 0.050000 0.086603 0.000000
vn 0.050000 0.086603 0.000000
vn 0.025882 0.096593 0.000000
vn 0.025882 0.096593 0.000000
vn -0.000000 0.100000 0.000000
vn -0.000000 0.100000 0.000000
vn -0.025882 0.096593 0.000000
vn -0.025882 0.096593 0.000000
vn -0.050000 0.086603 0.000000
vn -0.050000 0.086603 0.000000
vn -0.070711 0.070711 0.000000
vn -0.070711 0.070711 0.000000
vn -0.086603 0.050000 0.000000
vn -0.086603 0.050000 0.000000
vn -0.096593 0.025882 0.000000
vn -0.096593 0.025882 0.000000
vn -0.100000 0.000000 0.000000
vn -0.100000 0.000000 0.000000
vn -0.096593 -0.025882 0.000000
vn -0.096593 -0.025882 0.000000
vn -0.086603 -0.050000 0.000000
vn -0.086603 -0.050000 0.000000
vn -0.070711 -0.070711 0.000000
vn -0.070711 -0.070711 0.000000
vn -0.050000 -0.086603 0.000000
vn -0.050000 -0.086603 0.000000
vn -0.025882 -0.096593 0.000000
vn -0.025882 -0.096593 0.000000
vn -0.000000 -0.100000 0.000000
vn -0.000000 -0.100000 0.000000
vn 0.025882 -0.096593 0.000000
vn 0.025882 -0.096593 0.000000
vn 0.050000 -0.086603 0.000000
vn 0.050000 -0.086603 0.000000
vn 0.070711 -0.070711 0.000000
vn 0.070711 -0.070711 0.000000
vn 0.086603 -0.050000 0.000000
vn 0.086603 -0.050000 0.000000
vn 0.096593 -0.025882 0.000000
vn 0.096593 -0.025882 0.000000
vn 0.100000 -0.000000 0.000000
vn 0.100000 -0.000000 0.000000
vn 0.096593 0.025882 0.000000
vn 0.096593 0.025882 0.000000
vn 0.086603 0.050000 0.000000
vn 0.086603 0.050000 0.000000
vn 0.070711 0.070711 0.000000
vn 0.070711 0.070711 0.000000
vn 0.050000 0.086603 0.000000
vn 0.050000 0.086603 0.000000
vn 0.025882 0.096593 0.000000
vn 0.025882 0.096593 0.000000
vn -0.000000 0.100000 0.000000
vn -0.000000 0.100000 0.000000
vn -0.025882 0.096593 0.000000
vn -0.025882 0.096593 0.000000
vn -0.050000 0.086603 0.000000
vn -0.050000 0.086603 0.000000
vn -0.070711 0.070711 0.000000
vn -0.070711 0.070711 0.000000
vn -0.086603 0.050000 0.000000
vn -0.086603 0.050000 0.000000
vn -0.096593 0.025882 0.000000
vn -0.096593 0.025882 0.000000
vn -0.100000 0.000000 0.000000
vn -0.100000 0.000000 0.000000
vn -0.096593 -0.025882 0.000000
vn -0.096593 -0.025882 0.000000
vn -0.086603 -0.050000 0.000000
vn -0.086603 -0.050000 0.000000
vn -0.070711 -0.070711 0.000000
vn -0.070711 -0.070711 0.000000
vn -0.050000 -0.086603 0.000000
vn -0.050000 -0.086603 0.000000
vn -0.025882 -0.096593 0.000000
vn -0.025882 -0.096593 0.000000
vn -0.000000 -0.100000 0.000000
vn -0.000000 -0.100000 0.000000
vn 0.025882 -0.096593 0.000000
vn 0.025882 -0.096593 0.000000
vn 0.050000 -0.086603 0.000000
vn 0.050000 -0.086603 0.000000
vn 0.070711 -0.070711 0.000000
vn 0.070711 -0.070711 0.000000
vn 0.086603 -0.050000 0.000000
vn 0.086603 -0.050000 0.000000
vn 0.100000 -0.000000 0.000000
vn 0.100000 -0.000000 0.000000
vn 0.100000 -0.000000 0.000000
vn 0.100000 -0.000000 0.000000
vn 0.000000 0.100000 0.000000
vn 0.000000 0.100000 0.000000
vn 0.000000 0.100000 0.000000
vn 0.000000 0.100000 0.000000
vn -0.100000 0.000000 0.000000
vn -0.100000 0.000000 0.000000
vn -0.100000 0.000000 0.000000
vn -0.100000 0.000000 0.000000
vn 0.000000 -0.100000 0.000000
vn 0.000000 -0.100000 0.000000
vn 0.000000 -0.100000 0.000000
vn 0.000000 -0.100000 0.000000
vn 0.000000 0.000000 -0.100000
vn 0.000000 0.000000 -0.100000
vn 0.000000 0.000000 -0.100000
vn 0.000000 0.000000 -0.100000
vn 0.000000 0.000000 -0.100000
vn 0.000000 0.000000 -0.100000
vn 0.000000 0.000000 -0.100000
vn 0.000000 0.000000 -0.100000
vn 0.000000 0.000000 -0.100000
vn 0.000000 0.000000 -0.100000
vn 0.000000 0.000000 -0.100000
vn 0.000000 0.000000 -0.100000
vn 0.000000 0.000000 -0.100000
vn 0.000000 0.000000 -0.100000
vn 0.000000 0.000000 -0.100000
vn 0.000000 0.000000 -0.100000
vn 0.000000 0.000000 -0.100000
vn 0.000000 0.000000 -0.100000
vn 0.000000 0.000000 -0.100000
vn 0.000000 0.000000 -0.100000
vn 0.000000 0.000000 -0.100000
vn 0.000000 0.000000 -0.100000
vn 0.000000 0.000000 -0.100000
vn 0.000000 0.000000 -0.100000
vn 0.000000 0.000000 -0.100000
vn 0.000000 0.000000 -0.100000
vn 0.000000 0.000000 -0.100000
vn 0.000000 0.000000 -0.100000
vn 0.000000 0.000000 -0.100000
vn 0.000000 0.000000 -0.100000
vn 0.000000 0.000000 -0.100000
vn 0.000000 0.000000 -0.100000
vn 0.000000 0.000000 -0.100000
vn 0.000000 0.000000 -0.100000
vn 0.000000 0.000000 -0.100000
vn 0.000000 0.000000 -0.100000
vn 0.000000 0.000000 -0.100000
vn 0.000000 0.000000 -0.100000
vn 0.000000 0.000000 -0.100000
vn 0.000000 0.000000 -0.100000
vn 0.000000 0.000000 -0.100000
vn 0.000000 0.000000 -0.100000
vn 0.000000 0.000000 -0.100000
vn 0.000000 0.000000 -0.100000
vn 0.000000 0.000000 -0.100000
vn 0.000000 0.000000 -0.100000
vn 0.000000 0.000000 -0.100000
vn 0.000000 0.000000 -0.100000
vn 0.000000 0.000000 -0.100000
vn 0.000000 0.000000 -0.100000
vn 0.000000 0.000000 -0.100000
vn 0.000000 0.000000 -0.100000
vn 0.000000 0.000000 -0.100000
vn 0.000000 0.000000 -0.100000
vn 0.000000 0.000000 -0.100000
vn 0.000000 0.000000 -0.100000
vn 0.000000 0.000000 -0.100000
vn 0.000000 0.000000 -0.100000
vn 0.000000 0.000000 -0.100000
vn 0.000000 0.000000 -0.100000
vn 0.000000 0.000000 -0.100000
vn 0.000000 0.000000 -0.100000
vn 0.000000 0.000000 -0.100000
vn 0.000000 0.000000 -0.100000
vn 0.000000 0.000000 -0.100000
vn 0.000000 0.000000 -0.100000
vn 0.000000 0.000000 -0.100000
vn 0.000000 0.000000 -0.100000
vn 0.000000 0.000000 -0.100000
vn 0.000000 0.000000 -0.100000
vn 0.000000 0.000000 -0.100000
vn 0.000000 0.000000 -0.100000
vn 0.000000 0.000000 -0.100000
vn 0.000000 0.000000 -0.100000
vn 0.000000 0.000000 -0.100000
vn 0.000000 0.000000 -0.100000
vn 0.000000 0.000000 -0.100000
vn 0.000000 0.000000 -0.100000
vn 0.000000 0.000000 -0.100000
vn 0.000000 0.000000 -0.100000
vn 0.000000 0.000000 -0.100000
vn 0.000000 0.000000 -0.100000
vn 0.000000 0.000000 -0.100000
vn 0.000000 0.000000 -0.100000
vn 0.000000 0.000000 -0.100000
vn 0.000000 0.000000 -0.100000
vn 0.000000 0.000000 -0.100000
vn 0.000000 0.000000 -0.100000
vn 0.000000 0.000000 -0.100000
vn 0.000000 0.000000 -0.100000
vn 0.000000 0.000000 -0.100000
vn 0.000000 0.000000 -0.100000
vn 0.000000 0.000000 -0.100000
vn 0.000000 0.000000 -0.100000
vn 0.000000 0.000000 -0.100000
vn 0.000000 0.000000 -0.100000
vn 0.000000 0.000000 -0.100000
vn 0.000000 0.000000 -0.100000
vn 0.000000 0.000000 -0.100000
vn 0.000000 0.000000 -0.100000
vn 0.000000 0.000000 -0.100000
vn 0.000000 0.000000 -0.100000
vn 0.000000 0.000000 -0.100000
vn 0.000000 0.000000 -0.100000
vn 0.000000 0.000000 -0.100000
vn 0.000000 0.000000 -0.100000
vn 0.000000 0.000000 -0.100000
vn 0.000000 0.000000 -0.100000
vn 0.000000 0.000000 -0.100000
vn 0.000000 0.000000 -0.100000
vn 0.000000 0.000000 -0.100000
vn 0.000000 0.000000 -0.100000
vn 0.000000 0.000000 -0.100000
vn 0.000000 0.000000 -0.100000
vn 0.000000 0.000000 -0.100000
vn 0.000000 0.000000 -0.100000
vn 0.000000 0.000000 -0.100000
vn 0.000000 0.000000 -0.100000
vn 0.000000 0.000000 -0.100000
vn 0.000000 0.000000 -0.100000
vn 0.000000 0.000000 -0.100000
vn 0.000000 0.000000 -0.100000
vn 0.000000 0.000000 -0.100000
vn 0.000000 0.000000 -0.100000
vn 0.000000 0.000000 -0.100000
vn 0.000000 0.000000 -0.100000
vn 0.000000 0.000000 -0.100000
vn 0.000000 0.000000 -0.100000
vn 0.000000 0.000000 -0.100000
vn 0.000000 0.000000 -0.100000
vn 0.000000 0.000000 -0.100000
vn 0.000000 0.000000 -0.100000
vn 0.000000 0.000000 -0.100000
vn 0.000000 0.000000 -0.100000
vn 0.000000 0.000000 -0.100000
vn 0.000000 0.000000 -0.100000
vn 0.000000 0.000000 -0.100000
vn 0.000000 0.000000 -0.100000
vn 0.000000 0.000000 -0.100000
vn 0.000000 0.000000 -0.100000
vn 0.000000 0.000000 -0.100000
vn 0.000000 0.000000 -0.100000
vn 0.000000 0.000000 -0.100000
vn 0.000000 0.000000 -0.100000
vn 0.000000 0.000000 -0.100000
vn 0.000000 0.000000 -0.100000
vn 0.000000 0.000000 -0.100000
vn 0.000000 0.000000 -0.100000
vn 0.000000 0.000000 -0.100000
vn 0.000000 0.000000 -0.100000
vn 0.000000 0.000000 -0.100000
vn 0.000000 0.000000 -0.100000
vn 0.000000 0.000000 -0.100000
vn 0.000000 0.000000 -0.100000
vn 0.000000 0.000000 -0.100000
vn 0.000000 0.000000 -0.100000
vn 0.000000 0.000000 -0.100000
vn 0.000000 0.000000 -0.100000
vn 0.000000 0.000000 -0.100000
vn 0.000000 0.000000 -0.100000
vn 0.000000 0.000000 -0.100000
vn 0.000000 0.000000 -0.100000
vn 0.000000 0.000000 -0.100000
vn 0.000000 0.000000 -0.100000
vn 0.000000 0.000000 -0.100000
vn 0.000000 0.000000 -0.100000
vn 0.000000 0.000000 -0.100000
vn 0.000000 0.000000 -0.100000
vn 0.000000 0.000000 -0.100000
vn 0.000000 0.000000 -0.100000
vn 0.000000 0.000000 -0.100000
vn 0.000000 0.000000 -0.100000
vn 0.000000 0.000000 -0.100000
vn 0.000000 0.000000 -0.100000
vn 0.000000 0.000000 -0.100000
vn 0.000000 0.000000 -0.100000
vn 0.000000 0.000000 -0.100000
vn 0.000000 0.000000 -0.100000
vn 0.000000 0.000000 -0.100000
vn 0.000000 0.000000 -0.100000
vn 0.000000 0.000000 -0.100000
vn 0.000000 0.000000 -0.100000
vn 0.000000 0.000000 -0.100000
vn 0.000000 0.000000 -0.100000
vn 0.000000 0.000000 -0.100000
vn 0.000000 0.000000 -0.100000
vn 0.000000 0.000000 -0.100000
vn 0.000000 0.000000 -0.100000
vn 0.000000 0.000000 -0.100000
vn 0.000000 0.000000 -0.100000
vn 0.000000 0.000000 -0.100000
vn 0.000000 0.000000 -0.100000
vn 0.000000 0.000000 -0.100000
vn 0.000000 0.000000 -0.100000
vn 0.000000 0.000000 -0.100000
vn 0.000000 0.000000 -0.100000
vn 0.000000 0.000000 -0.100000
vn 0.000000 0.000000 -0.100000
vn 0.000000 0.000000 -0.100000
vn 0.000000 0.000000 -0.100000
vn 0.000000 0.000000 -0.100000
vn 0.000000 0.000000 -0.100000
vn 0.000000 0.000000 -0.100000
vn 0.000000 0.000000 -0.100000
vn 0.000000 0.000000 -0.100000
vn 0.000000 0.000000 -0.100000
vn 0.000000 0.000000 -0.100000
vn 0.000000 0.000000 -0.100000
vn 0.000000 0.000000 -0.100000
vn 0.000000 0.000000 -0.100000
vn 0.000000 0.000000 -0.100000
vn 0.000000 0.000000 -0.100000
vn 0.000000 0.000000 -0.100000
vn 0.000000 0.000000 -0.100000
vn 0.000000 0.000000 -0.100000
vn 0.000000 0.000000 -0.100000
vn 0.000000 0.000000 -0.100000
vn 0.000000 0.000000 -0.100000
vn 0.000000 0.000000 -0.100000
vn 0.000000 0.000000 -0.100000
vn 0.000000 0.000000 -0.100000
vn 0.000000 0.000000 -0.100000
vn 0.000000 0.000000 -0.100000
vn 0.000000 0.000000 -0.100000
vn 0.000000 0.000000 -0.100000
vn 0.000000 0.000000 -0.100000
vn 0.000000 0.000000 -0.100000
vn 0.000000 0.000000 -0.100000
vn 0.000000 0.000000 -0.100000
vn 0.000000 0.000000 -0.100000
vn 0.000000 0.000000 -0.100000
vn 0.000000 0.000000 -0.100000
vn 0.000000 0.000000 -0.100000
vn 0.000000 0.000000 -0.100000
vn 0.000000 0.000000 -0.100000
vn 0.000000 0.000000 -0.100000
vn 0.000000 0.000000 -0.100000
vn 0.000000 0.000000 -0.100000
vn 0.000000 0.000000 -0.100000
vn 0.000000 0.000000 -0.100000
vn 0.000000 0.000000 -0.100000
vn 0.000000 0.000000 -0.100000
vn 0.000000 0.000000 -0.100000
vn 0.000000 0.000000 -0.100000
vn 0.000000 0.000000 -0.100000
vn 0.000000 0.000000 -0.100000
vn 0.000000 0.000000 -0.100000
vn 0.000000 0.000000 -0.100000
vn 0.000000 0.000000 -0.100000
vn 0.000000 0.000000 -0.100000
vn 0.000000 0.000000 -0.100000
vn 0.000000 0.000000 -0.100000
vn 0.000000 0.000000 -0.100000
vn 0.000000 0.000000 -0.100000
vn 0.000000 0.000000 -0.100000
vn 0.000000 0.000000 -0.100000
vn 0.000000 0.000000 -0.100000
vn 0.000000 0.000000 -0.100000
vn 0.000000 0.000000 -0.100000
vn 0.000000 0.000000 -0.100000
vn 0.000000 0.000000 -0.100000
vn 0.000000 0.000000 -0.100000
vn 0.000000 0.000000 -0.100000
vn 0.000000 0.000000 -0.100000
vn 0.000000 0.000000 -0.100000
vn 0.000000 0.000000 -0.100000
vn 0.000000 0.000000 -0.100000
vn 0.000000 0.000000 -0.100000
vn 0.000000 0.000000 -0.100000
vn 0.000000 0.000000 -0.100000
vn 0.000000 0.000000 -0.100000
vn 0.000000 0.000000 -0.100000
vn 0.000000 0.000000 -0.100000
vn 0.000000 0.000000 -0.100000
vn 0.000000 0.000000 -0.100000
vn 0.000000 0.000000 -0.100000
vn 0.000000 0.000000 -0.100000
vn 0.000000 0.000000 -0.100000
vn 0.000000 0.000000 -0.100000
vn 0.000000 0.000000 -0.100000
vn 0.000000 0.000000 -0.100000
vn 0.000000 0.000000 -0.100000
vn 0.000000 0.000000 -0.100000
vn 0.000000 0.000000 -0.100000
vn 0.000000 0.000000 -0.100000
vn 0.000000 0.000000 -0.100000
vn 0.000000 0.000000 -0.100000
vn 0.000000 0.000000 -0.100000
vn 0.000000 0.000000 -0.100000
vn 0.000000 0.000000 -0.100000
vn 0.000000 0.000000 -0.100000
vn 0.000000 0.000000 -0.100000
vn 0.000000 0.000000 -0.100000
vn 0.000000 0.000000 -0.100000
vn 0.000000 0.000000 -0.100000
vn 0.000000 0.000000 -0.100000
vn 0.000000 0.000000 -0.100000
vn 0.000000 0.000000 -0.100000
vn 0.000000 0.000000 -0.100000
vn 0.000000 0.000000 -0.100000
vn 0.000000 0.000000 -0.100000
vn 0.000000 0.000000 -0.100000
vn 0.000000 0.000000 -0.100000
vn 0.000000 0.000000 -0.100000
vn 0.000000 0.000000 -0.100000
vn 0.000000 0.000000 -0.100000
vn 0.000000 0.000000 -0.100000
vn 0.000000 0.000000 -0.100000
vn 0.000000 0.000000 -0.100000
vn 0.000000 0.000000 -0.100000
vn 0.000000 0.000000 -0.100000
vn 0.000000 0.000000 -0.100000
vn 0.000000 0.000000 -0.100000
vn 0.000000 0.000000 -0.100000
vn 0.000000 0.000000 -0.100000
vn 0.000000 0.000000 -0.100000
vn 0.000000 0.000000 -0.100000
vn 0.000000 0.000000 -0.100000
vn 0.000000 0.000000 -0.100000
vn 0.000000 0.000000 -0.100000
vn 0.000000 0.000000 -0.100000
vn 0.000000 0.000000 -0.100000
vn 0.000000 0.000000 -0.100000
vn 0.000000 0.000000 -0.100000
vn 0.000000 0.000000 -0.100000
vn 0.000000 0.000000 -0.100000
vn 0.000000 0.000000 -0.100000
vn 0.000000 0.000000 -0.100000
vn 0.000000 0.000000 -0.100000
vn 0.000000 0.000000 -0.100000
vn 0.000000 0.000000 -0.100000
vn 0.000000 0.000000 -0.100000
vn 0.000000 0.000000 -0.100000
vn 0.000000 0.000000 -0.100000
vn 0.000000 0.000000 -0.100000
vn 0.000000 0.000000 -0.100000
vn 0.000000 0.000000 -0.100000
vn 0.000000 0.000000 -0.100000
vn 0.000000 0.000000 -0.100000
vn 0.000000 0.000000 -0.100000
vn 0.000000 0.000000 -0.100000
vn 0.000000 0.000000 -0.100000
vn 0.000000 0.000000 -0.100000
vn 0.000000 0.000000 -0.100000
vn 0.000000 0.000000 -0.100000
vn 0.000000 0.000000 -0.100000
vn 0.000000 0.000000 -0.100000
vn 0.000000 0.000000 -0.100000
vn 0.000000 0.000000 -0.100000
vn 0.000000 0.000000 -0.100000
vn 0.000000 0.000000 -0.100000
vn 0.000000 0.000000 -0.100000
vn 0.000000 0.000000 -0.100000
vn 0.000000 0.000000 -0.100000
vn 0.000000 0.000000 -0.100000
vn 0.000000 0.000000 -0.100000
vn 0.000000 0.000000 -0.100000
vn 0.000000 0.000000 -0.100000
vn 0.000000 0.000000 -0.100000
vn 0.000000 0.000000 -0.100000
vn 0.000000 0.000000 -0.100000
vn 0.000000 0.000000 -0.100000
vn 0.000000 0.000000 -0.100000
vn 0.000000 0.000000 -0.100000
vn 0.000000 0.000000 -0.100000
vn 0.000000 0.000000 -0.100000
vn 0.000000 0.000000 -0.100000
vn 0.000000 0.000000 -0.100000
vn 0.000000 0.000000 -0.100000
vn 0.000000 0.000000 -0.100000
vn 0.000000 0.000000 -0.100000
vn 0.000000 0.000000 -0.100000
vn 0.000000 0.000000 -0.100000
vn 0.000000 0.000000 -0.100000
vn 0.000000 0.000000 -0.100000
vn 0.000000 0.000000 -0.100000
vn 0.000000 0.000000 -0.100000
vn 0.000000 0.000000 -0.100000
vn 0.000000 0.000000 -0.100000
vn 0.000000 0.000000 -0.100000
vn 0.000000 0.000000 -0.100000
vn 0.000000 0.000000 -0.100000
vn 0.000000 0.000000 -0.100000
vn 0.000000 0.000000 -0.100000
vn 0.000000 0.000000 -0.100000
vn 0.000000 0.000000 -0.100000
vn 0.000000 0.000000 -0.100000
vn 0.000000 0.000000 -0.100000
vn 0.000000 0.000000 -0.100000
vn 0.000000 0.000000 -0.100000
vn 0.000000 0.000000 -0.100000
vn 0.000000 0.000000 -0.100000
vn 0.000000 0.000000 -0.100000
vn 0.000000 0.000000 -0.100000
vn 0.000000 0.000000 -0.100000
vn 0.000000 0.000000 -0.100000
vn 0.000000 0.000000 -0.100000
vn 0.000000 0.000000 -0.100000
vn 0.000000 0.000000 -0.100000
vn 0.000000 0.000000 -0.100000
vn 0.000000 0.000000 -0.100000
vn 0.000000 0.000000 -0.100000
vn 0.000000 0.000000 -0.100000
vn 0.000000 0.000000 -0.100000
vn 0.000000 0.000000 -0.100000
vn 0.000000 0.000000 -0.100000
vn 0.000000 0.000000 -0.100000
vn 0.000000 0.000000 -0.100000
vn 0.000000 0.000000 -0.100000
vn 0.000000 0.000000 -0.100000
vn 0.000000 0.000000 -0.100000
vn 0.000000 0.000000 -0.100000
vn 0.000000 0.000000 -0.100000
vn 0.000000 0.000000 -0.100000
vn 0.000000 0.000000 -0.100000
vn 0.000000 0.000000 -0.100000
vn 0.000000 0.000000 -0.100000
vn 0.000000 0.000000 -0.100000
vn 0.000000 0.000000 -0.100000
vn 0.000000 0.000000 -0.100000
vn 0.000000 0.000000 -0.100000
vn 0.000000 0.000000 -0.100000
vn 0.000000 0.000000 -0.100000
vn 0.000000 0.000000 -0.100000
vn 0.000000 0.000000 -0.100000
vn 0.000000 0.000000 -0.100000
vn 0.000000 0.000000 -0.100000
vn 0.000000 0.000000 -0.100000
vn 0.000000 0.000000 -0.100000
vn 0.000000 0.000000 -0.100000
vn 0.000000 0.000000 -0.100000
vn 0.000000 0.000000 -0.100000
vn 0.000000 0.000000 -0.100000
vn 0.000000 0.000000 -0.100000
vn 0.000000 0.000000 -0.100000
vn 0.000000 0.000000 -0.100000
vn 0.000000 0.000000 -0.100000
vn 0.000000 0.000000 -0.100000
vn 0.000000 0.000000 -0.100000
vn 0.000000 0.000000 -0.100000
vn 0.000000 0.000000 -0.100000
vn 0.000000 0.000000 -0.100000
vn 0.000000 0.000000 -0.100000
vn 0.000000 0.000000 -0.100000
vn 0.000000 0.000000 -0.100000
vn 0.000000 0.000000 -0.100000
vn 0.000000 0.000000 -0.100000
vn 0.000000 0.000000 -0.100000
vn 0.000000 0.000000 -0.100000
vn 0.000000 0.000000 -0.100000
vn 0.000000 0.000000 -0.100000
vn 0.000000 0.000000 -0.100000
vn 0.000000 0.000000 -0.100000
vn 0.000000 0.000000 -0.100000
vn 0.000000 0.000000 -0.100000
vn 0.000000 0.000000 -0.100000
vn 0.000000 0.000000 -0.100000
vn 0.000000 0.000000 -0.100000
vn 0.000000 0.000000 -0.100000
vn 0.000000 0.000000 -0.100000
vn 0.000000 0.000000 -0.100000
vn 0.000000 0.000000 -0.100000
vn 0.000000 0.000000 -0.100000
vn 0.000000 0.000000 -0.100000
vn 0.000000 0.000000 -0.100000
vn 0.000000 0.000000 -0.100000
vn 0.000000 0.000000 -0.100000
vn 0.000000 0.000000 -0.100000
vn 0.000000 0.000000 -0.100000
vn 0.000000 0.000000 -0.100000
vn 0.000000 0.000000 -0.100000
vn 0.000000 0.000000 -0.100000
vn 0.000000 0.000000 -0.100000
vn 0.000000 0.000000 -0.100000
vn 0.000000 0.000000 -0.100000
vn 0.000000 0.000000 -0.100000
vn 0.000000 0.000000 -0.100000
vn 0.000000 0.000000 -0.100000
vn 0.000000 0.000000 -0.100000
vn 0.000000 0.000000 -0.100000
vn 0.000000 0.000000 -0.100000
vn 0.000000 0.000000 -0.100000
vn 0.000000 0.000000 -0.100000
vn 0.000000 0.000000 -0.100000
vn 0.000000 0.000000 -0.100000
vn 0.000000 0.000000 -0.100000
vn 0.000000 0.000000 -0.100000
vn 0.000000 0.000000 -0.100000
vn 0.000000 0.000000 -0.100000
vn 0.000000 0.000000 -0.100000
vn 0.000000 0.000000 -0.100000
vn 0.000000 0.000000 -0.100000
vn 0.000000 0.000000 -0.100000
vn 0.000000 0.000000 -0.100000
vn 0.000000 0.000000 -0.100000
vn 0.000000 0.000000 -0.100000
vn 0.000000 0.000000 -0.100000
vn 0.000000 0.000000 -0.100000
vn 0.000000 0.000000 -0.100000
vn 0.000000 0.000000 -0.100000
vn 0.000000 0.000000 -0.100000
vn 0.000000 0.000000 -0.100000
vn 0.000000 0.000000 -0.100000
vn 0.000000 0.000000 -0.100000
vn 0.000000 0.000000 -0.100000
vn 0.000000 0.000000 -0.100000
vn 0.000000 0.000000 -0.100000
vn 0.000000 0.000000 -0.100000
vn 0.000000 0.000000 -0.100000
vn 0.000000 0.000000 -0.100000
vn 0.000000 0.000000 -0.100000
vn 0.000000 0.000000 -0.100000
vn 0.000000 0.000000 -0.100000
vn 0.000000 0.000000 -0.100000
vn 0.000000 0.000000 -0.100000
vn 0.000000 0.000000 -0.100000
vn 0.000000 0.000000 -0.100000
vn 0.000000 0.000000 -0.100000
vn 0.000000 0.000000 -0.100000
vn 0.000000 0.000000 -0.100000
vn 0.000000 0.000000 -0.100000
vn 0.000000 0.000000 -0.100000
vn 0.000000 0.000000 -0.100000
vn 0.000000 0.000000 -0.100000
vn 0.000000 0.000000 -0.100000
vn 0.000000 0.000000 -0.100000
vn 0.000000 0.000000 -0.100000
vn 0.000000 0.000000 -0.100000
vn 0.000000 0.000000 -0.100000
vn 0.000000 0.000000 -0.100000
vn 0.000000 0.000000 -0.100000
vn 0.000000 0.000000 -0.100000
vn 0.000000 0.000000 -0.100000
vn 0.000000 0.000000 -0.100000
vn 0.000000 0.000000 -0.100000
vn 0.000000 0.000000 -0.100000
vn 0.000000 0.000000 -0.100000
vn 0.000000 0.000000 -0.100000
vn 0.000000 0.000000 -0.100000
vn 0.000000 0.000000 -0.100000
vn 0.000000 0.000000 -0.100000
vn 0.000000 0.000000 -0.100000
vn 0.000000 0.000000 -0.100000
vn 0.000000 0.000000 -0.100000
vn 0.000000 0.000000 -0.100000
vn 0.000000 0.000000 -0.100000
vn 0.000000 0.000000 -0.100000
vn 0.000000 0.000000 -0.100000
vn 0.000000 0.000000 -0.100000
vn 0.000000 0.000000 -0.100000
vn 0.000000 0.000000 -0.100000
vn 0.000000 0.000000 -0.100000
vn 0.000000 0.000000 -0.100000
vn 0.000000 0.000000 -0.100000
vn 0.000000 0.000000 -0.100000
vn 0.000000 0.000000 -0.100000
vn 0.000000 0.000000 -0.100000
vn 0.000000 0.000000 -0.100000
vn 0.000000 0.000000 -0.100000
vn 0.000000 0.000000 -0.100000
vn 0.000000 0.000000 -0.100000
vn 0.000000 0.000000 -0.100000
vn 0.000000 0.000000 -0.100000
vn 0.000000 0.000000 -0.100000
vn 0.000000 0.000000 -0.100000
vn 0.000000 0.000000 -0.100000
vn 0.000000 0.000000 -0.100000
vn 0.000000 0.000000 -0.100000
vn 0.000000 0.000000 -0.100000
vn 0.000000 0.000000 -0.100000
vn 0.000000 0.000000 -0.100000
vn 0.000000 0.000000 -0.100000
vn 0.000000 0.000000 -0.100000
vn 0.000000 0.000000 -0.100000
vn 0.000000 0.000000 -0.100000
vn 0.000000 0.000000 -0.100000
vn 0.000000 0.000000 -0.100000
vn 0.000000 0.000000 -0.100000
vn 0.000000 0.000000 -0.100000
vn 0.000000 0.000000 -0.100000
vn 0.000000 0.000000 -0.100000
vn 0.000000 0.000000 -0.100000
vn 0.000000 0.000000 -0.100000
vn 0.000000 0.000000 -0.100000
vn 0.000000 0.000000 -0.100000
vn 0.000000 0.000000 -0.100000
vn 0.000000 0.000000 -0.100000
vn 0.000000 0.000000 -0.100000
vn 0.000000 0.000000 -0.100000
vn 0.000000 0.000000 -0.100000
vn 0.000000 0.000000 -0.100000
vn 0.000000 0.000000 -0.100000
vn 0.000000 0.000000 -0.100000
vn 0.000000 0.000000 -0.100000
vn 0.000000 0.000000 -0.100000
vn 0.000000 0.000000 -0.100000
vn 0.000000 0.000000 -0.100000
vn 0.000000 0.000000 -0.100000
vn 0.000000 0.000000 -0.100000
vn 0.000000 0.000000 -0.100000
vn 0.000000 0.000000 -0.100000
vn 0.000000 0.000000 -0.100000
vn 0.000000 0.000000 -0.100000
vn 0.000000 0.000000 -0.100000
vn 0.000000 0.000000 -0.100000
vn 0.000000 0.000000 -0.100000
vn 0.000000 0.000000 -0.100000
vn 0.000000 0.000000 -0.100000
vn 0.000000 0.000000 -0.100000
vn 0.000000 0.000000 -0.100000
vn 0.000000 0.000000 -0.100000
vn 0.000000 0.000000 -0.100000
vn 0.000000 0.000000 -0.100000
vn 0.000000 0.000000 -0.100000
vn 0.000000 0.000000 -0.100000
vn 0.000000 0.000000 -0.100000
vn 0.000000 0.000000 0.100000
vn 0.000000 0.000000 0.100000
vn 0.000000 0.000000 0.100000
vn 0.000000 0.000000 0.100000
vn 0.000000 0.000000 0.100000
vn 0.000000 0.000000 0.100000
vn 0.000000 0.000000 0.100000
vn 0.000000 0.000000 0.100000
vn 0.000000 0.000000 0.100000
vn 0.000000 0.000000 0.100000
vn 0.000000 0.000000 0.100000
vn 0.000000 0.000000 0.100000
vn 0.000000 0.000000 0.100000
vn 0.000000 0.000000 0.100000
vn 0.000000 0.000000 0.100000
vn 0.000000 0.000000 0.100000
vn 0.000000 0.000000 0.100000
vn 0.000000 0.000000 0.100000
vn 0.000000 0.000000 0.100000
vn 0.000000 0.000000 0.100000
vn 0.000000 0.000000 0.100000
vn 0.000000 0.000000 0.100000
vn 0.000000 0.000000 0.100000
vn 0.000000 0.000000 0.100000
vn 0.000000 0.000000 0.100000
vn 0.000000 0.000000 0.100000
vn 0.000000 0.000000 0.100000
vn 0.000000 0.000000 0.100000
vn 0.000000 0.000000 0.100000
vn 0.000000 0.000000 0.100000
vn 0.000000 0.000000 0.100000
vn 0.000000 0.000000 0.100000
vn 0.000000 0.000000 0.100000
vn 0.000000 0.000000 0.100000
vn 0.000000 0.000000 0.100000
vn 0.000000 0.000000 0.100000
vn 0.000000 0.000000 0.100000
vn 0.000000 0.000000 0.100000
vn 0.000000 0.000000 0.100000
vn 0.000000 0.000000 0.100000
vn 0.000000 0.000000 0.100000
vn 0.000000 0.000000 0.100000
vn 0.000000 0.000000 0.100000
vn 0.000000 0.000000 0.100000
vn 0.000000 0.000000 0.100000
vn 0.000000 0.000000 0.100000
vn 0.000000 0.000000 0.100000
vn 0.000000 0.000000 0.100000
vn 0.000000 0.000000 0.100000
vn 0.000000 0.000000 0.100000
vn 0.000000 0.000000 0.100000
vn 0.000000 0.000000 0.100000
vn 0.000000 0.000000 0.100000
vn 0.000000 0.000000 0.100000
vn 0.000000 0.000000 0.100000
vn 0.000000 0.000000 0.100000
vn 0.000000 0.000000 0.100000
vn 0.000000 0.000000 0.100000
vn 0.000000 0.000000 0.100000
vn 0.000000 0.000000 0.100000
vn 0.000000 0.000000 0.100000
vn 0.000000 0.000000 0.100000
vn 0.000000 0.000000 0.100000
vn 0.000000 0.000000 0.100000
vn 0.000000 0.000000 0.100000
vn 0.000000 0.000000 0.100000
vn 0.000000 0.000000 0.100000
vn 0.000000 0.000000 0.100000
vn 0.000000 0.000000 0.100000
vn 0.000000 0.000000 0.100000
vn 0.000000 0.000000 0.100000
vn 0.000000 0.000000 0.100000
vn 0.000000 0.000000 0.100000
vn 0.000000 0.000000 0.100000
vn 0.000000 0.000000 0.100000
vn 0.000000 0.000000 0.100000
vn 0.000000 0.000000 0.100000
vn 0.000000 0.000000 0.100000
vn 0.000000 0.000000 0.100000
vn 0.000000 0.000000 0.100000
vn 0.000000 0.000000 0.100000
vn 0.000000 0.000000 0.100000
vn 0.000000 0.000000 0.100000
vn 0.000000 0.000000 0.100000
vn 0.000000 0.000000 0.100000
vn 0.000000 0.000000 0.100000
vn 0.000000 0.000000 0.100000
vn 0.000000 0.000000 0.100000
vn 0.000000 0.000000 0.100000
vn 0.000000 0.000000 0.100000
vn 0.000000 0.000000 0.100000
vn 0.000000 0.000000 0.100000
vn 0.000000 0.000000 0.100000
vn 0.000000 0.000000 0.100000
vn 0.000000 0.000000 0.100000
vn 0.000000 0.000000 0.100000
vn 0.000000 0.000000 0.100000
vn 0.000000 0.000000 0.100000
vn 0.000000 0.000000 0.100000
vn 0.000000 0.000000 0.100000
vn 0.000000 0.000000 0.100000
vn 0.000000 0.000000 0.100000
vn 0.000000 0.000000 0.100000
vn 0.000000 0.000000 0.100000
vn 0.000000 0.000000 0.100000
vn 0.000000 0.000000 0.100000
vn 0.000000 0.000000 0.100000
vn 0.000000 0.000000 0.100000
vn 0.000000 0.000000 0.100000
vn 0.000000 0.000000 0.100000
vn 0.000000 0.000000 0.100000
vn 0.000000 0.000000 0.100000
vn 0.000000 0.000000 0.100000
vn 0.000000 0.000000 0.100000
vn 0.000000 0.000000 0.100000
vn 0.000000 0.000000 0.100000
vn 0.000000 0.000000 0.100000
vn 0.000000 0.000000 0.100000
vn 0.000000 0.000000 0.100000
vn 0.000000 0.000000 0.100000
vn 0.000000 0.000000 0.100000
vn 0.000000 0.000000 0.100000
vn 0.000000 0.000000 0.100000
vn 0.000000 0.000000 0.100000
vn 0.000000 0.000000 0.100000
vn 0.000000 0.000000 0.100000
vn 0.000000 0.000000 0.100000
vn 0.000000 0.000000 0.100000
vn 0.000000 0.000000 0.100000
vn 0.000000 0.000000 0.100000
vn 0.000000 0.000000 0.100000
vn 0.000000 0.000000 0.100000
vn 0.000000 0.000000 0.100000
vn 0.000000 0.000000 0.100000
vn 0.000000 0.000000 0.100000
vn 0.000000 0.000000 0.100000
vn 0.000000 0.000000 0.100000
vn 0.000000 0.000000 0.100000
vn 0.000000 0.000000 0.100000
vn 0.000000 0.000000 0.100000
vn 0.000000 0.000000 0.100000
vn 0.000000 0.000000 0.100000
vn 0.000000 0.000000 0.100000
vn 0.000000 0.000000 0.100000
vn 0.000000 0.000000 0.100000
vn 0.000000 0.000000 0.100000
vn 0.000000 0.000000 0.100000
vn 0.000000 0.000000 0.100000
vn 0.000000 0.000000 0.100000
vn 0.000000 0.000000 0.100000
vn 0.000000 0.000000 0.100000
vn 0.000000 0.000000 0.100000
vn 0.000000 0.000000 0.100000
vn 0.000000 0.000000 0.100000
vn 0.000000 0.000000 0.100000
vn 0.000000 0.000000 0.100000
vn 0.000000 0.000000 0.100000
vn 0.000000 0.000000 0.100000
vn 0.000000 0.000000 0.100000
vn 0.000000 0.000000 0.100000
vn 0.000000 0.000000 0.100000
vn 0.000000 0.000000 0.100000
vn 0.000000 0.000000 0.100000
vn 0.000000 0.000000 0.100000
vn 0.000000 0.000000 0.100000
vn 0.000000 0.000000 0.100000
vn 0.000000 0.000000 0.100000
vn 0.000000 0.000000 0.100000
vn 0.000000 0.000000 0.100000
vn 0.000000 0.000000 0.100000
vn 0.000000 0.000000 0.100000
vn 0.000000 0.000000 0.100000
vn 0.000000 0.000000 0.100000
vn 0.000000 0.000000 0.100000
vn 0.000000 0.000000 0.100000
vn 0.000000 0.000000 0.100000
vn 0.000000 0.000000 0.100000
vn 0.000000 0.000000 0.100000
vn 0.000000 0.000000 0.100000
vn 0.000000 0.000000 0.100000
vn 0.000000 0.000000 0.100000
vn 0.000000 0.000000 0.100000
vn 0.000000 0.000000 0.100000
vn 0.000000 0.000000 0.100000
vn 0.000000 0.000000 0.100000
vn 0.000000 0.000000 0.100000
vn 0.000000 0.000000 0.100000
vn 0.000000 0.000000 0.100000
vn 0.000000 0.000000 0.100000
vn 0.000000 0.000000 0.100000
vn 0.000000 0.000000 0.100000
vn 0.000000 0.000000 0.100000
vn 0.000000 0.000000 0.100000
vn 0.000000 0.000000 0.100000
vn 0.000000 0.000000 0.100000
vn 0.000000 0.000000 0.100000
vn 0.000000 0.000000 0.100000
vn 0.000000 0.000000 0.100000
vn 0.000000 0.000000 0.100000
vn 0.000000 0.000000 0.100000
vn 0.000000 0.000000 0.100000
vn 0.000000 0.000000 0.100000
vn 0.000000 0.000000 0.100000
vn 0.000000 0.000000 0.100000
vn 0.000000 0.000000 0.100000
vn 0.000000 0.000000 0.100000
vn 0.000000 0.000000 0.100000
vn 0.000000 0.000000 0.100000
vn 0.000000 0.000000 0.100000
vn 0.000000 0.000000 0.100000
vn 0.000000 0.000000 0.100000
vn 0.000000 0.000000 0.100000
vn 0.000000 0.000000 0.100000
vn 0.000000 0.000000 0.100000
vn 0.000000 0.000000 0.100000
vn 0.000000 0.000000 0.100000
vn 0.000000 0.000000 0.100000
vn 0.000000 0.000000 0.100000
vn 0.000000 0.000000 0.100000
vn 0.000000 0.000000 0.100000
vn 0.000000 0.000000 0.100000
vn 0.000000 0.000000 0.100000
vn 0.000000 0.000000 0.100000
vn 0.000000 0.000000 0.100000
vn 0.000000 0.000000 0.100000
vn 0.000000 0.000000 0.100000
vn 0.000000 0.000000 0.100000
vn 0.000000 0.000000 0.100000
vn 0.000000 0.000000 0.100000
vn 0.000000 0.000000 0.100000
vn 0.000000 0.000000 0.100000
vn 0.000000 0.000000 0.100000
vn 0.000000 0.000000 0.100000
vn 0.000000 0.000000 0.100000
vn 0.000000 0.000000 0.100000
vn 0.000000 0.000000 0.100000
vn 0.000000 0.000000 0.100000
vn 0.000000 0.000000 0.100000
vn 0.000000 0.000000 0.100000
vn 0.000000 0.000000 0.100000
vn 0.000000 0.000000 0.100000
vn 0.000000 0.000000 0.100000
vn 0.000000 0.000000 0.100000
vn 0.000000 0.000000 0.100000
vn 0.000000 0.000000 0.100000
vn 0.000000 0.000000 0.100000
vn 0.000000 0.000000 0.100000
vn 0.000000 0.000000 0.100000
vn 0.000000 0.000000 0.100000
vn 0.000000 0.000000 0.100000
vn 0.000000 0.000000 0.100000
vn 0.000000 0.000000 0.100000
vn 0.000000 0.000000 0.100000
vn 0.000000 0.000000 0.100000
vn 0.000000 0.000000 0.100000
vn 0.000000 0.000000 0.100000
vn 0.000000 0.000000 0.100000
vn 0.000000 0.000000 0.100000
vn 0.000000 0.000000 0.100000
vn 0.000000 0.000000 0.100000
vn 0.000000 0.000000 0.100000
vn 0.000000 0.000000 0.100000
vn 0.000000 0.000000 0.100000
vn 0.000000 0.000000 0.100000
vn 0.000000 0.000000 0.100000
vn 0.000000 0.000000 0.100000
vn 0.000000 0.000000 0.100000
vn 0.000000 0.000000 0.100000
vn 0.000000 0.000000 0.100000
vn 0.000000 0.000000 0.100000
vn 0.000000 0.000000 0.100000
vn 0.000000 0.000000 0.100000
vn 0.000000 0.000000 0.100000
vn 0.000000 0.000000 0.100000
vn 0.000000 0.000000 0.100000
vn 0.000000 0.000000 0.100000
vn 0.000000 0.000000 0.100000
vn 0.000000 0.000000 0.100000
vn 0.000000 0.000000 0.100000
vn 0.000000 0.000000 0.100000
vn 0.000000 0.000000 0.100000
vn 0.000000 0.000000 0.100000
vn 0.000000 0.000000 0.100000
vn 0.000000 0.000000 0.100000
vn 0.000000 0.000000 0.100000
vn 0.000000 0.000000 0.100000
vn 0.000000 0.000000 0.100000
vn 0.000000 0.000000 0.100000
vn 0.000000 0.000000 0.100000
vn 0.000000 0.000000 0.100000
vn 0.000000 0.000000 0.100000
vn 0.000000 0.000000 0.100000
vn 0.000000 0.000000 0.100000
vn 0.000000 0.000000 0.100000
vn 0.000000 0.000000 0.100000
vn 0.000000 0.000000 0.100000
vn 0.000000 0.000000 0.100000
vn 0.000000 0.000000 0.100000
vn 0.000000 0.000000 0.100000
vn 0.000000 0.000000 0.100000
vn 0.000000 0.000000 0.100000
vn 0.000000 0.000000 0.100000
vn 0.000000 0.000000 0.100000
vn 0.000000 0.000000 0.100000
vn 0.000000 0.000000 0.100000
vn 0.000000 0.000000 0.100000
vn 0.000000 0.000000 0.100000
vn 0.000000 0.000000 0.100000
vn 0.000000 0.000000 0.100000
vn 0.000000 0.000000 0.100000
vn 0.000000 0.000000 0.100000
vn 0.000000 0.000000 0.100000
vn 0.000000 0.000000 0.100000
vn 0.000000 0.000000 0.100000
vn 0.000000 0.000000 0.100000
vn 0.000000 0.000000 0.100000
vn 0.000000 0.000000 0.100000
vn 0.000000 0.000000 0.100000
vn 0.000000 0.000000 0.100000
vn 0.000000 0.000000 0.100000
vn 0.000000 0.000000 0.100000
vn 0.000000 0.000000 0.100000
vn 0.000000 0.000000 0.100000
vn 0.000000 0.000000 0.100000
vn 0.000000 0.000000 0.100000
vn 0.000000 0.000000 0.100000
vn 0.000000 0.000000 0.100000
vn 0.000000 0.000000 0.100000
vn 0.000000 0.000000 0.100000
vn 0.000000 0.000000 0.100000
vn 0.000000 0.000000 0.100000
vn 0.000000 0.000000 0.100000
vn 0.000000 0.000000 0.100000
vn 0.000000 0.000000 0.100000
vn 0.000000 0.000000 0.100000
vn 0.000000 0.000000 0.100000
vn 0.000000 0.000000 0.100000
vn 0.000000 0.000000 0.100000
vn 0.000000 0.000000 0.100000
vn 0.000000 0.000000 0.100000
vn 0.000000 0.000000 0.100000
vn 0.000000 0.000000 0.100000
vn 0.000000 0.000000 0.100000
vn 0.000000 0.000000 0.100000
vn 0.000000 0.000000 0.100000
vn 0.000000 0.000000 0.100000
vn 0.000000 0.000000 0.100000
vn 0.000000 0.000000 0.100000
vn 0.000000 0.000000 0.100000
vn 0.000000 0.000000 0.100000
vn 0.000000 0.000000 0.100000
vn 0.000000 0.000000 0.100000
vn 0.000000 0.000000 0.100000
vn 0.000000 0.000000 0.100000
vn 0.000000 0.000000 0.100000
vn 0.000000 0.000000 0.100000
vn 0.000000 0.000000 0.100000
vn 0.000000 0.000000 0.100000
vn 0.000000 0.000000 0.100000
vn 0.000000 0.000000 0.100000
vn 0.000000 0.000000 0.100000
vn 0.000000 0.000000 0.100000
vn 0.000000 0.000000 0.100000
vn 0.000000 0.000000 0.100000
vn 0.000000 0.000000 0.100000
vn 0.000000 0.000000 0.100000
vn 0.000000 0.000000 0.100000
vn 0.000000 0.000000 0.100000
vn 0.000000 0.000000 0.100000
vn 0.000000 0.000000 0.100000
vn 0.000000 0.000000 0.100000
vn 0.000000 0.000000 0.100000
vn 0.000000 0.000000 0.100000
vn 0.000000 0.000000 0.100000
vn 0.000000 0.000000 0.100000
vn 0.000000 0.000000 0.100000
vn 0.000000 0.000000 0.100000
vn 0.000000 0.000000 0.100000
vn 0.000000 0.000000 0.100000
vn 0.000000 0.000000 0.100000
vn 0.000000 0.000000 0.100000
vn 0.000000 0.000000 0.100000
vn 0.000000 0.000000 0.100000
vn 0.000000 0.000000 0.100000
vn 0.000000 0.000000 0.100000
vn 0.000000 0.000000 0.100000
vn 0.000000 0.000000 0.100000
vn 0.000000 0.000000 0.100000
vn 0.000000 0.000000 0.100000
vn 0.000000 0.000000 0.100000
vn 0.000000 0.000000 0.100000
vn 0.000000 0.000000 0.100000
vn 0.000000 0.000000 0.100000
vn 0.000000 0.000000 0.100000
vn 0.000000 0.000000 0.100000
vn 0.000000 0.000000 0.100000
vn 0.000000 0.000000 0.100000
vn 0.000000 0.000000 0.100000
vn 0.000000 0.000000 0.100000
vn 0.000000 0.000000 0.100000
vn 0.000000 0.000000 0.100000
vn 0.000000 0.000000 0.100000
vn 0.000000 0.000000 0.100000
vn 0.000000 0.000000 0.100000
vn 0.000000 0.000000 0.100000
vn 0.000000 0.000000 0.100000
vn 0.000000 0.000000 0.100000
vn 0.000000 0.000000 0.100000
vn 0.000000 0.000000 0.100000
vn 0.000000 0.000000 0.100000
vn 0.000000 0.000000 0.100000
vn 0.000000 0.000000 0.100000
vn 0.000000 0.000000 0.100000
vn 0.000000 0.000000 0.100000
vn 0.000000 0.000000 0.100000
vn 0.000000 0.000000 0.100000
vn 0.000000 0.000000 0.100000
vn 0.000000 0.000000 0.100000
vn 0.000000 0.000000 0.100000
vn 0.000000 0.000000 0.100000
vn 0.000000 0.000000 0.100000
vn 0.000000 0.000000 0.100000
vn 0.000000 0.000000 0.100000
vn 0.000000 0.000000 0.100000
vn 0.000000 0.000000 0.100000
vn 0.000000 0.000000 0.100000
vn 0.000000 0.000000 0.100000
vn 0.000000 0.000000 0.100000
vn 0.000000 0.000000 0.100000
vn 0.000000 0.000000 0.100000
vn 0.000000 0.000000 0.100000
vn 0.000000 0.000000 0.100000
vn 0.000000 0.000000 0.100000
vn 0.000000 0.000000 0.100000
vn 0.000000 0.000000 0.100000
vn 0.000000 0.000000 0.100000
vn 0.000000 0.000000 0.100000
vn 0.000000 0.000000 0.100000
vn 0.000000 0.000000 0.100000
vn 0.000000 0.000000 0.100000
vn 0.000000 0.000000 0.100000
vn 0.000000 0.000000 0.100000
vn 0.000000 0.000000 0.100000
vn 0.000000 0.000000 0.100000
vn 0.000000 0.000000 0.100000
vn 0.000000 0.000000 0.100000
vn 0.000000 0.000000 0.100000
vn 0.000000 0.000000 0.100000
vn 0.000000 0.000000 0.100000
vn 0.000000 0.000000 0.100000
vn 0.000000 0.000000 0.100000
vn 0.000000 0.000000 0.100000
vn 0.000000 0.000000 0.100000
vn 0.000000 0.000000 0.100000
vn 0.000000 0.000000 0.100000
vn 0.000000 0.000000 0.100000
vn 0.000000 0.000000 0.100000
vn 0.000000 0.000000 0.100000
vn 0.000000 0.000000 0.100000
vn 0.000000 0.000000 0.100000
vn 0.000000 0.000000 0.100000
vn 0.000000 0.000000 0.100000
vn 0.000000 0.000000 0.100000
vn 0.000000 0.000000 0.100000
vn 0.000000 0.000000 0.100000
vn 0.000000 0.000000 0.100000
vn 0.000000 0.000000 0.100000
vn 0.000000 0.000000 0.100000
vn 0.000000 0.000000 0.100000
vn 0.000000 0.000000 0.100000
vn 0.000000 0.000000 0.100000
vn 0.000000 0.000000 0.100000
vn 0.000000 0.000000 0.100000
vn 0.000000 0.000000 0.100000
vn 0.000000 0.000000 0.100000
vn 0.000000 0.000000 0.100000
vn 0.000000 0.000000 0.100000
vn 0.000000 0.000000 0.100000
vn 0.000000 0.000000 0.100000
vn 0.000000 0.000000 0.100000
vn 0.000000 0.000000 0.100000
vn 0.000000 0.000000 0.100000
vn 0.000000 0.000000 0.100000
vn 0.000000 0.000000 0.100000
vn 0.000000 0.000000 0.100000
vn 0.000000 0.000000 0.100000
vn 0.000000 0.000000 0.100000
vn 0.000000 0.000000 0.100000
vn 0.000000 0.000000 0.100000
vn 0.000000 0.000000 0.100000
vn 0.000000 0.000000 0.100000
vn 0.000000 0.000000 0.100000
vn 0.000000 0.000000 0.100000
vn 0.000000 0.000000 0.100000
vn 0.000000 0.000000 0.100000
vn 0.000000 0.000000 0.100000
vn 0.000000 0.000000 0.100000
vn 0.000000 0.000000 0.100000
vn 0.000000 0.000000 0.100000
vn 0.000000 0.000000 0.100000
vn 0.000000 0.000000 0.100000
vn 0.000000 0.000000 0.100000
vn 0.000000 0.000000 0.100000
vn 0.000000 0.000000 0.100000
vn 0.000000 0.000000 0.100000
vn 0.000000 0.000000 0.100000
vn 0.000000 0.000000 0.100000
vn 0.000000 0.000000 0.100000
vn 0.000000 0.000000 0.100000
vn 0.000000 0.000000 0.100000
vn 0.000000 0.000000 0.100000
vn 0.000000 0.000000 0.100000
vn 0.000000 0.000000 0.100000
vn 0.000000 0.000000 0.100000
vn 0.000000 0.000000 0.100000
vn 0.000000 0.000000 0.100000
vn 0.000000 0.000000 0.100000
vn 0.000000 0.000000 0.100000
vn 0.000000 0.000000 0.100000
vn 0.000000 0.000000 0.100000
vn 0.000000 0.000000 0.100000
vn 0.000000 0.000000 0.100000
vn 0.000000 0.000000 0.100000
vn 0.000000 0.000000 0.100000
vn 0.000000 0.000000 0.100000
vn 0.000000 0.000000 0.100000
vn 0.000000 0.000000 0.100000
vn 0.000000 0.000000 0.100000
vn 0.000000 0.000000 0.100000
vn 0.000000 0.000000 0.100000
vn 0.000000 0.000000 0.100000
vn 0.000000 0.000000 0.100000
vn 0.000000 0.000000 0.100000
vn 0.000000 0.000000 0.100000
vn 0.000000 0.000000 0.100000
vn 0.000000 0.000000 0.100000
vn 0.000000 0.000000 0.100000
vn 0.000000 0.000000 0.100000
vn 0.000000 0.000000 0.100000
vn 0.000000 0.000000 0.100000
vn 0.000000 0.000000 0.100000
vn 0.000000 0.000000 0.100000
vn 0.000000 0.000000 0.100000
vn 0.000000 0.000000 0.100000
vn 0.000000 0.000000 0.100000
vn 0.000000 0.000000 0.100000
vn 0.000000 0.000000 0.100000
vn 0.000000 0.000000 0.100000
vn 0.000000 0.000000 0.100000
vn 0.000000 0.000000 0.100000
vn 0.000000 0.000000 0.100000
vn 0.000000 0.000000 0.100000
vn 0.000000 0.000000 0.100000
vn 0.000000 0.000000 0.100000
vn 0.000000 0.000000 0.100000
vn 0.000000 0.000000 0.100000
vn 0.000000 0.000000 0.100000
vn 0.000000 0.000000 0.100000
vn 0.000000 0.000000 0.100000
vn 0.000000 0.000000 0.100000
vn 0.000000 0.000000 0.100000
vn 0.000000 0.000000 0.100000
vn 0.000000 0.000000 0.100000
vn 0.000000 0.000000 0.100000
vn 0.000000 0.000000 0.100000
vn 0.000000 0.000000 0.100000
vn 0.000000 0.000000 0.100000
vn 0.000000 0.000000 0.100000
vn 0.000000 0.000000 0.100000
vn 0.000000 0.000000 0.100000
vn 0.000000 0.000000 0.100000
vn 0.000000 0.000000 0.100000
vn 0.000000 0.000000 0.100000
vn 0.000000 0.000000 0.100000
vn 0.000000 0.000000 0.100000
vn 0.000000 0.000000 0.100000
vn 0.000000 0.000000 0.100000
vn 0.000000 0.000000 0.100000
vn 0.000000 0.000000 0.100000
vn 0.000000 0.000000 0.100000
vn 0.000000 0.000000 0.100000
vn 0.000000 0.000000 0.100000
vn 0.000000 0.000000 0.100000
vn 0.000000 0.000000 0.100000
vn 0.000000 0.000000 0.100000
vn 0.000000 0.000000 0.100000
vn 0.000000 0.000000 0.100000
vn 0.000000 0.000000 0.100000
vn 0.000000 0.000000 0.100000
vn 0.000000 0.000000 0.100000
vn 0.000000 0.000000 0.100000
vn 0.000000 0.000000 0.100000
vn 0.000000 0.000000 0.100000
vn 0.000000 0.000000 0.100000
vn 0.000000 0.000000 0.100000
vn 0.000000 0.000000 0.100000
vn 0.000000 0.000000 0.100000
vn 0.000000 0.000000 0.100000
vn 0.000000 0.000000 0.100000
vn 0.000000 0.000000 0.100000
vn 0.000000 0.000000 0.100000
vn 0.000000 0.000000 0.100000
vn 0.000000 0.000000 0.100000
vn 0.000000 0.000000 0.100000
vn 0.000000 0.000000 0.100000
vn 0.000000 0.000000 0.100000
vn 0.000000 0.000000 0.100000
vn 0.000000 0.000000 0.100000
vn 0.000000 0.000000 0.100000
vn 0.000000 0.000000 0.100000
vn 0.000000 0.000000 0.100000
vn 0.000000 0.000000 0.100000
vn 0.000000 0.000000 0.100000
vn 0.000000 0.000000 0.100000
vn 0.000000 0.000000 0.100000
vn 0.000000 0.000000 0.100000
usemtl Steel_-_Satin
f 2/1/1 86/2/2 1/3/3
f 1/3/3 86/2/2 44/4/4
f 1/5/3 44/6/4 43/7/5
f 43/7/5 44/6/4 45/8/6
f 43/7/5 45/8/6 46/9/7
f 2/1/1 3/10/8 86/2/2
f 86/2/2 3/10/8 85/11/9
f 85/11/9 3/10/8 4/12/10
f 85/11/9 4/12/10 84/13/11
f 84/13/11 4/12/10 5/14/12
f 84/13/11 5/14/12 83/15/13
f 83/15/13 5/14/12 6/16/14
f 83/15/13 6/16/14 82/17/15
f 82/17/15 6/16/14 7/18/16
f 82/17/15 7/18/16 81/19/17
f 81/19/17 7/18/16 8/20/18
f 81/19/17 8/20/18 80/21/19
f 80/21/19 8/20/18 9/22/20
f 80/21/19 9/22/20 79/23/21
f 79/23/21 9/22/20 10/24/22
f 79/23/21 10/24/22 78/25/23
f 78/25/23 10/24/22 11/26/24
f 78/25/23 11/26/24 77/27/25
f 77/27/25 11/26/24 12/28/26
f 77/27/25 12/28/26 76/29/27
f 76/29/27 12/28/26 13/30/28
f 76/29/27 13/30/28 75/31/29
f 75/31/29 13/30/28 14/32/30
f 75/31/29 14/32/30 74/33/31
f 74/33/31 14/32/30 15/34/32
f 74/33/31 15/34/32 73/35/33
f 73/35/33 15/34/32 16/36/34
f 73/35/33 16/36/34 72/37/35
f 72/37/35 16/36/34 17/38/36
f 72/37/35 17/38/36 71/39/37
f 71/39/37 17/38/36 18/40/38
f 71/39/37 18/40/38 70/41/39
f 70/41/39 18/40/38 19/42/40
f 70/41/39 19/42/40 69/43/41
f 69/43/41 19/42/40 20/44/42
f 69/43/41 20/44/42 68/45/43
f 68/45/43 20/44/42 21/46/44
f 68/45/43 21/46/44 67/47/45
f 67/47/45 21/46/44 22/48/46
f 67/47/45 22/48/46 66/49/47
f 66/49/47 22/48/46 23/50/48
f 66/49/47 23/50/48 65/51/49
f 65/51/49 23/50/48 24/52/50
f 65/51/49 24/52/50 64/53/51
f 64/53/51 24/52/50 25/54/52
f 64/53/51 25/54/52 63/55/53
f 63/55/53 25/54/52 26/56/54
f 63/55/53 26/56/54 62/57/55
f 62/57/55 26/56/54 27/58/56
f 62/57/55 27/58/56 61/59/57
f 61/59/57 27/58/56 28/60/58
f 61/59/57 28/60/58 60/61/59
f 60/61/59 28/60/58 29/62/60
f 60/61/59 29/62/60 59/63/61
f 59/63/61 29/62/60 30/64/62
f 59/63/61 30/64/62 58/65/63
f 58/65/63 30/64/62 31/66/64
f 58/65/63 31/66/64 57/67/65
f 57/67/65 31/66/64 32/68/66
f 57/67/65 32/68/66 56/69/67
f 56/69/67 32/68/66 33/70/68
f 56/69/67 33/70/68 55/71/69
f 55/71/69 33/70/68 34/72/70
f 55/71/69 34/72/70 54/73/71
f 54/73/71 34/72/70 35/74/72
f 54/73/71 35/74/72 53/75/73
f 53/75/73 35/74/72 36/76/74
f 53/75/73 36/76/74 52/77/75
f 52/77/75 36/76/74 37/78/76
f 52/77/75 37/78/76 51/79/77
f 51/79/77 37/78/76 38/80/78
f 51/79/77 38/80/78 50/81/79
f 50/81/79 38/80/78 39/82/80
f 50/81/79 39/82/80 49/83/81
f 49/83/81 39/82/80 40/84/82
f 49/83/81 40/84/82 48/85/83
f 48/85/83 40/84/82 41/86/84
f 48/85/83 41/86/84 47/87/85
f 47/87/85 41/86/84 42/88/86
f 47/87/85 42/88/86 46/9/7
f 46/9/7 42/88/86 43/7/5
f 88/89/87 172/90/88 87/91/89
f 87/91/89 172/90/88 130/92/90
f 87/93/89 130/94/90 129/95/91
f 129/95/91 130/94/90 131/96/92
f 129/95/91 131/96/92 132/97/93
f 88/89/87 89/98/94 172/90/88
f 172/90/88 89/98/94 171/99/95
f 171/99/95 89/98/94 90/100/96
f 171/99/95 90/100/96 170/101/97
f 170/101/97 90/100/96 91/102/98
f 170/101/97 91/102/98 169/103/99
f 169/103/99 91/102/98 92/104/100
f 169/103/99 92/104/100 168/105/101
f 168/105/101 92/104/100 93/106/102
f 168/105/101 93/106/102 167/107/103
f 167/107/103 93/106/102 94/108/104
f 167/107/103 94/108/104 166/109/105
f 166/109/105 94/108/104 95/110/106
f 166/109/105 95/110/106 165/111/107
f 165/111/107 95/110/106 96/112/108
f 165/111/107 96/112/108 164/113/109
f 164/113/109 96/112/108 97/114/110
f 164/113/109 97/114/110 163/115/111
f 163/115/111 97/114/110 98/116/112
f 163/115/111 98/116/112 162/117/113
f 162/117/113 98/116/112 99/118/114
f 162/117/113 99/118/114 161/119/115
f 161/119/115 99/118/114 100/120/116
f 161/119/115 100/120/116 160/121/117
f 160/121/117 100/120/116 101/122/118
f 160/121/117 101/122/118 159/123/119
f 159/123/119 101/122/118 102/124/120
f 159/123/119 102/124/120 158/125/121
f 158/125/121 102/124/120 103/126/122
f 158/125/121 103/126/122 157/127/123
f 157/127/123 103/126/122 104/128/124
f 157/127/123 104/128/124 156/129/125
f 156/129/125 104/128/124 105/130/126
f 156/129/125 105/130/126 155/131/127
f 155/131/127 105/130/126 106/132/128
f 155/131/127 106/132/128 154/133/129
f 154/133/129 106/132/128 107/134/130
f 154/133/129 107/134/130 153/135/131
f 153/135/131 107/134/130 108/136/132
f 153/135/131 108/136/132 152/137/133
f 152/137/133 108/136/132 109/138/134
f 152/137/133 109/138/134 151/139/135
f 151/139/135 109/138/134 110/140/136
f 151/139/135 110/140/136 150/141/137
f 150/141/137 110/140/136 111/142/138
f 150/141/137 111/142/138 149/143/139
f 149/143/139 111/142/138 112/144/140
f 149/143/139 112/144/140 148/145/141
f 148/145/141 112/144/140 113/146/142
f 148/145/141 113/146/142 147/147/143
f 147/147/143 113/146/142 114/148/144
f 147/147/143 114/148/144 146/149/145
f 146/149/145 114/148/144 115/150/146
f 146/149/145 115/150/146 145/151/147
f 145/151/147 115/150/146 116/152/148
f 145/151/147 116/152/148 144/153/149
f 144/153/149 116/152/148 117/154/150
f 144/153/149 117/154/150 143/155/151
f 143/155/151 117/154/150 118/156/152
f 143/155/151 118/156/152 142/157/153
f 142/157/153 118/156/152 119/158/154
f 142/157/153 119/158/154 141/159/155
f 141/159/155 119/158/154 120/160/156
f 141/159/155 120/160/156 140/161/157
f 140/161/157 120/160/156 121/162/158
f 140/161/157 121/162/158 139/163/159
f 139/163/159 121/162/158 122/164/160
f 139/163/159 122/164/160 138/165/161
f 138/165/161 122/164/160 123/166/162
f 138/165/161 123/166/162 137/167/163
f 137/167/163 123/166/162 124/168/164
f 137/167/163 124/168/164 136/169/165
f 136/169/165 124/168/164 125/170/166
f 136/169/165 125/170/166 135/171/167
f 135/171/167 125/170/166 126/172/168
f 135/171/167 126/172/168 134/173/169
f 134/173/169 126/172/168 127/174/170
f 134/173/169 127/174/170 133/175/171
f 133/175/171 127/174/170 128/176/172
f 133/175/171 128/176/172 132/97/93
f 132/97/93 128/176/172 129/95/91
f 174/177/173 258/178/174 173/179/175
f 173/179/175 258/178/174 216/180/176
f 173/181/175 216/182/176 215/183/177
f 215/183/177 216/182/176 217/184/178
f 215/183/177 217/184/178 218/185/179
f 174/177/173 175/186/180 258/178/174
f 258/178/174 175/186/180 257/187/181
f 257/187/181 175/186/180 176/188/182
f 257/187/181 176/188/182 256/189/183
f 256/189/183 176/188/182 177/190/184
f 256/189/183 177/190/184 255/191/185
f 255/191/185 177/190/184 178/192/186
f 255/191/185 178/192/186 254/193/187
f 254/193/187 178/192/186 179/194/188
f 254/193/187 179/194/188 253/195/189
f 253/195/189 179/194/188 180/196/190
f 253/195/189 180/196/190 252/197/191
f 252/197/191 180/196/190 181/198/192
f 252/197/191 181/198/192 251/199/193
f 251/199/193 181/198/192 182/200/194
f 251/199/193 182/200/194 250/201/195
f 250/201/195 182/200/194 183/202/196
f 250/201/195 183/202/196 249/203/197
f 249/203/197 183/202/196 184/204/198
f 249/203/197 184/204/198 248/205/199
f 248/205/199 184/204/198 185/206/200
f 248/205/199 185/206/200 247/207/201
f 247/207/201 185/206/200 186/208/202
f 247/207/201 186/208/202 246/209/203
f 246/209/203 186/208/202 187/210/204
f 246/209/203 187/210/204 245/211/205
f 245/211/205 187/210/204 188/212/206
f 245/211/205 188/212/206 244/213/207
f 244/213/207 188/212/206 189/214/208
f 244/213/207 189/214/208 243/215/209
f 243/215/209 189/214/208 190/216/210
f 243/215/209 190/216/210 242/217/211
f 242/217/211 190/216/210 191/218/212
f 242/217/211 191/218/212 241/219/213
f 241/219/213 191/218/212 192/220/214
f 241/219/213 192/220/214 240/221/215
f 240/221/215 192/220/214 193/222/216
f 240/221/215 193/222/216 239/223/217
f 239/223/217 193/222/216 194/224/218
f 239/223/217 194/224/218 238/225/219
f 238/225/219 194/224/218 195/226/220
f 238/225/219 195/226/220 237/227/221
f 237/227/221 195/226/220 196/228/222
f 237/227/221 196/228/222 236/229/223
f 236/229/223 196/228/222 197/230/224
f 236/229/223 197/230/224 235/231/225
f 235/231/225 197/230/224 198/232/226
f 235/231/225 198/232/226 234/233/227
f 234/233/227 198/232/226 199/234/228
f 234/233/227 199/234/228 233/235/229
f 233/235/229 199/234/228 200/236/230
f 233/235/229 200/236/230 232/237/231
f 232/237/231 200/236/230 201/238/232
f 232/237/231 201/238/232 231/239/233
f 231/239/233 201/238/232 202/240/234
f 231/239/233 202/240/234 230/241/235
f 230/241/235 202/240/234 203/242/236
f 230/241/235 203/242/236 229/243/237
f 229/243/237 203/242/236 204/244/238
f 229/243/237 204/244/238 228/245/239
f 228/245/239 204/244/238 205/246/240
f 228/245/239 205/246/240 227/247/241
f 227/247/241 205/246/240 206/248/242
f 227/247/241 206/248/242 226/249/243
f 226/249/243 206/248/242 207/250/244
f 226/249/243 207/250/244 225/251/245
f 225/251/245 207/250/244 208/252/246
f 225/251/245 208/252/246 224/253/247
f 224/253/247 208/252/246 209/254/248
f 224/253/247 209/254/248 223/255/249
f 223/255/249 209/254/248 210/256/250
f 223/255/249 210/256/250 222/257/251
f 222/257/251 210/256/250 211/258/252
f 222/257/251 211/258/252 221/259/253
f 221/259/253 211/258/252 212/260/254
f 221/259/253 212/260/254 220/261/255
f 220/261/255 212/260/254 213/262/256
f 220/261/255 213/262/256 219/263/257
f 219/263/257 213/262/256 214/264/258
f 219/263/257 214/264/258 218/185/179
f 218/185/179 214/264/258 215/183/177
f 260/265/259 344/266/260 259/267/261
f 259/267/261 344/266/260 302/268/262
f 259/269/261 302/270/262 301/271/263
f 301/271/263 302/270/262 303/272/264
f 301/271/263 303/272/264 304/273/265
f 260/265/259 261/274/266 344/266/260
f 344/266/260 261/274/266 343/275/267
f 343/275/267 261/274/266 262/276/268
f 343/275/267 262/276/268 342/277/269
f 342/277/269 262/276/268 263/278/270
f 342/277/269 263/278/270 341/279/271
f 341/279/271 263/278/270 264/280/272
f 341/279/271 264/280/272 340/281/273
f 340/281/273 264/280/272 265/282/274
f 340/281/273 265/282/274 339/283/275
f 339/283/275 265/282/274 266/284/276
f 339/283/275 266/284/276 338/285/277
f 338/285/277 266/284/276 267/286/278
f 338/285/277 267/286/278 337/287/279
f 337/287/279 267/286/278 268/288/280
f 337/287/279 268/288/280 336/289/281
f 336/289/281 268/288/280 269/290/282
f 336/289/281 269/290/282 335/291/283
f 335/291/283 269/290/282 270/292/284
f 335/291/283 270/292/284 334/293/285
f 334/293/285 270/292/284 271/294/286
f 334/293/285 271/294/286 333/295/287
f 333/295/287 271/294/286 272/296/288
f 333/295/287 272/296/288 332/297/289
f 332/297/289 272/296/288 273/298/290
f 332/297/289 273/298/290 331/299/291
f 331/299/291 273/298/290 274/300/292
f 331/299/291 274/300/292 330/301/293
f 330/301/293 274/300/292 275/302/294
f 330/301/293 275/302/294 329/303/295
f 329/303/295 275/302/294 276/304/296
f 329/303/295 276/304/296 328/305/297
f 328/305/297 276/304/296 277/306/298
f 328/305/297 277/306/298 327/307/299
f 327/307/299 277/306/298 278/308/300
f 327/307/299 278/308/300 326/309/301
f 326/309/301 278/308/300 279/310/302
f 326/309/301 279/310/302 325/311/303
f 325/311/303 279/310/302 280/312/304
f 325/311/303 280/312/304 324/313/305
f 324/313/305 280/312/304 281/314/306
f 324/313/305 281/314/306 323/315/307
f 323/315/307 281/314/306 282/316/308
f 323/315/307 282/316/308 322/317/309
f 322/317/309 282/316/308 283/318/310
f 322/317/309 283/318/310 321/319/311
f 321/319/311 283/318/310 284/320/312
f 321/319/311 284/320/312 320/321/313
f 320/321/313 284/320/312 285/322/314
f 320/321/313 285/322/314 319/323/315
f 319/323/315 285/322/314 286/324/316
f 319/323/315 286/324/316 318/325/317
f 318/325/317 286/324/316 287/326/318
f 318/325/317 287/326/318 317/327/319
f 317/327/319 287/326/318 288/328/320
f 317/327/319 288/328/320 316/329/321
f 316/329/321 288/328/320 289/330/322
f 316/329/321 289/330/322 315/331/323
f 315/331/323 289/330/322 290/332/324
f 315/331/323 290/332/324 314/333/325
f 314/333/325 290/332/324 291/334/326
f 314/333/325 291/334/326 313/335/327
f 313/335/327 291/334/326 292/336/328
f 313/335/327 292/336/328 312/337/329
f 312/337/329 292/336/328 293/338/330
f 312/337/329 293/338/330 311/339/331
f 311/339/331 293/338/330 294/340/332
f 311/339/331 294/340/332 310/341/333
f 310/341/333 294/340/332 295/342/334
f 310/341/333 295/342/334 309/343/335
f 309/343/335 295/342/334 296/344/336
f 309/343/335 296/344/336 308/345/337
f 308/345/337 296/344/336 297/346/338
f 308/345/337 297/346/338 307/347/339
f 307/347/339 297/346/338 298/348/340
f 307/347/339 298/348/340 306/349/341
f 306/349/341 298/348/340 299/350/342
f 306/349/341 299/350/342 305/351/343
f 305/351/343 299/350/342 300/352/344
f 305/351/343 300/352/344 304/273/265
f 304/273/265 300/352/344 301/271/263
f 346/353/345 430/354/346 345/355/347
f 345/355/347 430/354/346 388/356/348
f 345/357/347 388/358/348 387/359/349
f 387/359/349 388/358/348 389/360/350
f 387/359/349 389/360/350 390/361/351
f 346/353/345 347/362/352 430/354/346
f 430/354/346 347/362/352 429/363/353
f 429/363/353 347/362/352 348/364/354
f 429/363/353 348/364/354 428/365/355
f 428/365/355 348/364/354 349/366/356
f 428/365/355 349/366/356 427/367/357
f 427/367/357 349/366/356 350/368/358
f 427/367/357 350/368/358 426/369/359
f 426/369/359 350/368/358 351/370/360
f 426/369/359 351/370/360 425/371/361
f 425/371/361 351/370/360 352/372/362
f 425/371/361 352/372/362 424/373/363
f 424/373/363 352/372/362 353/374/364
f 424/373/363 353/374/364 423/375/365
f 423/375/365 353/374/364 354/376/366
f 423/375/365 354/376/366 422/377/367
f 422/377/367 354/376/366 355/378/368
f 422/377/367 355/378/368 421/379/369
f 421/379/369 355/378/368 356/380/370
f 421/379/369 356/380/370 420/381/371
f 420/381/371 356/380/370 357/382/372
f 420/381/371 357/382/372 419/383/373
f 419/383/373 357/382/372 358/384/374
f 419/383/373 358/384/374 418/385/375
f 418/385/375 358/384/374 359/386/376
f 418/385/375 359/386/376 417/387/377
f 417/387/377 359/386/376 360/388/378
f 417/387/377 360/388/378 416/389/379
f 416/389/379 360/388/378 361/390/380
f 416/389/379 361/390/380 415/391/381
f 415/391/381 361/390/380 362/392/382
f 415/391/381 362/392/382 414/393/383
f 414/393/383 362/392/382 363/394/384
f 414/393/383 363/394/384 413/395/385
f 413/395/385 363/394/384 364/396/386
f 413/395/385 364/396/386 412/397/387
f 412/397/387 364/396/386 365/398/388
f 412/397/387 365/398/388 411/399/389
f 411/399/389 365/398/388 366/400/390
f 411/399/389 366/400/390 410/401/391
f 410/401/391 366/400/390 367/402/392
f 410/401/391 367/402/392 409/403/393
f 409/403/393 367/402/392 368/404/394
f 409/403/393 368/404/394 408/405/395
f 408/405/395 368/404/394 369/406/396
f 408/405/395 369/406/396 407/407/397
f 407/407/397 369/406/396 370/408/398
f 407/407/397 370/408/398 406/409/399
f 406/409/399 370/408/398 371/410/400
f 406/409/399 371/410/400 405/411/401
f 405/411/401 371/410/400 372/412/402
f 405/411/401 372/412/402 404/413/403
f 404/413/403 372/412/402 373/414/404
f 404/413/403 373/414/404 403/415/405
f 403/415/405 373/414/404 374/416/406
f 403/415/405 374/416/406 402/417/407
f 402/417/407 374/416/406 375/418/408
f 402/417/407 375/418/408 401/419/409
f 401/419/409 375/418/408 376/420/410
f 401/419/409 376/420/410 400/421/411
f 400/421/411 376/420/410 377/422/412
f 400/421/411 377/422/412 399/423/413
f 399/423/413 377/422/412 378/424/414
f 399/423/413 378/424/414 398/425/415
f 398/425/415 378/424/414 379/426/416
f 398/425/415 379/426/416 397/427/417
f 397/427/417 379/426/416 380/428/418
f 397/427/417 380/428/418 396/429/419
f 396/429/419 380/428/418 381/430/420
f 396/429/419 381/430/420 395/431/421
f 395/431/421 381/430/420 382/432/422
f 395/431/421 382/432/422 394/433/423
f 394/433/423 382/432/422 383/434/424
f 394/433/423 383/434/424 393/435/425
f 393/435/425 383/434/424 384/436/426
f 393/435/425 384/436/426 392/437/427
f 392/437/427 384/436/426 385/438/428
f 392/437/427 385/438/428 391/439/429
f 391/439/429 385/438/428 386/440/430
f 391/439/429 386/440/430 390/361/351
f 390/361/351 386/440/430 387/359/349
f 432/441/431 516/442/432 431/443/433
f 431/443/433 516/442/432 474/444/434
f 431/445/433 474/446/434 473/447/435
f 473/447/435 474/446/434 475/448/436
f 473/447/435 475/448/436 476/449/437
f 432/441/431 433/450/438 516/442/432
f 516/442/432 433/450/438 515/451/439
f 515/451/439 433/450/438 434/452/440
f 515/451/439 434/452/440 514/453/441
f 514/453/441 434/452/440 435/454/442
f 514/453/441 435/454/442 513/455/443
f 513/455/443 435/454/442 436/456/444
f 513/455/443 436/456/444 512/457/445
f 512/457/445 436/456/444 437/458/446
f 512/457/445 437/458/446 511/459/447
f 511/459/447 437/458/446 438/460/448
f 511/459/447 438/460/448 510/461/449
f 510/461/449 438/460/448 439/462/450
f 510/461/449 439/462/450 509/463/451
f 509/463/451 439/462/450 440/464/452
f 509/463/451 440/464/452 508/465/453
f 508/465/453 440/464/452 441/466/454
f 508/465/453 441/466/454 507/467/455
f 507/467/455 441/466/454 442/468/456
f 507/467/455 442/468/456 506/469/457
f 506/469/457 442/468/456 443/470/458
f 506/469/457 443/470/458 505/471/459
f 505/471/459 443/470/458 444/472/460
f 505/471/459 444/472/460 504/473/461
f 504/473/461 444/472/460 445/474/462
f 504/473/461 445/474/462 503/475/463
f 503/475/463 445/474/462 446/476/464
f 503/475/463 446/476/464 502/477/465
f 502/477/465 446/476/464 447/478/466
f 502/477/465 447/478/466 501/479/467
f 501/479/467 447/478/466 448/480/468
f 501/479/467 448/480/468 500/481/469
f 500/481/469 448/480/468 449/482/470
f 500/481/469 449/482/470 499/483/471
f 499/483/471 449/482/470 450/484/472
f 499/483/471 450/484/472 498/485/473
f 498/485/473 450/484/472 451/486/474
f 498/485/473 451/486/474 497/487/475
f 497/487/475 451/486/474 452/488/476
f 497/487/475 452/488/476 496/489/477
f 496/489/477 452/488/476 453/490/478
f 496/489/477 453/490/478 495/491/479
f 495/491/479 453/490/478 454/492/480
f 495/491/479 454/492/480 494/493/481
f 494/493/481 454/492/480 455/494/482
f 494/493/481 455/494/482 493/495/483
f 493/495/483 455/494/482 456/496/484
f 493/495/483 456/496/484 492/497/485
f 492/497/485 456/496/484 457/498/486
f 492/497/485 457/498/486 491/499/487
f 491/499/487 457/498/486 458/500/488
f 491/499/487 458/500/488 490/501/489
f 490/501/489 458/500/488 459/502/490
f 490/501/489 459/502/490 489/503/491
f 489/503/491 459/502/490 460/504/492
f 489/503/491 460/504/492 488/505/493
f 488/505/493 460/504/492 461/506/494
f 488/505/493 461/506/494 487/507/495
f 487/507/495 461/506/494 462/508/496
f 487/507/495 462/508/496 486/509/497
f 486/509/497 462/508/496 463/510/498
f 486/509/497 463/510/498 485/511/499
f 485/511/499 463/510/498 464/512/500
f 485/511/499 464/512/500 484/513/501
f 484/513/501 464/512/500 465/514/502
f 484/513/501 465/514/502 483/515/503
f 483/515/503 465/514/502 466/516/504
f 483/515/503 466/516/504 482/517/505
f 482/517/505 466/516/504 467/518/506
f 482/517/505 467/518/506 481/519/507
f 481/519/507 467/518/506 468/520/508
f 481/519/507 468/520/508 480/521/509
f 480/521/509 468/520/508 469/522/510
f 480/521/509 469/522/510 479/523/511
f 479/523/511 469/522/510 470/524/512
f 479/523/511 470/524/512 478/525/513
f 478/525/513 470/524/512 471/526/514
f 478/525/513 471/526/514 477/527/515
f 477/527/515 471/526/514 472/528/516
f 477/527/515 472/528/516 476/449/437
f 476/449/437 472/528/516 473/447/435
f 518/529/517 602/530/518 517/531/519
f 517/531/519 602/530/518 560/532/520
f 517/533/519 560/534/520 559/535/521
f 559/535/521 560/534/520 561/536/522
f 559/535/521 561/536/522 562/537/523
f 518/529/517 519/538/524 602/530/518
f 602/530/518 519/538/524 601/539/525
f 601/539/525 519/538/524 520/540/526
f 601/539/525 520/540/526 600/541/527
f 600/541/527 520/540/526 521/542/528
f 600/541/527 521/542/528 599/543/529
f 599/543/529 521/542/528 522/544/530
f 599/543/529 522/544/530 598/545/531
f 598/545/531 522/544/530 523/546/532
f 598/545/531 523/546/532 597/547/533
f 597/547/533 523/546/532 524/548/534
f 597/547/533 524/548/534 596/549/535
f 596/549/535 524/548/534 525/550/536
f 596/549/535 525/550/536 595/551/537
f 595/551/537 525/550/536 526/552/538
f 595/551/537 526/552/538 594/553/539
f 594/553/539 526/552/538 527/554/540
f 594/553/539 527/554/540 593/555/541
f 593/555/541 527/554/540 528/556/542
f 593/555/541 528/556/542 592/557/543
f 592/557/543 528/556/542 529/558/544
f 592/557/543 529/558/544 591/559/545
f 591/559/545 529/558/544 530/560/546
f 591/559/545 530/560/546 590/561/547
f 590/561/547 530/560/546 531/562/548
f 590/561/547 531/562/548 589/563/549
f 589/563/549 531/562/548 532/564/550
f 589/563/549 532/564/550 588/565/551
f 588/565/551 532/564/550 533/566/552
f 588/565/551 533/566/552 587/567/553
f 587/567/553 533/566/552 534/568/554
f 587/567/553 534/568/554 586/569/555
f 586/569/555 534/568/554 535/570/556
f 586/569/555 535/570/556 585/571/557
f 585/571/557 535/570/556 536/572/558
f 585/571/557 536/572/558 584/573/559
f 584/573/559 536/572/558 537/574/560
f 584/573/559 537/574/560 583/575/561
f 583/575/561 537/574/560 538/576/562
f 583/575/561 538/576/562 582/577/563
f 582/577/563 538/576/562 539/578/564
f 582/577/563 539/578/564 581/579/565
f 581/579/565 539/578/564 540/580/566
f 581/579/565 540/580/566 580/581/567
f 580/581/567 540/580/566 541/582/568
f 580/581/567 541/582/568 579/583/569
f 579/583/569 541/582/568 542/584/570
f 579/583/569 542/584/570 578/585/571
f 578/585/571 542/584/570 543/586/572
f 578/585/571 543/586/572 577/587/573
f 577/587/573 543/586/572 544/588/574
f 577/587/573 544/588/574 576/589/575
f 576/589/575 544/588/574 545/590/576
f 576/589/575 545/590/576 575/591/577
f 575/591/577 545/590/576 546/592/578
f 575/591/577 546/592/578 574/593/579
f 574/593/579 546/592/578 547/594/580
f 574/593/579 547/594/580 573/595/581
f 573/595/581 547/594/580 548/596/582
f 573/595/581 548/596/582 572/597/583
f 572/597/583 548/596/582 549/598/584
f 572/597/583 549/598/584 571/599/585
f 571/599/585 549/598/584 550/600/586
f 571/599/585 550/600/586 570/601/587
f 570/601/587 550/600/586 551/602/588
f 570/601/587 551/602/588 569/603/589
f 569/603/589 551/602/588 552/604/590
f 569/603/589 552/604/590 568/605/591
f 568/605/591 552/604/590 553/606/592
f 568/605/591 553/606/592 567/607/593
f 567/607/593 553/606/592 554/608/594
f 567/607/593 554/608/594 566/609/595
f 566/609/595 554/608/594 555/610/596
f 566/609/595 555/610/596 565/611/597
f 565/611/597 555/610/596 556/612/598
f 565/611/597 556/612/598 564/613/599
f 564/613/599 556/612/598 557/614/600
f 564/613/599 557/614/600 563/615/601
f 563/615/601 557/614/600 558/616/602
f 563/615/601 558/616/602 562/537/523
f 562/537/523 558/616/602 559/535/521
f 604/617/603 688/618/604 603/619/605
f 603/619/605 688/618/604 646/620/606
f 603/621/605 646/622/606 645/623/607
f 645/623/607 646/622/606 647/624/608
f 645/623/607 647/624/608 648/625/609
f 604/617/603 605/626/610 688/618/604
f 688/618/604 605/626/610 687/627/611
f 687/627/611 605/626/610 606/628/612
f 687/627/611 606/628/612 686/629/613
f 686/629/613 606/628/612 607/630/614
f 686/629/613 607/630/614 685/631/615
f 685/631/615 607/630/614 608/632/616
f 685/631/615 608/632/616 684/633/617
f 684/633/617 608/632/616 609/634/618
f 684/633/617 609/634/618 683/635/619
f 683/635/619 609/634/618 610/636/620
f 683/635/619 610/636/620 682/637/621
f 682/637/621 610/636/620 611/638/622
f 682/637/621 611/638/622 681/639/623
f 681/639/623 611/638/622 612/640/624
f 681/639/623 612/640/624 680/641/625
f 680/641/625 612/640/624 613/642/626
f 680/641/625 613/642/626 679/643/627
f 679/643/627 613/642/626 614/644/628
f 679/643/627 614/644/628 678/645/629
f 678/645/629 614/644/628 615/646/630
f 678/645/629 615/646/630 677/647/631
f 677/647/631 615/646/630 616/648/632
f 677/647/631 616/648/632 676/649/633
f 676/649/633 616/648/632 617/650/634
f 676/649/633 617/650/634 675/651/635
f 675/651/635 617/650/634 618/652/636
f 675/651/635 618/652/636 674/653/637
f 674/653/637 618/652/636 619/654/638
f 674/653/637 619/654/638 673/655/639
f 673/655/639 619/654/638 620/656/640
f 673/655/639 620/656/640 672/657/641
f 672/657/641 620/656/640 621/658/642
f 672/657/641 621/658/642 671/659/643
f 671/659/643 621/658/642 622/660/644
f 671/659/643 622/660/644 670/661/645
f 670/661/645 622/660/644 623/662/646
f 670/661/645 623/662/646 669/663/647
f 669/663/647 623/662/646 624/664/648
f 669/663/647 624/664/648 668/665/649
f 668/665/649 624/664/648 625/666/650
f 668/665/649 625/666/650 667/667/651
f 667/667/651 625/666/650 626/668/652
f 667/667/651 626/668/652 666/669/653
f 666/669/653 626/668/652 627/670/654
f 666/669/653 627/670/654 665/671/655
f 665/671/655 627/670/654 628/672/656
f 665/671/655 628/672/656 664/673/657
f 664/673/657 628/672/656 629/674/658
f 664/673/657 629/674/658 663/675/659
f 663/675/659 629/674/658 630/676/660
f 663/675/659 630/676/660 662/677/661
f 662/677/661 630/676/660 631/678/662
f 662/677/661 631/678/662 661/679/663
f 661/679/663 631/678/662 632/680/664
f 661/679/663 632/680/664 660/681/665
f 660/681/665 632/680/664 633/682/666
f 660/681/665 633/682/666 659/683/667
f 659/683/667 633/682/666 634/684/668
f 659/683/667 634/684/668 658/685/669
f 658/685/669 634/684/668 635/686/670
f 658/685/669 635/686/670 657/687/671
f 657/687/671 635/686/670 636/688/672
f 657/687/671 636/688/672 656/689/673
f 656/689/673 636/688/672 637/690/674
f 656/689/673 637/690/674 655/691/675
f 655/691/675 637/690/674 638/692/676
f 655/691/675 638/692/676 654/693/677
f 654/693/677 638/692/676 639/694/678
f 654/693/677 639/694/678 653/695/679
f 653/695/679 639/694/678 640/696/680
f 653/695/679 640/696/680 652/697/681
f 652/697/681 640/696/680 641/698/682
f 652/697/681 641/698/682 651/699/683
f 651/699/683 641/698/682 642/700/684
f 651/699/683 642/700/684 650/701/685
f 650/701/685 642/700/684 643/702/686
f 650/701/685 643/702/686 649/703/687
f 649/703/687 643/702/686 644/704/688
f 649/703/687 644/704/688 648/625/609
f 648/625/609 644/704/688 645/623/607
f 690/705/689 774/706/690 689/707/691
f 689/707/691 774/706/690 732/708/692
f 689/709/691 732/710/692 731/711/693
f 731/711/693 732/710/692 733/712/694
f 731/711/693 733/712/694 734/713/695
f 690/705/689 691/714/696 774/706/690
f 774/706/690 691/714/696 773/715/697
f 773/715/697 691/714/696 692/716/698
f 773/715/697 692/716/698 772/717/699
f 772/717/699 692/716/698 693/718/700
f 772/717/699 693/718/700 771/719/701
f 771/719/701 693/718/700 694/720/702
f 771/719/701 694/720/702 770/721/703
f 770/721/703 694/720/702 695/722/704
f 770/721/703 695/722/704 769/723/705
f 769/723/705 695/722/704 696/724/706
f 769/723/705 696/724/706 768/725/707
f 768/725/707 696/724/706 697/726/708
f 768/725/707 697/726/708 767/727/709
f 767/727/709 697/726/708 698/728/710
f 767/727/709 698/728/710 766/729/711
f 766/729/711 698/728/710 699/730/712
f 766/729/711 699/730/712 765/731/713
f 765/731/713 699/730/712 700/732/714
f 765/731/713 700/732/714 764/733/715
f 764/733/715 700/732/714 701/734/716
f 764/733/715 701/734/716 763/735/717
f 763/735/717 701/734/716 702/736/718
f 763/735/717 702/736/718 762/737/719
f 762/737/719 702/736/718 703/738/720
f 762/737/719 703/738/720 761/739/721
f 761/739/721 703/738/720 704/740/722
f 761/739/721 704/740/722 760/741/723
f 760/741/723 704/740/722 705/742/724
f 760/741/723 705/742/724 759/743/725
f 759/743/725 705/742/724 706/744/726
f 759/743/725 706/744/726 758/745/727
f 758/745/727 706/744/726 707/746/728
f 758/745/727 707/746/728 757/747/729
f 757/747/729 707/746/728 708/748/730
f 757/747/729 708/748/730 756/749/731
f 756/749/731 708/748/730 709/750/732
f 756/749/731 709/750/732 755/751/733
f 755/751/733 709/750/732 710/752/734
f 755/751/733 710/752/734 754/753/735
f 754/753/735 710/752/734 711/754/736
f 754/753/735 711/754/736 753/755/737
f 753/755/737 711/754/736 712/756/738
f 753/755/737 712/756/738 752/757/739
f 752/757/739 712/756/738 713/758/740
f 752/757/739 713/758/740 751/759/741
f 751/759/741 713/758/740 714/760/742
f 751/759/741 714/760/742 750/761/743
f 750/761/743 714/760/742 715/762/744
f 750/761/743 715/762/744 749/763/745
f 749/763/745 715/762/744 716/764/746
f 749/763/745 716/764/746 748/765/747
f 748/765/747 716/764/746 717/766/748
f 748/765/747 717/766/748 747/767/749
f 747/767/749 717/766/748 718/768/750
f 747/767/749 718/768/750 746/769/751
f 746/769/751 718/768/750 719/770/752
f 746/769/751 719/770/752 745/771/753
f 745/771/753 719/770/752 720/772/754
f 745/771/753 720/772/754 744/773/755
f 744/773/755 720/772/754 721/774/756
f 744/773/755 721/774/756 743/775/757
f 743/775/757 721/774/756 722/776/758
f 743/775/757 722/776/758 742/777/759
f 742/777/759 722/776/758 723/778/760
f 742/777/759 723/778/760 741/779/761
f 741/779/761 723/778/760 724/780/762
f 741/779/761 724/780/762 740/781/763
f 740/781/763 724/780/762 725/782/764
f 740/781/763 725/782/764 739/783/765
f 739/783/765 725/782/764 726/784/766
f 739/783/765 726/784/766 738/785/767
f 738/785/767 726/784/766 727/786/768
f 738/785/767 727/786/768 737/787/769
f 737/787/769 727/786/768 728/788/770
f 737/787/769 728/788/770 736/789/771
f 736/789/771 728/788/770 729/790/772
f 736/789/771 729/790/772 735/791/773
f 735/791/773 729/790/772 730/792/774
f 735/791/773 730/792/774 734/713/695
f 734/713/695 730/792/774 731/711/693
f 776/793/775 860/794/776 775/795/777
f 775/795/777 860/794/776 818/796/778
f 775/797/777 818/798/778 817/799/779
f 817/799/779 818/798/778 819/800/780
f 817/799/779 819/800/780 820/801/781
f 776/793/775 777/802/782 860/794/776
f 860/794/776 777/802/782 859/803/783
f 859/803/783 777/802/782 778/804/784
f 859/803/783 778/804/784 858/805/785
f 858/805/785 778/804/784 779/806/786
f 858/805/785 779/806/786 857/807/787
f 857/807/787 779/806/786 780/808/788
f 857/807/787 780/808/788 856/809/789
f 856/809/789 780/808/788 781/810/790
f 856/809/789 781/810/790 855/811/791
f 855/811/791 781/810/790 782/812/792
f 855/811/791 782/812/792 854/813/793
f 854/813/793 782/812/792 783/814/794
f 854/813/793 783/814/794 853/815/795
f 853/815/795 783/814/794 784/816/796
f 853/815/795 784/816/796 852/817/797
f 852/817/797 784/816/796 785/818/798
f 852/817/797 785/818/798 851/819/799
f 851/819/799 785/818/798 786/820/800
f 851/819/799 786/820/800 850/821/801
f 850/821/801 786/820/800 787/822/802
f 850/821/801 787/822/802 849/823/803
f 849/823/803 787/822/802 788/824/804
f 849/823/803 788/824/804 848/825/805
f 848/825/805 788/824/804 789/826/806
f 848/825/805 789/826/806 847/827/807
f 847/827/807 789/826/806 790/828/808
f 847/827/807 790/828/808 846/829/809
f 846/829/809 790/828/808 791/830/810
f 846/829/809 791/830/810 845/831/811
f 845/831/811 791/830/810 792/832/812
f 845/831/811 792/832/812 844/833/813
f 844/833/813 792/832/812 793/834/814
f 844/833/813 793/834/814 843/835/815
f 843/835/815 793/834/814 794/836/816
f 843/835/815 794/836/816 842/837/817
f 842/837/817 794/836/816 795/838/818
f 842/837/817 795/838/818 841/839/819
f 841/839/819 795/838/818 796/840/820
f 841/839/819 796/840/820 840/841/821
f 840/841/821 796/840/820 797/842/822
f 840/841/821 797/842/822 839/843/823
f 839/843/823 797/842/822 798/844/824
f 839/843/823 798/844/824 838/845/825
f 838/845/825 798/844/824 799/846/826
f 838/845/825 799/846/826 837/847/827
f 837/847/827 799/846/826 800/848/828
f 837/847/827 800/848/828 836/849/829
f 836/849/829 800/848/828 801/850/830
f 836/849/829 801/850/830 835/851/831
f 835/851/831 801/850/830 802/852/832
f 835/851/831 802/852/832 834/853/833
f 834/853/833 802/852/832 803/854/834
f 834/853/833 803/854/834 833/855/835
f 833/855/835 803/854/834 804/856/836
f 833/855/835 804/856/836 832/857/837
f 832/857/837 804/856/836 805/858/838
f 832/857/837 805/858/838 831/859/839
f 831/859/839 805/858/838 806/860/840
f 831/859/839 806/860/840 830/861/841
f 830/861/841 806/860/840 807/862/842
f 830/861/841 807/862/842 829/863/843
f 829/863/843 807/862/842 808/864/844
f 829/863/843 808/864/844 828/865/845
f 828/865/845 808/864/844 809/866/846
f 828/865/845 809/866/846 827/867/847
f 827/867/847 809/866/846 810/868/848
f 827/867/847 810/868/848 826/869/849
f 826/869/849 810/868/848 811/870/850
f 826/869/849 811/870/850 825/871/851
f 825/871/851 811/870/850 812/872/852
f 825/871/851 812/872/852 824/873/853
f 824/873/853 812/872/852 813/874/854
f 824/873/853 813/874/854 823/875/855
f 823/875/855 813/874/854 814/876/856
f 823/875/855 814/876/856 822/877/857
f 822/877/857 814/876/856 815/878/858
f 822/877/857 815/878/858 821/879/859
f 821/879/859 815/878/858 816/880/860
f 821/879/859 816/880/860 820/801/781
f 820/801/781 816/880/860 817/799/779
f 862/881/861 946/882/862 861/883/863
f 861/883/863 946/882/862 904/884/864
f 861/885/863 904/886/864 903/887/865
f 903/887/865 904/886/864 905/888/866
f 903/887/865 905/888/866 906/889/867
f 862/881/861 863/890/868 946/882/862
f 946/882/862 863/890/868 945/891/869
f 945/891/869 863/890/868 864/892/870
f 945/891/869 864/892/870 944/893/871
f 944/893/871 864/892/870 865/894/872
f 944/893/871 865/894/872 943/895/873
f 943/895/873 865/894/872 866/896/874
f 943/895/873 866/896/874 942/897/875
f 942/897/875 866/896/874 867/898/876
f 942/897/875 867/898/876 941/899/877
f 941/899/877 867/898/876 868/900/878
f 941/899/877 868/900/878 940/901/879
f 940/901/879 868/900/878 869/902/880
f 940/901/879 869/902/880 939/903/881
f 939/903/881 869/902/880 870/904/882
f 939/903/881 870/904/882 938/905/883
f 938/905/883 870/904/882 871/906/884
f 938/905/883 871/906/884 937/907/885
f 937/907/885 871/906/884 872/908/886
f 937/907/885 872/908/886 936/909/887
f 936/909/887 872/908/886 873/910/888
f 936/909/887 873/910/888 935/911/889
f 935/911/889 873/910/888 874/912/890
f 935/911/889 874/912/890 934/913/891
f 934/913/891 874/912/890 875/914/892
f 934/913/891 875/914/892 933/915/893
f 933/915/893 875/914/892 876/916/894
f 933/915/893 876/916/894 932/917/895
f 932/917/895 876/916/894 877/918/896
f 932/917/895 877/918/896 931/919/897
f 931/919/897 877/918/896 878/920/898
f 931/919/897 878/920/898 930/921/899
f 930/921/899 878/920/898 879/922/900
f 930/921/899 879/922/900 929/923/901
f 929/923/901 879/922/900 880/924/902
f 929/923/901 880/924/902 928/925/903
f 928/925/903 880/924/902 881/926/904
f 928/925/903 881/926/904 927/927/905
f 927/927/905 881/926/904 882/928/906
f 927/927/905 882/928/906 926/929/907
f 926/929/907 882/928/906 883/930/908
f 926/929/907 883/930/908 925/931/909
f 925/931/909 883/930/908 884/932/910
f 925/931/909 884/932/910 924/933/911
f 924/933/911 884/932/910 885/934/912
f 924/933/911 885/934/912 923/935/913
f 923/935/913 885/934/912 886/936/914
f 923/935/913 886/936/914 922/937/915
f 922/937/915 886/936/914 887/938/916
f 922/937/915 887/938/916 921/939/917
f 921/939/917 887/938/916 888/940/918
f 921/939/917 888/940/918 920/941/919
f 920/941/919 888/940/918 889/942/920
f 920/941/919 889/942/920 919/943/921
f 919/943/921 889/942/920 890/944/922
f 919/943/921 890/944/922 918/945/923
f 918/945/923 890/944/922 891/946/924
f 918/945/923 891/946/924 917/947/925
f 917/947/925 891/946/924 892/948/926
f 917/947/925 892/948/926 916/949/927
f 916/949/927 892/948/926 893/950/928
f 916/949/927 893/950/928 915/951/929
f 915/951/929 893/950/928 894/952/930
f 915/951/929 894/952/930 914/953/931
f 914/953/931 894/952/930 895/954/932
f 914/953/931 895/954/932 913/955/933
f 913/955/933 895/954/932 896/956/934
f 913/955/933 896/956/934 912/957/935
f 912/957/935 896/956/934 897/958/936
f 912/957/935 897/958/936 911/959/937
f 911/959/937 897/958/936 898/960/938
f 911/959/937 898/960/938 910/961/939
f 910/961/939 898/960/938 899/962/940
f 910/961/939 899/962/940 909/963/941
f 909/963/941 899/962/940 900/964/942
f 909/963/941 900/964/942 908/965/943
f 908/965/943 900/964/942 901/966/944
f 908/965/943 901/966/944 907/967/945
f 907/967/945 901/966/944 902/968/946
f 907/967/945 902/968/946 906/889/867
f 906/889/867 902/968/946 903/887/865
f 948/969/947 1032/970/948 947/971/949
f 947/971/949 1032/970/948 990/972/950
f 947/973/949 990/974/950 989/975/951
f 989/975/951 990/974/950 991/976/952
f 989/975/951 991/976/952 992/977/953
f 948/969/947 949/978/954 1032/970/948
f 1032/970/948 949/978/954 1031/979/955
f 1031/979/955 949/978/954 950/980/956
f 1031/979/955 950/980/956 1030/981/957
f 1030/981/957 950/980/956 951/982/958
f 1030/981/957 951/982/958 1029/983/959
f 1029/983/959 951/982/958 952/984/960
f 1029/983/959 952/984/960 1028/985/961
f 1028/985/961 952/984/960 953/986/962
f 1028/985/961 953/986/962 1027/987/963
f 1027/987/963 953/986/962 954/988/964
f 1027/987/963 954/988/964 1026/989/965
f 1026/989/965 954/988/964 955/990/966
f 1026/989/965 955/990/966 1025/991/967
f 1025/991/967 955/990/966 956/992/968
f 1025/991/967 956/992/968 1024/993/969
f 1024/993/969 956/992/968 957/994/970
f 1024/993/969 957/994/970 1023/995/971
f 1023/995/971 957/994/970 958/996/972
f 1023/995/971 958/996/972 1022/997/973
f 1022/997/973 958/996/972 959/998/974
f 1022/997/973 959/998/974 1021/999/975
f 1021/999/975 959/998/974 960/1000/976
f 1021/999/975 960/1000/976 1020/1001/977
f 1020/1001/977 960/1000/976 961/1002/978
f 1020/1001/977 961/1002/978 1019/1003/979
f 1019/1003/979 961/1002/978 962/1004/980
f 1019/1003/979 962/1004/980 1018/1005/981
f 1018/1005/981 962/1004/980 963/1006/982
f 1018/1005/981 963/1006/982 1017/1007/983
f 1017/1007/983 963/1006/982 964/1008/984
f 1017/1007/983 964/1008/984 1016/1009/985
f 1016/1009/985 964/1008/984 965/1010/986
f 1016/1009/985 965/1010/986 1015/1011/987
f 1015/1011/987 965/1010/986 966/1012/988
f 1015/1011/987 966/1012/988 1014/1013/989
f 1014/1013/989 966/1012/988 967/1014/990
f 1014/1013/989 967/1014/990 1013/1015/991
f 1013/1015/991 967/1014/990 968/1016/992
f 1013/1015/991 968/1016/992 1012/1017/993
f 1012/1017/993 968/1016/992 969/1018/994
f 1012/1017/993 969/1018/994 1011/1019/995
f 1011/1019/995 969/1018/994 970/1020/996
f 1011/1019/995 970/1020/996 1010/1021/997
f 1010/1021/997 970/1020/996 971/1022/998
f 1010/1021/997 971/1022/998 1009/1023/999
f 1009/1023/999 971/1022/998 972/1024/1000
f 1009/1023/999 972/1024/1000 1008/1025/1001
f 1008/1025/1001 972/1024/1000 973/1026/1002
f 1008/1025/1001 973/1026/1002 1007/1027/1003
f 1007/1027/1003 973/1026/1002 974/1028/1004
f 1007/1027/1003 974/1028/1004 1006/1029/1005
f 1006/1029/1005 974/1028/1004 975/1030/1006
f 1006/1029/1005 975/1030/1006 1005/1031/1007
f 1005/1031/1007 975/1030/1006 976/1032/1008
f 1005/1031/1007 976/1032/1008 1004/1033/1009
f 1004/1033/1009 976/1032/1008 977/1034/1010
f 1004/1033/1009 977/1034/1010 1003/1035/1011
f 1003/1035/1011 977/1034/1010 978/1036/1012
f 1003/1035/1011 978/1036/1012 1002/1037/1013
f 1002/1037/1013 978/1036/1012 979/1038/1014
f 1002/1037/1013 979/1038/1014 1001/1039/1015
f 1001/1039/1015 979/1038/1014 980/1040/1016
f 1001/1039/1015 980/1040/1016 1000/1041/1017
f 1000/1041/1017 980/1040/1016 981/1042/1018
f 1000/1041/1017 981/1042/1018 999/1043/1019
f 999/1043/1019 981/1042/1018 982/1044/1020
f 999/1043/1019 982/1044/1020 998/1045/1021
f 998/1045/1021 982/1044/1020 983/1046/1022
f 998/1045/1021 983/1046/1022 997/1047/1023
f 997/1047/1023 983/1046/1022 984/1048/1024
f 997/1047/1023 984/1048/1024 996/1049/1025
f 996/1049/1025 984/1048/1024 985/1050/1026
f 996/1049/1025 985/1050/1026 995/1051/1027
f 995/1051/1027 985/1050/1026 986/1052/1028
f 995/1051/1027 986/1052/1028 994/1053/1029
f 994/1053/1029 986/1052/1028 987/1054/1030
f 994/1053/1029 987/1054/1030 993/1055/1031
f 993/1055/1031 987/1054/1030 988/1056/1032
f 993/1055/1031 988/1056/1032 992/977/953
f 992/977/953 988/1056/1032 989/975/951
f 1034/1057/1033 1080/1058/1034 1033/1059/1035
f 1033/1059/1035 1080/1058/1034 1057/1060/1036
f 1033/1061/1035 1057/1062/1036 1056/1063/1037
f 1056/1063/1037 1057/1062/1036 1058/1064/1038
f 1056/1063/1037 1058/1064/1038 1055/1065/1039
f 1055/1065/1039 1058/1064/1038 1059/1066/1040
f 1055/1065/1039 1059/1066/1040 1054/1067/1041
f 1054/1067/1041 1059/1066/1040 1060/1068/1042
f 1054/1067/1041 1060/1068/1042 1053/1069/1043
f 1053/1069/1043 1060/1068/1042 1061/1070/1044
f 1053/1069/1043 1061/1070/1044 1052/1071/1045
f 1052/1071/1045 1061/1070/1044 1062/1072/1046
f 1052/1071/1045 1062/1072/1046 1051/1073/1047
f 1051/1073/1047 1062/1072/1046 1063/1074/1048
f 1051/1073/1047 1063/1074/1048 1050/1075/1049
f 1050/1075/1049 1063/1074/1048 1064/1076/1050
f 1050/1075/1049 1064/1076/1050 1049/1077/1051
f 1049/1077/1051 1064/1076/1050 1065/1078/1052
f 1049/1077/1051 1065/1078/1052 1048/1079/1053
f 1048/1079/1053 1065/1078/1052 1066/1080/1054
f 1048/1079/1053 1066/1080/1054 1047/1081/1055
f 1047/1081/1055 1066/1080/1054 1067/1082/1056
f 1047/1081/1055 1067/1082/1056 1046/1083/1057
f 1046/1083/1057 1067/1082/1056 1068/1084/1058
f 1046/1083/1057 1068/1084/1058 1045/1085/1059
f 1045/1085/1059 1068/1084/1058 1069/1086/1060
f 1045/1085/1059 1069/1086/1060 1044/1087/1061
f 1044/1087/1061 1069/1086/1060 1070/1088/1062
f 1044/1087/1061 1070/1088/1062 1043/1089/1063
f 1043/1089/1063 1070/1088/1062 1071/1090/1064
f 1043/1089/1063 1071/1090/1064 1042/1091/1065
f 1042/1091/1065 1071/1090/1064 1072/1092/1066
f 1042/1091/1065 1072/1092/1066 1041/1093/1067
f 1041/1093/1067 1072/1092/1066 1073/1094/1068
f 1041/1093/1067 1073/1094/1068 1040/1095/1069
f 1040/1095/1069 1073/1094/1068 1074/1096/1070
f 1040/1095/1069 1074/1096/1070 1039/1097/1071
f 1039/1097/1071 1074/1096/1070 1075/1098/1072
f 1039/1097/1071 1075/1098/1072 1038/1099/1073
f 1038/1099/1073 1075/1098/1072 1076/1100/1074
f 1038/1099/1073 1076/1100/1074 1037/1101/1075
f 1037/1101/1075 1076/1100/1074 1077/1102/1076
f 1037/1101/1075 1077/1102/1076 1036/1103/1077
f 1036/1103/1077 1077/1102/1076 1078/1104/1078
f 1036/1103/1077 1078/1104/1078 1035/1105/1079
f 1035/1105/1079 1078/1104/1078 1079/1106/1080
f 1035/1105/1079 1079/1106/1080 1034/1057/1033
f 1034/1057/1033 1079/1106/1080 1080/1058/1034
f 1104/1107/1081 1081/1108/1082 1033/1109/1083
f 1033/1109/1083 1081/1108/1082 1082/1110/1084
f 1033/1109/1083 1082/1110/1084 1034/1111/1085
f 1034/1111/1085 1082/1110/1084 1083/1112/1086
f 1034/1111/1085 1083/1112/1086 1035/1113/1087
f 1035/1113/1087 1083/1112/1086 1084/1114/1088
f 1035/1113/1087 1084/1114/1088 1036/1115/1089
f 1036/1115/1089 1084/1114/1088 1085/1116/1090
f 1036/1115/1089 1085/1116/1090 1037/1117/1091
f 1037/1117/1091 1085/1116/1090 1086/1118/1092
f 1037/1117/1091 1086/1118/1092 1038/1119/1093
f 1038/1119/1093 1086/1118/1092 1087/1120/1094
f 1038/1119/1093 1087/1120/1094 1039/1121/1095
f 1039/1121/1095 1087/1120/1094 1040/1122/1096
f 1040/1122/1096 1087/1120/1094 1088/1123/1097
f 1040/1122/1096 1088/1123/1097 1041/1124/1098
f 1041/1124/1098 1088/1123/1097 1089/1125/1099
f 1041/1124/1098 1089/1125/1099 1042/1126/1100
f 1042/1126/1100 1089/1125/1099 1090/1127/1101
f 1042/1126/1100 1090/1127/1101 1043/1128/1102
f 1043/1128/1102 1090/1127/1101 1091/1129/1103
f 1043/1128/1102 1091/1129/1103 1044/1130/1104
f 1044/1130/1104 1091/1129/1103 1092/1131/1105
f 1044/1130/1104 1092/1131/1105 1045/1132/1106
f 1045/1132/1106 1092/1131/1105 1093/1133/1107
f 1045/1132/1106 1093/1133/1107 1046/1134/1108
f 1046/1134/1108 1093/1133/1107 1094/1135/1109
f 1046/1134/1108 1094/1135/1109 1095/1136/1110
f 1046/1134/1108 1095/1136/1110 1047/1137/1111
f 1047/1137/1111 1095/1136/1110 1096/1138/1112
f 1047/1137/1111 1096/1138/1112 1048/1139/1113
f 1048/1139/1113 1096/1138/1112 1097/1140/1114
f 1048/1139/1113 1097/1140/1114 1049/1141/1115
f 1049/1141/1115 1097/1140/1114 1098/1142/1116
f 1049/1141/1115 1098/1142/1116 1050/1143/1117
f 1050/1143/1117 1098/1142/1116 1099/1144/1118
f 1050/1143/1117 1099/1144/1118 1051/1145/1119
f 1051/1145/1119 1099/1144/1118 1052/1146/1120
f 1052/1146/1120 1099/1144/1118 1100/1147/1121
f 1052/1146/1120 1100/1147/1121 1053/1148/1122
f 1053/1148/1122 1100/1147/1121 1101/1149/1123
f 1053/1148/1122 1101/1149/1123 1054/1150/1124
f 1054/1150/1124 1101/1149/1123 1102/1151/1125
f 1054/1150/1124 1102/1151/1125 1055/1152/1126
f 1055/1152/1126 1102/1151/1125 1103/1153/1127
f 1055/1152/1126 1103/1153/1127 1056/1154/1128
f 1056/1154/1128 1103/1153/1127 1104/1107/1081
f 1056/1154/1128 1104/1107/1081 1033/1109/1083
f 1106/1155/1129 1152/1156/1130 1105/1157/1131
f 1105/1157/1131 1152/1156/1130 1129/1158/1132
f 1105/1159/1131 1129/1160/1132 1128/1161/1133
f 1128/1161/1133 1129/1160/1132 1130/1162/1134
f 1128/1161/1133 1130/1162/1134 1127/1163/1135
f 1127/1163/1135 1130/1162/1134 1131/1164/1136
f 1127/1163/1135 1131/1164/1136 1126/1165/1137
f 1126/1165/1137 1131/1164/1136 1132/1166/1138
f 1126/1165/1137 1132/1166/1138 1125/1167/1139
f 1125/1167/1139 1132/1166/1138 1133/1168/1140
f 1125/1167/1139 1133/1168/1140 1124/1169/1141
f 1124/1169/1141 1133/1168/1140 1134/1170/1142
f 1124/1169/1141 1134/1170/1142 1123/1171/1143
f 1123/1171/1143 1134/1170/1142 1135/1172/1144
f 1123/1171/1143 1135/1172/1144 1122/1173/1145
f 1122/1173/1145 1135/1172/1144 1136/1174/1146
f 1122/1173/1145 1136/1174/1146 1121/1175/1147
f 1121/1175/1147 1136/1174/1146 1137/1176/1148
f 1121/1175/1147 1137/1176/1148 1120/1177/1149
f 1120/1177/1149 1137/1176/1148 1138/1178/1150
f 1120/1177/1149 1138/1178/1150 1119/1179/1151
f 1119/1179/1151 1138/1178/1150 1139/1180/1152
f 1119/1179/1151 1139/1180/1152 1118/1181/1153
f 1118/1181/1153 1139/1180/1152 1140/1182/1154
f 1118/1181/1153 1140/1182/1154 1117/1183/1155
f 1117/1183/1155 1140/1182/1154 1141/1184/1156
f 1117/1183/1155 1141/1184/1156 1116/1185/1157
f 1116/1185/1157 1141/1184/1156 1142/1186/1158
f 1116/1185/1157 1142/1186/1158 1115/1187/1159
f 1115/1187/1159 1142/1186/1158 1143/1188/1160
f 1115/1187/1159 1143/1188/1160 1114/1189/1161
f 1114/1189/1161 1143/1188/1160 1144/1190/1162
f 1114/1189/1161 1144/1190/1162 1113/1191/1163
f 1113/1191/1163 1144/1190/1162 1145/1192/1164
f 1113/1191/1163 1145/1192/1164 1112/1193/1165
f 1112/1193/1165 1145/1192/1164 1146/1194/1166
f 1112/1193/1165 1146/1194/1166 1111/1195/1167
f 1111/1195/1167 1146/1194/1166 1147/1196/1168
f 1111/1195/1167 1147/1196/1168 1110/1197/1169
f 1110/1197/1169 1147/1196/1168 1148/1198/1170
f 1110/1197/1169 1148/1198/1170 1109/1199/1171
f 1109/1199/1171 1148/1198/1170 1149/1200/1172
f 1109/1199/1171 1149/1200/1172 1108/1201/1173
f 1108/1201/1173 1149/1200/1172 1150/1202/1174
f 1108/1201/1173 1150/1202/1174 1107/1203/1175
f 1107/1203/1175 1150/1202/1174 1151/1204/1176
f 1107/1203/1175 1151/1204/1176 1106/1155/1129
f 1106/1155/1129 1151/1204/1176 1152/1156/1130
f 1176/1205/1177 1153/1206/1178 1105/1207/1179
f 1105/1207/1179 1153/1206/1178 1154/1208/1180
f 1105/1207/1179 1154/1208/1180 1106/1209/1181
f 1106/1209/1181 1154/1208/1180 1155/1210/1182
f 1106/1209/1181 1155/1210/1182 1107/1211/1183
f 1107/1211/1183 1155/1210/1182 1156/1212/1184
f 1107/1211/1183 1156/1212/1184 1108/1213/1185
f 1108/1213/1185 1156/1212/1184 1157/1214/1186
f 1108/1213/1185 1157/1214/1186 1109/1215/1187
f 1109/1215/1187 1157/1214/1186 1158/1216/1188
f 1109/1215/1187 1158/1216/1188 1110/1217/1189
f 1110/1217/1189 1158/1216/1188 1159/1218/1190
f 1110/1217/1189 1159/1218/1190 1111/1219/1191
f 1111/1219/1191 1159/1218/1190 1112/1220/1192
f 1112/1220/1192 1159/1218/1190 1160/1221/1193
f 1112/1220/1192 1160/1221/1193 1113/1222/1194
f 1113/1222/1194 1160/1221/1193 1161/1223/1195
f 1113/1222/1194 1161/1223/1195 1114/1224/1196
f 1114/1224/1196 1161/1223/1195 1162/1225/1197
f 1114/1224/1196 1162/1225/1197 1115/1226/1198
f 1115/1226/1198 1162/1225/1197 1163/1227/1199
f 1115/1226/1198 1163/1227/1199 1116/1228/1200
f 1116/1228/1200 1163/1227/1199 1164/1229/1201
f 1116/1228/1200 1164/1229/1201 1117/1230/1202
f 1117/1230/1202 1164/1229/1201 1165/1231/1203
f 1117/1230/1202 1165/1231/1203 1118/1232/1204
f 1118/1232/1204 1165/1231/1203 1166/1233/1205
f 1118/1232/1204 1166/1233/1205 1167/1234/1206
f 1118/1232/1204 1167/1234/1206 1119/1235/1207
f 1119/1235/1207 1167/1234/1206 1168/1236/1208
f 1119/1235/1207 1168/1236/1208 1120/1237/1209
f 1120/1237/1209 1168/1236/1208 1169/1238/1210
f 1120/1237/1209 1169/1238/1210 1121/1239/1211
f 1121/1239/1211 1169/1238/1210 1170/1240/1212
f 1121/1239/1211 1170/1240/1212 1122/1241/1213
f 1122/1241/1213 1170/1240/1212 1171/1242/1214
f 1122/1241/1213 1171/1242/1214 1123/1243/1215
f 1123/1243/1215 1171/1242/1214 1124/1244/1216
f 1124/1244/1216 1171/1242/1214 1172/1245/1217
f 1124/1244/1216 1172/1245/1217 1125/1246/1218
f 1125/1246/1218 1172/1245/1217 1173/1247/1219
f 1125/1246/1218 1173/1247/1219 1126/1248/1220
f 1126/1248/1220 1173/1247/1219 1174/1249/1221
f 1126/1248/1220 1174/1249/1221 1127/1250/1222
f 1127/1250/1222 1174/1249/1221 1175/1251/1223
f 1127/1250/1222 1175/1251/1223 1128/1252/1224
f 1128/1252/1224 1175/1251/1223 1176/1205/1177
f 1128/1252/1224 1176/1205/1177 1105/1207/1179
f 1178/1253/1225 1224/1254/1226 1177/1255/1227
f 1177/1255/1227 1224/1254/1226 1201/1256/1228
f 1177/1257/1227 1201/1258/1228 1200/1259/1229
f 1200/1259/1229 1201/1258/1228 1202/1260/1230
f 1200/1259/1229 1202/1260/1230 1199/1261/1231
f 1199/1261/1231 1202/1260/1230 1203/1262/1232
f 1199/1261/1231 1203/1262/1232 1198/1263/1233
f 1198/1263/1233 1203/1262/1232 1204/1264/1234
f 1198/1263/1233 1204/1264/1234 1197/1265/1235
f 1197/1265/1235 1204/1264/1234 1205/1266/1236
f 1197/1265/1235 1205/1266/1236 1196/1267/1237
f 1196/1267/1237 1205/1266/1236 1206/1268/1238
f 1196/1267/1237 1206/1268/1238 1195/1269/1239
f 1195/1269/1239 1206/1268/1238 1207/1270/1240
f 1195/1269/1239 1207/1270/1240 1194/1271/1241
f 1194/1271/1241 1207/1270/1240 1208/1272/1242
f 1194/1271/1241 1208/1272/1242 1193/1273/1243
f 1193/1273/1243 1208/1272/1242 1209/1274/1244
f 1193/1273/1243 1209/1274/1244 1192/1275/1245
f 1192/1275/1245 1209/1274/1244 1210/1276/1246
f 1192/1275/1245 1210/1276/1246 1191/1277/1247
f 1191/1277/1247 1210/1276/1246 1211/1278/1248
f 1191/1277/1247 1211/1278/1248 1190/1279/1249
f 1190/1279/1249 1211/1278/1248 1212/1280/1250
f 1190/1279/1249 1212/1280/1250 1189/1281/1251
f 1189/1281/1251 1212/1280/1250 1213/1282/1252
f 1189/1281/1251 1213/1282/1252 1188/1283/1253
f 1188/1283/1253 1213/1282/1252 1214/1284/1254
f 1188/1283/1253 1214/1284/1254 1187/1285/1255
f 1187/1285/1255 1214/1284/1254 1215/1286/1256
f 1187/1285/1255 1215/1286/1256 1186/1287/1257
f 1186/1287/1257 1215/1286/1256 1216/1288/1258
f 1186/1287/1257 1216/1288/1258 1185/1289/1259
f 1185/1289/1259 1216/1288/1258 1217/1290/1260
f 1185/1289/1259 1217/1290/1260 1184/1291/1261
f 1184/1291/1261 1217/1290/1260 1218/1292/1262
f 1184/1291/1261 1218/1292/1262 1183/1293/1263
f 1183/1293/1263 1218/1292/1262 1219/1294/1264
f 1183/1293/1263 1219/1294/1264 1182/1295/1265
f 1182/1295/1265 1219/1294/1264 1220/1296/1266
f 1182/1295/1265 1220/1296/1266 1181/1297/1267
f 1181/1297/1267 1220/1296/1266 1221/1298/1268
f 1181/1297/1267 1221/1298/1268 1180/1299/1269
f 1180/1299/1269 1221/1298/1268 1222/1300/1270
f 1180/1299/1269 1222/1300/1270 1179/1301/1271
f 1179/1301/1271 1222/1300/1270 1223/1302/1272
f 1179/1301/1271 1223/1302/1272 1178/1253/1225
f 1178/1253/1225 1223/1302/1272 1224/1254/1226
f 1248/1303/1273 1225/1304/1274 1177/1305/1275
f 1177/1305/1275 1225/1304/1274 1226/1306/1276
f 1177/1305/1275 1226/1306/1276 1178/1307/1277
f 1178/1307/1277 1226/1306/1276 1227/1308/1278
f 1178/1307/1277 1227/1308/1278 1179/1309/1279
f 1179/1309/1279 1227/1308/1278 1228/1310/1280
f 1179/1309/1279 1228/1310/1280 1180/1311/1281
f 1180/1311/1281 1228/1310/1280 1229/1312/1282
f 1180/1311/1281 1229/1312/1282 1181/1313/1283
f 1181/1313/1283 1229/1312/1282 1230/1314/1284
f 1181/1313/1283 1230/1314/1284 1182/1315/1285
f 1182/1315/1285 1230/1314/1284 1231/1316/1286
f 1182/1315/1285 1231/1316/1286 1183/1317/1287
f 1183/1317/1287 1231/1316/1286 1184/1318/1288
f 1184/1318/1288 1231/1316/1286 1232/1319/1289
f 1184/1318/1288 1232/1319/1289 1185/1320/1290
f 1185/1320/1290 1232/1319/1289 1233/1321/1291
f 1185/1320/1290 1233/1321/1291 1186/1322/1292
f 1186/1322/1292 1233/1321/1291 1234/1323/1293
f 1186/1322/1292 1234/1323/1293 1187/1324/1294
f 1187/1324/1294 1234/1323/1293 1235/1325/1295
f 1187/1324/1294 1235/1325/1295 1188/1326/1296
f 1188/1326/1296 1235/1325/1295 1236/1327/1297
f 1188/1326/1296 1236/1327/1297 1189/1328/1298
f 1189/1328/1298 1236/1327/1297 1237/1329/1299
f 1189/1328/1298 1237/1329/1299 1190/1330/1300
f 1190/1330/1300 1237/1329/1299 1238/1331/1301
f 1190/1330/1300 1238/1331/1301 1239/1332/1302
f 1190/1330/1300 1239/1332/1302 1191/1333/1303
f 1191/1333/1303 1239/1332/1302 1240/1334/1304
f 1191/1333/1303 1240/1334/1304 1192/1335/1305
f 1192/1335/1305 1240/1334/1304 1241/1336/1306
f 1192/1335/1305 1241/1336/1306 1193/1337/1307
f 1193/1337/1307 1241/1336/1306 1242/1338/1308
f 1193/1337/1307 1242/1338/1308 1194/1339/1309
f 1194/1339/1309 1242/1338/1308 1243/1340/1310
f 1194/1339/1309 1243/1340/1310 1195/1341/1311
f 1195/1341/1311 1243/1340/1310 1196/1342/1312
f 1196/1342/1312 1243/1340/1310 1244/1343/1313
f 1196/1342/1312 1244/1343/1313 1197/1344/1314
f 1197/1344/1314 1244/1343/1313 1245/1345/1315
f 1197/1344/1314 1245/1345/1315 1198/1346/1316
f 1198/1346/1316 1245/1345/1315 1246/1347/1317
f 1198/1346/1316 1246/1347/1317 1199/1348/1318
f 1199/1348/1318 1246/1347/1317 1247/1349/1319
f 1199/1348/1318 1247/1349/1319 1200/1350/1320
f 1200/1350/1320 1247/1349/1319 1248/1303/1273
f 1200/1350/1320 1248/1303/1273 1177/1305/1275
f 1250/1351/1321 1296/1352/1322 1249/1353/1323
f 1249/1353/1323 1296/1352/1322 1273/1354/1324
f 1249/1355/1323 1273/1356/1324 1272/1357/1325
f 1272/1357/1325 1273/1356/1324 1274/1358/1326
f 1272/1357/1325 1274/1358/1326 1271/1359/1327
f 1271/1359/1327 1274/1358/1326 1275/1360/1328
f 1271/1359/1327 1275/1360/1328 1270/1361/1329
f 1270/1361/1329 1275/1360/1328 1276/1362/1330
f 1270/1361/1329 1276/1362/1330 1269/1363/1331
f 1269/1363/1331 1276/1362/1330 1277/1364/1332
f 1269/1363/1331 1277/1364/1332 1268/1365/1333
f 1268/1365/1333 1277/1364/1332 1278/1366/1334
f 1268/1365/1333 1278/1366/1334 1267/1367/1335
f 1267/1367/1335 1278/1366/1334 1279/1368/1336
f 1267/1367/1335 1279/1368/1336 1266/1369/1337
f 1266/1369/1337 1279/1368/1336 1280/1370/1338
f 1266/1369/1337 1280/1370/1338 1265/1371/1339
f 1265/1371/1339 1280/1370/1338 1281/1372/1340
f 1265/1371/1339 1281/1372/1340 1264/1373/1341
f 1264/1373/1341 1281/1372/1340 1282/1374/1342
f 1264/1373/1341 1282/1374/1342 1263/1375/1343
f 1263/1375/1343 1282/1374/1342 1283/1376/1344
f 1263/1375/1343 1283/1376/1344 1262/1377/1345
f 1262/1377/1345 1283/1376/1344 1284/1378/1346
f 1262/1377/1345 1284/1378/1346 1261/1379/1347
f 1261/1379/1347 1284/1378/1346 1285/1380/1348
f 1261/1379/1347 1285/1380/1348 1260/1381/1349
f 1260/1381/1349 1285/1380/1348 1286/1382/1350
f 1260/1381/1349 1286/1382/1350 1259/1383/1351
f 1259/1383/1351 1286/1382/1350 1287/1384/1352
f 1259/1383/1351 1287/1384/1352 1258/1385/1353
f 1258/1385/1353 1287/1384/1352 1288/1386/1354
f 1258/1385/1353 1288/1386/1354 1257/1387/1355
f 1257/1387/1355 1288/1386/1354 1289/1388/1356
f 1257/1387/1355 1289/1388/1356 1256/1389/1357
f 1256/1389/1357 1289/1388/1356 1290/1390/1358
f 1256/1389/1357 1290/1390/1358 1255/1391/1359
f 1255/1391/1359 1290/1390/1358 1291/1392/1360
f 1255/1391/1359 1291/1392/1360 1254/1393/1361
f 1254/1393/1361 1291/1392/1360 1292/1394/1362
f 1254/1393/1361 1292/1394/1362 1253/1395/1363
f 1253/1395/1363 1292/1394/1362 1293/1396/1364
f 1253/1395/1363 1293/1396/1364 1252/1397/1365
f 1252/1397/1365 1293/1396/1364 1294/1398/1366
f 1252/1397/1365 1294/1398/1366 1251/1399/1367
f 1251/1399/1367 1294/1398/1366 1295/1400/1368
f 1251/1399/1367 1295/1400/1368 1250/1351/1321
f 1250/1351/1321 1295/1400/1368 1296/1352/1322
f 1320/1401/1369 1297/1402/1370 1249/1403/1371
f 1249/1403/1371 1297/1402/1370 1298/1404/1372
f 1249/1403/1371 1298/1404/1372 1250/1405/1373
f 1250/1405/1373 1298/1404/1372 1299/1406/1374
f 1250/1405/1373 1299/1406/1374 1251/1407/1375
f 1251/1407/1375 1299/1406/1374 1300/1408/1376
f 1251/1407/1375 1300/1408/1376 1252/1409/1377
f 1252/1409/1377 1300/1408/1376 1301/1410/1378
f 1252/1409/1377 1301/1410/1378 1253/1411/1379
f 1253/1411/1379 1301/1410/1378 1302/1412/1380
f 1253/1411/1379 1302/1412/1380 1254/1413/1381
f 1254/1413/1381 1302/1412/1380 1303/1414/1382
f 1254/1413/1381 1303/1414/1382 1255/1415/1383
f 1255/1415/1383 1303/1414/1382 1256/1416/1384
f 1256/1416/1384 1303/1414/1382 1304/1417/1385
f 1256/1416/1384 1304/1417/1385 1257/1418/1386
f 1257/1418/1386 1304/1417/1385 1305/1419/1387
f 1257/1418/1386 1305/1419/1387 1258/1420/1388
f 1258/1420/1388 1305/1419/1387 1306/1421/1389
f 1258/1420/1388 1306/1421/1389 1259/1422/1390
f 1259/1422/1390 1306/1421/1389 1307/1423/1391
f 1259/1422/1390 1307/1423/1391 1260/1424/1392
f 1260/1424/1392 1307/1423/1391 1308/1425/1393
f 1260/1424/1392 1308/1425/1393 1261/1426/1394
f 1261/1426/1394 1308/1425/1393 1309/1427/1395
f 1261/1426/1394 1309/1427/1395 1262/1428/1396
f 1262/1428/1396 1309/1427/1395 1310/1429/1397
f 1262/1428/1396 1310/1429/1397 1311/1430/1398
f 1262/1428/1396 1311/1430/1398 1263/1431/1399
f 1263/1431/1399 1311/1430/1398 1312/1432/1400
f 1263/1431/1399 1312/1432/1400 1264/1433/1401
f 1264/1433/1401 1312/1432/1400 1313/1434/1402
f 1264/1433/1401 1313/1434/1402 1265/1435/1403
f 1265/1435/1403 1313/1434/1402 1314/1436/1404
f 1265/1435/1403 1314/1436/1404 1266/1437/1405
f 1266/1437/1405 1314/1436/1404 1315/1438/1406
f 1266/1437/1405 1315/1438/1406 1267/1439/1407
f 1267/1439/1407 1315/1438/1406 1268/1440/1408
f 1268/1440/1408 1315/1438/1406 1316/1441/1409
f 1268/1440/1408 1316/1441/1409 1269/1442/1410
f 1269/1442/1410 1316/1441/1409 1317/1443/1411
f 1269/1442/1410 1317/1443/1411 1270/1444/1412
f 1270/1444/1412 1317/1443/1411 1318/1445/1413
f 1270/1444/1412 1318/1445/1413 1271/1446/1414
f 1271/1446/1414 1318/1445/1413 1319/1447/1415
f 1271/1446/1414 1319/1447/1415 1272/1448/1416
f 1272/1448/1416 1319/1447/1415 1320/1401/1369
f 1272/1448/1416 1320/1401/1369 1249/1403/1371
f 1104/1449/1417 1344/1450/1418 1081/1451/1419
f 1081/1451/1419 1344/1450/1418 1321/1452/1420
f 1081/1453/1419 1321/1454/1420 1082/1455/1421
f 1082/1455/1421 1321/1454/1420 1322/1456/1422
f 1082/1455/1421 1322/1456/1422 1083/1457/1423
f 1083/1457/1423 1322/1456/1422 1323/1458/1424
f 1083/1457/1423 1323/1458/1424 1084/1459/1425
f 1084/1459/1425 1323/1458/1424 1324/1460/1426
f 1084/1459/1425 1324/1460/1426 1085/1461/1427
f 1085/1461/1427 1324/1460/1426 1325/1462/1428
f 1085/1461/1427 1325/1462/1428 1086/1463/1429
f 1086/1463/1429 1325/1462/1428 1326/1464/1430
f 1086/1463/1429 1326/1464/1430 1087/1465/1431
f 1087/1465/1431 1326/1464/1430 1327/1466/1432
f 1087/1465/1431 1327/1466/1432 1088/1467/1433
f 1088/1467/1433 1327/1466/1432 1328/1468/1434
f 1088/1467/1433 1328/1468/1434 1089/1469/1435
f 1089/1469/1435 1328/1468/1434 1329/1470/1436
f 1089/1469/1435 1329/1470/1436 1090/1471/1437
f 1090/1471/1437 1329/1470/1436 1330/1472/1438
f 1090/1471/1437 1330/1472/1438 1091/1473/1439
f 1091/1473/1439 1330/1472/1438 1331/1474/1440
f 1091/1473/1439 1331/1474/1440 1092/1475/1441
f 1092/1475/1441 1331/1474/1440 1332/1476/1442
f 1092/1475/1441 1332/1476/1442 1093/1477/1443
f 1093/1477/1443 1332/1476/1442 1333/1478/1444
f 1093/1477/1443 1333/1478/1444 1094/1479/1445
f 1094/1479/1445 1333/1478/1444 1334/1480/1446
f 1094/1479/1445 1334/1480/1446 1095/1481/1447
f 1095/1481/1447 1334/1480/1446 1335/1482/1448
f 1095/1481/1447 1335/1482/1448 1096/1483/1449
f 1096/1483/1449 1335/1482/1448 1336/1484/1450
f 1096/1483/1449 1336/1484/1450 1097/1485/1451
f 1097/1485/1451 1336/1484/1450 1337/1486/1452
f 1097/1485/1451 1337/1486/1452 1098/1487/1453
f 1098/1487/1453 1337/1486/1452 1338/1488/1454
f 1098/1487/1453 1338/1488/1454 1099/1489/1455
f 1099/1489/1455 1338/1488/1454 1339/1490/1456
f 1099/1489/1455 1339/1490/1456 1100/1491/1457
f 1100/1491/1457 1339/1490/1456 1340/1492/1458
f 1100/1491/1457 1340/1492/1458 1101/1493/1459
f 1101/1493/1459 1340/1492/1458 1341/1494/1460
f 1101/1493/1459 1341/1494/1460 1102/1495/1461
f 1102/1495/1461 1341/1494/1460 1342/1496/1462
f 1102/1495/1461 1342/1496/1462 1103/1497/1463
f 1103/1497/1463 1342/1496/1462 1343/1498/1464
f 1103/1497/1463 1343/1498/1464 1104/1449/1417
f 1104/1449/1417 1343/1498/1464 1344/1450/1418
f 1248/1499/1465 1368/1500/1466 1225/1501/1467
f 1225/1501/1467 1368/1500/1466 1345/1502/1468
f 1225/1503/1467 1345/1504/1468 1226/1505/1469
f 1226/1505/1469 1345/1504/1468 1346/1506/1470
f 1226/1505/1469 1346/1506/1470 1227/1507/1471
f 1227/1507/1471 1346/1506/1470 1347/1508/1472
f 1227/1507/1471 1347/1508/1472 1228/1509/1473
f 1228/1509/1473 1347/1508/1472 1348/1510/1474
f 1228/1509/1473 1348/1510/1474 1229/1511/1475
f 1229/1511/1475 1348/1510/1474 1349/1512/1476
f 1229/1511/1475 1349/1512/1476 1230/1513/1477
f 1230/1513/1477 1349/1512/1476 1350/1514/1478
f 1230/1513/1477 1350/1514/1478 1231/1515/1479
f 1231/1515/1479 1350/1514/1478 1351/1516/1480
f 1231/1515/1479 1351/1516/1480 1232/1517/1481
f 1232/1517/1481 1351/1516/1480 1352/1518/1482
f 1232/1517/1481 1352/1518/1482 1233/1519/1483
f 1233/1519/1483 1352/1518/1482 1353/1520/1484
f 1233/1519/1483 1353/1520/1484 1234/1521/1485
f 1234/1521/1485 1353/1520/1484 1354/1522/1486
f 1234/1521/1485 1354/1522/1486 1235/1523/1487
f 1235/1523/1487 1354/1522/1486 1355/1524/1488
f 1235/1523/1487 1355/1524/1488 1236/1525/1489
f 1236/1525/1489 1355/1524/1488 1356/1526/1490
f 1236/1525/1489 1356/1526/1490 1237/1527/1491
f 1237/1527/1491 1356/1526/1490 1357/1528/1492
f 1237/1527/1491 1357/1528/1492 1238/1529/1493
f 1238/1529/1493 1357/1528/1492 1358/1530/1494
f 1238/1529/1493 1358/1530/1494 1239/1531/1495
f 1239/1531/1495 1358/1530/1494 1359/1532/1496
f 1239/1531/1495 1359/1532/1496 1240/1533/1497
f 1240/1533/1497 1359/1532/1496 1360/1534/1498
f 1240/1533/1497 1360/1534/1498 1241/1535/1499
f 1241/1535/1499 1360/1534/1498 1361/1536/1500
f 1241/1535/1499 1361/1536/1500 1242/1537/1501
f 1242/1537/1501 1361/1536/1500 1362/1538/1502
f 1242/1537/1501 1362/1538/1502 1243/1539/1503
f 1243/1539/1503 1362/1538/1502 1363/1540/1504
f 1243/1539/1503 1363/1540/1504 1244/1541/1505
f 1244/1541/1505 1363/1540/1504 1364/1542/1506
f 1244/1541/1505 1364/1542/1506 1245/1543/1507
f 1245/1543/1507 1364/1542/1506 1365/1544/1508
f 1245/1543/1507 1365/1544/1508 1246/1545/1509
f 1246/1545/1509 1365/1544/1508 1366/1546/1510
f 1246/1545/1509 1366/1546/1510 1247/1547/1511
f 1247/1547/1511 1366/1546/1510 1367/1548/1512
f 1247/1547/1511 1367/1548/1512 1248/1499/1465
f 1248/1499/1465 1367/1548/1512 1368/1500/1466
f 1176/1549/1513 1392/1550/1514 1153/1551/1515
f 1153/1551/1515 1392/1550/1514 1369/1552/1516
f 1153/1553/1515 1369/1554/1516 1154/1555/1517
f 1154/1555/1517 1369/1554/1516 1370/1556/1518
f 1154/1555/1517 1370/1556/1518 1155/1557/1519
f 1155/1557/1519 1370/1556/1518 1371/1558/1520
f 1155/1557/1519 1371/1558/1520 1156/1559/1521
f 1156/1559/1521 1371/1558/1520 1372/1560/1522
f 1156/1559/1521 1372/1560/1522 1157/1561/1523
f 1157/1561/1523 1372/1560/1522 1373/1562/1524
f 1157/1561/1523 1373/1562/1524 1158/1563/1525
f 1158/1563/1525 1373/1562/1524 1374/1564/1526
f 1158/1563/1525 1374/1564/1526 1159/1565/1527
f 1159/1565/1527 1374/1564/1526 1375/1566/1528
f 1159/1565/1527 1375/1566/1528 1160/1567/1529
f 1160/1567/1529 1375/1566/1528 1376/1568/1530
f 1160/1567/1529 1376/1568/1530 1161/1569/1531
f 1161/1569/1531 1376/1568/1530 1377/1570/1532
f 1161/1569/1531 1377/1570/1532 1162/1571/1533
f 1162/1571/1533 1377/1570/1532 1378/1572/1534
f 1162/1571/1533 1378/1572/1534 1163/1573/1535
f 1163/1573/1535 1378/1572/1534 1379/1574/1536
f 1163/1573/1535 1379/1574/1536 1164/1575/1537
f 1164/1575/1537 1379/1574/1536 1380/1576/1538
f 1164/1575/1537 1380/1576/1538 1165/1577/1539
f 1165/1577/1539 1380/1576/1538 1381/1578/1540
f 1165/1577/1539 1381/1578/1540 1166/1579/1541
f 1166/1579/1541 1381/1578/1540 1382/1580/1542
f 1166/1579/1541 1382/1580/1542 1167/1581/1543
f 1167/1581/1543 1382/1580/1542 1383/1582/1544
f 1167/1581/1543 1383/1582/1544 1168/1583/1545
f 1168/1583/1545 1383/1582/1544 1384/1584/1546
f 1168/1583/1545 1384/1584/1546 1169/1585/1547
f 1169/1585/1547 1384/1584/1546 1385/1586/1548
f 1169/1585/1547 1385/1586/1548 1170/1587/1549
f 1170/1587/1549 1385/1586/1548 1386/1588/1550
f 1170/1587/1549 1386/1588/1550 1171/1589/1551
f 1171/1589/1551 1386/1588/1550 1387/1590/1552
f 1171/1589/1551 1387/1590/1552 1172/1591/1553
f 1172/1591/1553 1387/1590/1552 1388/1592/1554
f 1172/1591/1553 1388/1592/1554 1173/1593/1555
f 1173/1593/1555 1388/1592/1554 1389/1594/1556
f 1173/1593/1555 1389/1594/1556 1174/1595/1557
f 1174/1595/1557 1389/1594/1556 1390/1596/1558
f 1174/1595/1557 1390/1596/1558 1175/1597/1559
f 1175/1597/1559 1390/1596/1558 1391/1598/1560
f 1175/1597/1559 1391/1598/1560 1176/1549/1513
f 1176/1549/1513 1391/1598/1560 1392/1550/1514
f 1320/1599/1561 1416/1600/1562 1297/1601/1563
f 1297/1601/1563 1416/1600/1562 1393/1602/1564
f 1297/1603/1563 1393/1604/1564 1298/1605/1565
f 1298/1605/1565 1393/1604/1564 1394/1606/1566
f 1298/1605/1565 1394/1606/1566 1299/1607/1567
f 1299/1607/1567 1394/1606/1566 1395/1608/1568
f 1299/1607/1567 1395/1608/1568 1300/1609/1569
f 1300/1609/1569 1395/1608/1568 1396/1610/1570
f 1300/1609/1569 1396/1610/1570 1301/1611/1571
f 1301/1611/1571 1396/1610/1570 1397/1612/1572
f 1301/1611/1571 1397/1612/1572 1302/1613/1573
f 1302/1613/1573 1397/1612/1572 1398/1614/1574
f 1302/1613/1573 1398/1614/1574 1303/1615/1575
f 1303/1615/1575 1398/1614/1574 1399/1616/1576
f 1303/1615/1575 1399/1616/1576 1304/1617/1577
f 1304/1617/1577 1399/1616/1576 1400/1618/1578
f 1304/1617/1577 1400/1618/1578 1305/1619/1579
f 1305/1619/1579 1400/1618/1578 1401/1620/1580
f 1305/1619/1579 1401/1620/1580 1306/1621/1581
f 1306/1621/1581 1401/1620/1580 1402/1622/1582
f 1306/1621/1581 1402/1622/1582 1307/1623/1583
f 1307/1623/1583 1402/1622/1582 1403/1624/1584
f 1307/1623/1583 1403/1624/1584 1308/1625/1585
f 1308/1625/1585 1403/1624/1584 1404/1626/1586
f 1308/1625/1585 1404/1626/1586 1309/1627/1587
f 1309/1627/1587 1404/1626/1586 1405/1628/1588
f 1309/1627/1587 1405/1628/1588 1310/1629/1589
f 1310/1629/1589 1405/1628/1588 1406/1630/1590
f 1310/1629/1589 1406/1630/1590 1311/1631/1591
f 1311/1631/1591 1406/1630/1590 1407/1632/1592
f 1311/1631/1591 1407/1632/1592 1312/1633/1593
f 1312/1633/1593 1407/1632/1592 1408/1634/1594
f 1312/1633/1593 1408/1634/1594 1313/1635/1595
f 1313/1635/1595 1408/1634/1594 1409/1636/1596
f 1313/1635/1595 1409/1636/1596 1314/1637/1597
f 1314/1637/1597 1409/1636/1596 1410/1638/1598
f 1314/1637/1597 1410/1638/1598 1315/1639/1599
f 1315/1639/1599 1410/1638/1598 1411/1640/1600
f 1315/1639/1599 1411/1640/1600 1316/1641/1601
f 1316/1641/1601 1411/1640/1600 1412/1642/1602
f 1316/1641/1601 1412/1642/1602 1317/1643/1603
f 1317/1643/1603 1412/1642/1602 1413/1644/1604
f 1317/1643/1603 1413/1644/1604 1318/1645/1605
f 1318/1645/1605 1413/1644/1604 1414/1646/1606
f 1318/1645/1605 1414/1646/1606 1319/1647/1607
f 1319/1647/1607 1414/1646/1606 1415/1648/1608
f 1319/1647/1607 1415/1648/1608 1320/1599/1561
f 1320/1599/1561 1415/1648/1608 1416/1600/1562
f 1417/1649/1609 1418/1650/1610 1420/1651/1611
f 1420/1651/1611 1418/1650/1610 1419/1652/1612
f 1421/1653/1613 1417/1654/1614 1422/1655/1615
f 1422/1655/1615 1417/1654/1614 1420/1656/1616
f 1423/1657/1617 1421/1658/1618 1424/1659/1619
f 1424/1659/1619 1421/1658/1618 1422/1660/1620
f 1418/1661/1621 1423/1662/1622 1419/1663/1623
f 1419/1663/1623 1423/1662/1622 1424/1664/1624
f 1058/1665/1625 1057/1666/1626 1422/1667/1627
f 1422/1667/1627 1057/1666/1626 1080/1668/1628
f 1422/1667/1627 1080/1668/1628 1079/1669/1629
f 1079/1669/1629 1078/1670/1630 1422/1667/1627
f 1422/1667/1627 1078/1670/1630 136/1671/1631
f 1422/1667/1627 136/1671/1631 135/1672/1632
f 1078/1670/1630 1077/1673/1633 136/1671/1631
f 136/1671/1631 1077/1673/1633 137/1674/1634
f 137/1674/1634 1077/1673/1633 138/1675/1635
f 138/1675/1635 1077/1673/1633 1076/1676/1636
f 138/1675/1635 1076/1676/1636 139/1677/1637
f 139/1677/1637 1076/1676/1636 1075/1678/1638
f 139/1677/1637 1075/1678/1638 140/1679/1639
f 140/1679/1639 1075/1678/1638 1074/1680/1640
f 140/1679/1639 1074/1680/1640 141/1681/1641
f 141/1681/1641 1074/1680/1640 142/1682/1642
f 142/1682/1642 1074/1680/1640 1073/1683/1643
f 142/1682/1642 1073/1683/1643 143/1684/1644
f 143/1684/1644 1073/1683/1643 1072/1685/1645
f 143/1684/1644 1072/1685/1645 655/1686/1646
f 655/1686/1646 1072/1685/1645 1071/1687/1647
f 655/1686/1646 1071/1687/1647 656/1688/1648
f 656/1688/1648 1071/1687/1647 1070/1689/1649
f 656/1688/1648 1070/1689/1649 1069/1690/1650
f 656/1688/1648 1069/1690/1650 657/1691/1651
f 657/1691/1651 1069/1690/1650 1068/1692/1652
f 657/1691/1651 1068/1692/1652 1067/1693/1653
f 1066/1694/1654 828/1695/1655 1067/1693/1653
f 1067/1693/1653 828/1695/1655 658/1696/1656
f 1067/1693/1653 658/1696/1656 657/1691/1651
f 828/1695/1655 1066/1694/1654 829/1697/1657
f 829/1697/1657 1066/1694/1654 1065/1698/1658
f 829/1697/1657 1065/1698/1658 1205/1699/1659
f 1205/1699/1659 1065/1698/1658 1206/1700/1660
f 1206/1700/1660 1065/1698/1658 1064/1701/1661
f 1206/1700/1660 1064/1701/1661 1207/1702/1662
f 1207/1702/1662 1064/1701/1661 1063/1703/1663
f 1207/1702/1662 1063/1703/1663 1420/1704/1664
f 1420/1704/1664 1063/1703/1663 1422/1667/1627
f 1422/1667/1627 1063/1703/1663 1062/1705/1665
f 1422/1667/1627 1062/1705/1665 1061/1706/1666
f 1061/1706/1666 1060/1707/1667 1422/1667/1627
f 1422/1667/1627 1060/1707/1667 1059/1708/1668
f 1422/1667/1627 1059/1708/1668 1058/1665/1625
f 1130/1709/1669 1129/1710/1670 1424/1711/1671
f 1424/1711/1671 1129/1710/1670 1152/1712/1672
f 1424/1711/1671 1152/1712/1672 1151/1713/1673
f 1151/1713/1673 1150/1714/1674 1424/1711/1671
f 1424/1711/1671 1150/1714/1674 1149/1715/1675
f 1424/1711/1671 1149/1715/1675 1148/1716/1676
f 1148/1716/1676 1147/1717/1677 1424/1711/1671
f 1424/1711/1671 1147/1717/1677 1291/1718/1678
f 1424/1711/1671 1291/1718/1678 1419/1719/1679
f 1419/1719/1679 1291/1718/1678 1290/1720/1680
f 1419/1719/1679 1290/1720/1680 1289/1721/1681
f 1291/1718/1678 1147/1717/1677 1292/1722/1682
f 1292/1722/1682 1147/1717/1677 1146/1723/1683
f 1292/1722/1682 1146/1723/1683 1293/1724/1684
f 1293/1724/1684 1146/1723/1683 1145/1725/1685
f 1293/1724/1684 1145/1725/1685 592/1726/1686
f 592/1726/1686 1145/1725/1685 1144/1727/1687
f 592/1726/1686 1144/1727/1687 593/1728/1688
f 593/1728/1688 1144/1727/1687 1143/1729/1689
f 593/1728/1688 1143/1729/1689 935/1730/1690
f 935/1730/1690 1143/1729/1689 936/1731/1691
f 936/1731/1691 1143/1729/1689 1142/1732/1692
f 936/1731/1691 1142/1732/1692 1141/1733/1693
f 936/1731/1691 1141/1733/1693 937/1734/1694
f 937/1734/1694 1141/1733/1693 1140/1735/1695
f 937/1734/1694 1140/1735/1695 1139/1736/1696
f 937/1734/1694 1139/1736/1696 938/1737/1697
f 938/1737/1697 1139/1736/1696 1138/1738/1698
f 938/1737/1697 1138/1738/1698 418/1739/1699
f 418/1739/1699 1138/1738/1698 1137/1740/1700
f 418/1739/1699 1137/1740/1700 419/1741/1701
f 419/1741/1701 1137/1740/1700 1136/1742/1702
f 419/1741/1701 1136/1742/1702 420/1743/1703
f 420/1743/1703 1136/1742/1702 421/1744/1704
f 421/1744/1704 1136/1742/1702 1135/1745/1705
f 421/1744/1704 1135/1745/1705 422/1746/1706
f 422/1746/1706 1135/1745/1705 1134/1747/1707
f 422/1746/1706 1134/1747/1707 423/1748/1708
f 423/1748/1708 1134/1747/1707 1133/1749/1709
f 423/1748/1708 1133/1749/1709 424/1750/1710
f 424/1750/1710 1133/1749/1709 425/1751/1711
f 425/1751/1711 1133/1749/1709 1132/1752/1712
f 425/1751/1711 1132/1752/1712 1424/1711/1671
f 1424/1711/1671 1132/1752/1712 1131/1753/1713
f 1424/1711/1671 1131/1753/1713 1130/1709/1669
f 1202/1754/1714 1201/1755/1715 227/1756/1716
f 227/1756/1716 1201/1755/1715 1224/1757/1717
f 227/1756/1716 1224/1757/1717 228/1758/1718
f 228/1758/1718 1224/1757/1717 1223/1759/1719
f 228/1758/1718 1223/1759/1719 1222/1760/1720
f 1221/1761/1721 741/1762/1722 1222/1760/1720
f 1222/1760/1720 741/1762/1722 229/1763/1723
f 1222/1760/1720 229/1763/1723 228/1758/1718
f 741/1762/1722 1221/1761/1721 742/1764/1724
f 742/1764/1724 1221/1761/1721 1220/1765/1725
f 742/1764/1724 1220/1765/1725 743/1766/1726
f 743/1766/1726 1220/1765/1725 1219/1767/1727
f 743/1766/1726 1219/1767/1727 744/1768/1728
f 744/1768/1728 1219/1767/1727 1218/1769/1729
f 744/1768/1728 1218/1769/1729 745/1770/1730
f 745/1770/1730 1218/1769/1729 746/1771/1731
f 746/1771/1731 1218/1769/1729 1217/1772/1732
f 746/1771/1731 1217/1772/1732 747/1773/1733
f 747/1773/1733 1217/1772/1732 1216/1774/1734
f 747/1773/1733 1216/1774/1734 748/1775/1735
f 748/1775/1735 1216/1774/1734 1420/1704/1664
f 748/1775/1735 1420/1704/1664 749/1776/1736
f 749/1776/1736 1420/1704/1664 750/1777/1737
f 750/1777/1737 1420/1704/1664 751/1778/1738
f 751/1778/1738 1420/1704/1664 752/1779/1739
f 752/1779/1739 1420/1704/1664 753/1780/1740
f 753/1780/1740 1420/1704/1664 754/1781/1741
f 754/1781/1741 1420/1704/1664 755/1782/1742
f 755/1782/1742 1420/1704/1664 1419/1719/1679
f 755/1782/1742 1419/1719/1679 1010/1783/1743
f 1010/1783/1743 1419/1719/1679 1011/1784/1744
f 1011/1784/1744 1419/1719/1679 1012/1785/1745
f 1012/1785/1745 1419/1719/1679 1013/1786/1746
f 1013/1786/1746 1419/1719/1679 1014/1787/1747
f 1014/1787/1747 1419/1719/1679 1015/1788/1748
f 1015/1788/1748 1419/1719/1679 1016/1789/1749
f 1016/1789/1749 1419/1719/1679 1017/1790/1750
f 1017/1790/1750 1419/1719/1679 1282/1791/1751
f 1017/1790/1750 1282/1791/1751 1018/1792/1752
f 1018/1792/1752 1282/1791/1751 1281/1793/1753
f 1018/1792/1752 1281/1793/1753 1019/1794/1754
f 1019/1794/1754 1281/1793/1753 1280/1795/1755
f 1019/1794/1754 1280/1795/1755 1020/1796/1756
f 1020/1796/1756 1280/1795/1755 1021/1797/1757
f 1021/1797/1757 1280/1795/1755 1279/1798/1758
f 1021/1797/1757 1279/1798/1758 1022/1799/1759
f 1022/1799/1759 1279/1798/1758 1278/1800/1760
f 1022/1799/1759 1278/1800/1760 1023/1801/1761
f 1023/1801/1761 1278/1800/1760 1277/1802/1762
f 1023/1801/1761 1277/1802/1762 1024/1803/1763
f 1024/1803/1763 1277/1802/1762 1276/1804/1764
f 1024/1803/1763 1276/1804/1764 504/1805/1765
f 504/1805/1765 1276/1804/1764 505/1806/1766
f 505/1806/1766 1276/1804/1764 1275/1807/1767
f 505/1806/1766 1275/1807/1767 1274/1808/1768
f 1216/1774/1734 1215/1809/1769 1420/1704/1664
f 1420/1704/1664 1215/1809/1769 1214/1810/1770
f 1420/1704/1664 1214/1810/1770 1213/1811/1771
f 1213/1811/1771 1212/1812/1772 1420/1704/1664
f 1420/1704/1664 1212/1812/1772 1211/1813/1773
f 1420/1704/1664 1211/1813/1773 1210/1814/1774
f 1210/1814/1774 1209/1815/1775 1420/1704/1664
f 1420/1704/1664 1209/1815/1775 1208/1816/1776
f 1420/1704/1664 1208/1816/1776 1207/1702/1662
f 1204/1817/1777 313/1818/1778 1205/1699/1659
f 1205/1699/1659 313/1818/1778 312/1819/1779
f 1205/1699/1659 312/1819/1779 829/1697/1657
f 829/1697/1657 312/1819/1779 830/1820/1780
f 830/1820/1780 312/1819/1779 311/1821/1781
f 830/1820/1780 311/1821/1781 831/1822/1782
f 831/1822/1782 311/1821/1781 310/1823/1783
f 831/1822/1782 310/1823/1783 832/1824/1784
f 832/1824/1784 310/1823/1783 309/1825/1785
f 832/1824/1784 309/1825/1785 833/1826/1786
f 833/1826/1786 309/1825/1785 308/1827/1787
f 833/1826/1786 308/1827/1787 834/1828/1788
f 834/1828/1788 308/1827/1787 307/1829/1789
f 834/1828/1788 307/1829/1789 835/1830/1790
f 835/1830/1790 307/1829/1789 306/1831/1791
f 835/1830/1790 306/1831/1791 836/1832/1792
f 836/1832/1792 306/1831/1791 305/1833/1793
f 836/1832/1792 305/1833/1793 837/1834/1794
f 837/1834/1794 305/1833/1793 304/1835/1795
f 837/1834/1794 304/1835/1795 838/1836/1796
f 838/1836/1796 304/1835/1795 303/1837/1797
f 838/1836/1796 303/1837/1797 839/1838/1798
f 839/1838/1798 303/1837/1797 302/1839/1799
f 839/1838/1798 302/1839/1799 840/1840/1800
f 840/1840/1800 302/1839/1799 344/1841/1801
f 840/1840/1800 344/1841/1801 841/1842/1802
f 841/1842/1802 344/1841/1801 343/1843/1803
f 841/1842/1802 343/1843/1803 842/1844/1804
f 842/1844/1804 343/1843/1803 342/1845/1805
f 842/1844/1804 342/1845/1805 843/1846/1806
f 843/1846/1806 342/1845/1805 341/1847/1807
f 843/1846/1806 341/1847/1807 844/1848/1808
f 844/1848/1808 341/1847/1807 340/1849/1809
f 844/1848/1808 340/1849/1809 845/1850/1810
f 845/1850/1810 340/1849/1809 339/1851/1811
f 845/1850/1810 339/1851/1811 846/1852/1812
f 846/1852/1812 339/1851/1811 338/1853/1813
f 846/1852/1812 338/1853/1813 847/1854/1814
f 847/1854/1814 338/1853/1813 337/1855/1815
f 847/1854/1814 337/1855/1815 574/1856/1816
f 574/1856/1816 337/1855/1815 52/1857/1817
f 574/1856/1816 52/1857/1817 51/1858/1818
f 1204/1817/1777 1203/1859/1819 313/1818/1778
f 313/1818/1778 1203/1859/1819 314/1860/1820
f 314/1860/1820 1203/1859/1819 226/1861/1821
f 314/1860/1820 226/1861/1821 225/1862/1822
f 1203/1859/1819 1202/1754/1714 226/1861/1821
f 226/1861/1821 1202/1754/1714 227/1756/1716
f 1274/1808/1768 1273/1863/1823 506/1864/1824
f 506/1864/1824 1273/1863/1823 1296/1865/1825
f 506/1864/1824 1296/1865/1825 507/1866/1826
f 507/1866/1826 1296/1865/1825 1295/1867/1827
f 507/1866/1826 1295/1867/1827 75/1868/1828
f 75/1868/1828 1295/1867/1827 76/1869/1829
f 76/1869/1829 1295/1867/1827 1294/1870/1830
f 76/1869/1829 1294/1870/1830 1293/1724/1684
f 1289/1721/1681 1288/1871/1831 1419/1719/1679
f 1419/1719/1679 1288/1871/1831 1287/1872/1832
f 1419/1719/1679 1287/1872/1832 1286/1873/1833
f 1286/1873/1833 1285/1874/1834 1419/1719/1679
f 1419/1719/1679 1285/1874/1834 1284/1875/1835
f 1419/1719/1679 1284/1875/1835 1283/1876/1836
f 1283/1876/1836 1282/1791/1751 1419/1719/1679
f 505/1806/1766 1274/1808/1768 506/1864/1824
f 1422/1667/1627 172/1877/1837 1424/1711/1671
f 1424/1711/1671 172/1877/1837 389/1878/1838
f 1424/1711/1671 389/1878/1838 388/1879/1839
f 1032/1880/1840 496/1881/1841 990/1882/1842
f 990/1882/1842 496/1881/1841 495/1883/1843
f 990/1882/1842 495/1883/1843 991/1884/1844
f 991/1884/1844 495/1883/1843 494/1885/1845
f 991/1884/1844 494/1885/1845 992/1886/1846
f 992/1886/1846 494/1885/1845 493/1887/1847
f 992/1886/1846 493/1887/1847 993/1888/1848
f 993/1888/1848 493/1887/1847 492/1889/1849
f 993/1888/1848 492/1889/1849 994/1890/1850
f 994/1890/1850 492/1889/1849 491/1891/1851
f 994/1890/1850 491/1891/1851 995/1892/1852
f 995/1892/1852 491/1891/1851 490/1893/1853
f 995/1892/1852 490/1893/1853 996/1894/1854
f 996/1894/1854 490/1893/1853 489/1895/1855
f 996/1894/1854 489/1895/1855 997/1896/1856
f 997/1896/1856 489/1895/1855 488/1897/1857
f 997/1896/1856 488/1897/1857 998/1898/1858
f 998/1898/1858 488/1897/1857 767/1899/1859
f 998/1898/1858 767/1899/1859 766/1900/1860
f 496/1881/1841 1032/1880/1840 497/1901/1861
f 497/1901/1861 1032/1880/1840 1031/1902/1862
f 497/1901/1861 1031/1902/1862 498/1903/1863
f 498/1903/1863 1031/1902/1862 1030/1904/1864
f 498/1903/1863 1030/1904/1864 499/1905/1865
f 499/1905/1865 1030/1904/1864 1029/1906/1866
f 499/1905/1865 1029/1906/1866 500/1907/1867
f 500/1907/1867 1029/1906/1866 1028/1908/1868
f 500/1907/1867 1028/1908/1868 501/1909/1869
f 501/1909/1869 1028/1908/1868 1027/1910/1870
f 501/1909/1869 1027/1910/1870 502/1911/1871
f 502/1911/1871 1027/1910/1870 1026/1912/1872
f 502/1911/1871 1026/1912/1872 503/1913/1873
f 503/1913/1873 1026/1912/1872 1025/1914/1874
f 503/1913/1873 1025/1914/1874 504/1805/1765
f 504/1805/1765 1025/1914/1874 1024/1803/1763
f 1010/1783/1743 1009/1915/1875 755/1782/1742
f 755/1782/1742 1009/1915/1875 756/1916/1876
f 756/1916/1876 1009/1915/1875 757/1917/1877
f 757/1917/1877 1009/1915/1875 1008/1918/1878
f 757/1917/1877 1008/1918/1878 758/1919/1879
f 758/1919/1879 1008/1918/1878 1007/1920/1880
f 758/1919/1879 1007/1920/1880 759/1921/1881
f 759/1921/1881 1007/1920/1880 1006/1922/1882
f 759/1921/1881 1006/1922/1882 760/1923/1883
f 760/1923/1883 1006/1922/1882 1005/1924/1884
f 760/1923/1883 1005/1924/1884 761/1925/1885
f 761/1925/1885 1005/1924/1884 1004/1926/1886
f 761/1925/1885 1004/1926/1886 762/1927/1887
f 762/1927/1887 1004/1926/1886 1003/1928/1888
f 762/1927/1887 1003/1928/1888 763/1929/1889
f 763/1929/1889 1003/1928/1888 1002/1930/1890
f 763/1929/1889 1002/1930/1890 764/1931/1891
f 764/1931/1891 1002/1930/1890 1001/1932/1892
f 764/1931/1891 1001/1932/1892 1000/1933/1893
f 764/1931/1891 1000/1933/1893 765/1934/1894
f 765/1934/1894 1000/1933/1893 999/1935/1895
f 765/1934/1894 999/1935/1895 766/1900/1860
f 766/1900/1860 999/1935/1895 998/1898/1858
f 946/1936/1896 410/1937/1897 904/1938/1898
f 904/1938/1898 410/1937/1897 409/1939/1899
f 904/1938/1898 409/1939/1899 905/1940/1900
f 905/1940/1900 409/1939/1899 408/1941/1901
f 905/1940/1900 408/1941/1901 906/1942/1902
f 906/1942/1902 408/1941/1901 407/1943/1903
f 906/1942/1902 407/1943/1903 907/1944/1904
f 907/1944/1904 407/1943/1903 406/1945/1905
f 907/1944/1904 406/1945/1905 908/1946/1906
f 908/1946/1906 406/1945/1905 405/1947/1907
f 908/1946/1906 405/1947/1907 909/1948/1908
f 909/1948/1908 405/1947/1907 404/1949/1909
f 909/1948/1908 404/1949/1909 910/1950/1910
f 910/1950/1910 404/1949/1909 403/1951/1911
f 910/1950/1910 403/1951/1911 911/1952/1912
f 911/1952/1912 403/1951/1911 402/1953/1913
f 911/1952/1912 402/1953/1913 912/1954/1914
f 912/1954/1914 402/1953/1913 681/1955/1915
f 912/1954/1914 681/1955/1915 680/1956/1916
f 410/1937/1897 946/1936/1896 411/1957/1917
f 411/1957/1917 946/1936/1896 945/1958/1918
f 411/1957/1917 945/1958/1918 412/1959/1919
f 412/1959/1919 945/1958/1918 944/1960/1920
f 412/1959/1919 944/1960/1920 413/1961/1921
f 413/1961/1921 944/1960/1920 943/1962/1922
f 413/1961/1921 943/1962/1922 414/1963/1923
f 414/1963/1923 943/1962/1922 942/1964/1924
f 414/1963/1923 942/1964/1924 415/1965/1925
f 415/1965/1925 942/1964/1924 941/1966/1926
f 415/1965/1925 941/1966/1926 416/1967/1927
f 416/1967/1927 941/1966/1926 940/1968/1928
f 416/1967/1927 940/1968/1928 417/1969/1929
f 417/1969/1929 940/1968/1928 939/1970/1930
f 417/1969/1929 939/1970/1930 418/1739/1699
f 418/1739/1699 939/1970/1930 938/1737/1697
f 593/1728/1688 935/1730/1690 594/1971/1931
f 594/1971/1931 935/1730/1690 934/1972/1932
f 594/1971/1931 934/1972/1932 595/1973/1933
f 595/1973/1933 934/1972/1932 933/1974/1934
f 595/1973/1933 933/1974/1934 596/1975/1935
f 596/1975/1935 933/1974/1934 932/1976/1936
f 596/1975/1935 932/1976/1936 597/1977/1937
f 597/1977/1937 932/1976/1936 931/1978/1938
f 597/1977/1937 931/1978/1938 598/1979/1939
f 598/1979/1939 931/1978/1938 930/1980/1940
f 598/1979/1939 930/1980/1940 599/1981/1941
f 599/1981/1941 930/1980/1940 929/1982/1942
f 599/1981/1941 929/1982/1942 600/1983/1943
f 600/1983/1943 929/1982/1942 928/1984/1944
f 600/1983/1943 928/1984/1944 601/1985/1945
f 601/1985/1945 928/1984/1944 927/1986/1946
f 601/1985/1945 927/1986/1946 602/1987/1947
f 602/1987/1947 927/1986/1946 926/1988/1948
f 602/1987/1947 926/1988/1948 560/1989/1949
f 560/1989/1949 926/1988/1948 925/1990/1950
f 560/1989/1949 925/1990/1950 561/1991/1951
f 561/1991/1951 925/1990/1950 924/1992/1952
f 561/1991/1951 924/1992/1952 562/1993/1953
f 562/1993/1953 924/1992/1952 923/1994/1954
f 562/1993/1953 923/1994/1954 563/1995/1955
f 563/1995/1955 923/1994/1954 922/1996/1956
f 563/1995/1955 922/1996/1956 564/1997/1957
f 564/1997/1957 922/1996/1956 921/1998/1958
f 564/1997/1957 921/1998/1958 565/1999/1959
f 565/1999/1959 921/1998/1958 920/2000/1960
f 565/1999/1959 920/2000/1960 566/2001/1961
f 566/2001/1961 920/2000/1960 919/2002/1962
f 566/2001/1961 919/2002/1962 567/2003/1963
f 567/2003/1963 919/2002/1962 918/2004/1964
f 567/2003/1963 918/2004/1964 568/2005/1965
f 568/2005/1965 918/2004/1964 853/2006/1966
f 568/2005/1965 853/2006/1966 852/2007/1967
f 853/2006/1966 918/2004/1964 675/2008/1968
f 675/2008/1968 918/2004/1964 917/2009/1969
f 675/2008/1968 917/2009/1969 676/2010/1970
f 676/2010/1970 917/2009/1969 677/2011/1971
f 677/2011/1971 917/2009/1969 916/2012/1972
f 677/2011/1971 916/2012/1972 678/2013/1973
f 678/2013/1973 916/2012/1972 915/2014/1974
f 678/2013/1973 915/2014/1974 914/2015/1975
f 678/2013/1973 914/2015/1975 679/2016/1976
f 679/2016/1976 914/2015/1975 913/2017/1977
f 679/2016/1976 913/2017/1977 680/1956/1916
f 680/1956/1916 913/2017/1977 912/1954/1914
f 860/2018/1978 668/2019/1979 818/2020/1980
f 818/2020/1980 668/2019/1979 667/2021/1981
f 818/2020/1980 667/2021/1981 819/2022/1982
f 819/2022/1982 667/2021/1981 666/2023/1983
f 819/2022/1982 666/2023/1983 820/2024/1984
f 820/2024/1984 666/2023/1983 665/2025/1985
f 820/2024/1984 665/2025/1985 821/2026/1986
f 821/2026/1986 665/2025/1985 664/2027/1987
f 821/2026/1986 664/2027/1987 822/2028/1988
f 822/2028/1988 664/2027/1987 663/2029/1989
f 822/2028/1988 663/2029/1989 823/2030/1990
f 823/2030/1990 663/2029/1989 662/2031/1991
f 823/2030/1990 662/2031/1991 824/2032/1992
f 824/2032/1992 662/2031/1991 661/2033/1993
f 824/2032/1992 661/2033/1993 825/2034/1994
f 825/2034/1994 661/2033/1993 660/2035/1995
f 825/2034/1994 660/2035/1995 826/2036/1996
f 826/2036/1996 660/2035/1995 659/2037/1997
f 826/2036/1996 659/2037/1997 827/2038/1998
f 827/2038/1998 659/2037/1997 658/1696/1656
f 827/2038/1998 658/1696/1656 828/1695/1655
f 668/2019/1979 860/2018/1978 669/2039/1999
f 669/2039/1999 860/2018/1978 859/2040/2000
f 669/2039/1999 859/2040/2000 670/2041/2001
f 670/2041/2001 859/2040/2000 858/2042/2002
f 670/2041/2001 858/2042/2002 671/2043/2003
f 671/2043/2003 858/2042/2002 857/2044/2004
f 671/2043/2003 857/2044/2004 672/2045/2005
f 672/2045/2005 857/2044/2004 856/2046/2006
f 672/2045/2005 856/2046/2006 673/2047/2007
f 673/2047/2007 856/2046/2006 855/2048/2008
f 673/2047/2007 855/2048/2008 674/2049/2009
f 674/2049/2009 855/2048/2008 854/2050/2010
f 674/2049/2009 854/2050/2010 675/2008/1968
f 675/2008/1968 854/2050/2010 853/2006/1966
f 568/2005/1965 852/2007/1967 569/2051/2011
f 569/2051/2011 852/2007/1967 851/2052/2012
f 569/2051/2011 851/2052/2012 570/2053/2013
f 570/2053/2013 851/2052/2012 850/2054/2014
f 570/2053/2013 850/2054/2014 571/2055/2015
f 571/2055/2015 850/2054/2014 572/2056/2016
f 572/2056/2016 850/2054/2014 849/2057/2017
f 572/2056/2016 849/2057/2017 573/2058/2018
f 573/2058/2018 849/2057/2017 848/2059/2019
f 573/2058/2018 848/2059/2019 847/1854/1814
f 774/2060/2020 238/2061/2021 732/2062/2022
f 732/2062/2022 238/2061/2021 237/2063/2023
f 732/2062/2022 237/2063/2023 733/2064/2024
f 733/2064/2024 237/2063/2023 236/2065/2025
f 733/2064/2024 236/2065/2025 734/2066/2026
f 734/2066/2026 236/2065/2025 235/2067/2027
f 734/2066/2026 235/2067/2027 735/2068/2028
f 735/2068/2028 235/2067/2027 234/2069/2029
f 735/2068/2028 234/2069/2029 736/2070/2030
f 736/2070/2030 234/2069/2029 233/2071/2031
f 736/2070/2030 233/2071/2031 737/2072/2032
f 737/2072/2032 233/2071/2031 232/2073/2033
f 737/2072/2032 232/2073/2033 738/2074/2034
f 738/2074/2034 232/2073/2033 231/2075/2035
f 738/2074/2034 231/2075/2035 739/2076/2036
f 739/2076/2036 231/2075/2035 230/2077/2037
f 739/2076/2036 230/2077/2037 740/2078/2038
f 740/2078/2038 230/2077/2037 229/1763/1723
f 740/2078/2038 229/1763/1723 741/1762/1722
f 238/2061/2021 774/2060/2020 239/2079/2039
f 239/2079/2039 774/2060/2020 773/2080/2040
f 239/2079/2039 773/2080/2040 240/2081/2041
f 240/2081/2041 773/2080/2040 772/2082/2042
f 240/2081/2041 772/2082/2042 241/2083/2043
f 241/2083/2043 772/2082/2042 771/2084/2044
f 241/2083/2043 771/2084/2044 242/2085/2045
f 242/2085/2045 771/2084/2044 770/2086/2046
f 242/2085/2045 770/2086/2046 243/2087/2047
f 243/2087/2047 770/2086/2046 769/2088/2048
f 243/2087/2047 769/2088/2048 244/2089/2049
f 244/2089/2049 769/2088/2048 768/2090/2050
f 244/2089/2049 768/2090/2050 245/2091/2051
f 245/2091/2051 768/2090/2050 767/1899/1859
f 245/2091/2051 767/1899/1859 488/1897/1857
f 688/2092/2052 152/2093/2053 646/2094/2054
f 646/2094/2054 152/2093/2053 151/2095/2055
f 646/2094/2054 151/2095/2055 647/2096/2056
f 647/2096/2056 151/2095/2055 150/2097/2057
f 647/2096/2056 150/2097/2057 648/2098/2058
f 648/2098/2058 150/2097/2057 149/2099/2059
f 648/2098/2058 149/2099/2059 649/2100/2060
f 649/2100/2060 149/2099/2059 148/2101/2061
f 649/2100/2060 148/2101/2061 650/2102/2062
f 650/2102/2062 148/2101/2061 147/2103/2063
f 650/2102/2062 147/2103/2063 651/2104/2064
f 651/2104/2064 147/2103/2063 146/2105/2065
f 651/2104/2064 146/2105/2065 652/2106/2066
f 652/2106/2066 146/2105/2065 145/2107/2067
f 652/2106/2066 145/2107/2067 653/2108/2068
f 653/2108/2068 145/2107/2067 144/2109/2069
f 653/2108/2068 144/2109/2069 654/2110/2070
f 654/2110/2070 144/2109/2069 143/1684/1644
f 654/2110/2070 143/1684/1644 655/1686/1646
f 152/2093/2053 688/2092/2052 153/2111/2071
f 153/2111/2071 688/2092/2052 687/2112/2072
f 153/2111/2071 687/2112/2072 154/2113/2073
f 154/2113/2073 687/2112/2072 686/2114/2074
f 154/2113/2073 686/2114/2074 155/2115/2075
f 155/2115/2075 686/2114/2074 685/2116/2076
f 155/2115/2075 685/2116/2076 156/2117/2077
f 156/2117/2077 685/2116/2076 684/2118/2078
f 156/2117/2077 684/2118/2078 157/2119/2079
f 157/2119/2079 684/2118/2078 683/2120/2080
f 157/2119/2079 683/2120/2080 158/2121/2081
f 158/2121/2081 683/2120/2080 682/2122/2082
f 158/2121/2081 682/2122/2082 159/2123/2083
f 159/2123/2083 682/2122/2082 681/1955/1915
f 159/2123/2083 681/1955/1915 402/1953/1913
f 1293/1724/1684 592/1726/1686 77/2124/2084
f 77/2124/2084 592/1726/1686 591/2125/2085
f 77/2124/2084 591/2125/2085 78/2126/2086
f 78/2126/2086 591/2125/2085 590/2127/2087
f 78/2126/2086 590/2127/2087 79/2128/2088
f 79/2128/2088 590/2127/2087 589/2129/2089
f 79/2128/2088 589/2129/2089 80/2130/2090
f 80/2130/2090 589/2129/2089 588/2131/2091
f 80/2130/2090 588/2131/2091 81/2132/2092
f 81/2132/2092 588/2131/2091 587/2133/2093
f 81/2132/2092 587/2133/2093 82/2134/2094
f 82/2134/2094 587/2133/2093 586/2135/2095
f 82/2134/2094 586/2135/2095 83/2136/2096
f 83/2136/2096 586/2135/2095 585/2137/2097
f 83/2136/2096 585/2137/2097 84/2138/2098
f 84/2138/2098 585/2137/2097 584/2139/2099
f 84/2138/2098 584/2139/2099 85/2140/2100
f 85/2140/2100 584/2139/2099 583/2141/2101
f 85/2140/2100 583/2141/2101 86/2142/2102
f 86/2142/2102 583/2141/2101 582/2143/2103
f 86/2142/2102 582/2143/2103 44/2144/2104
f 44/2144/2104 582/2143/2103 581/2145/2105
f 44/2144/2104 581/2145/2105 45/2146/2106
f 45/2146/2106 581/2145/2105 580/2147/2107
f 45/2146/2106 580/2147/2107 46/2148/2108
f 46/2148/2108 580/2147/2107 579/2149/2109
f 46/2148/2108 579/2149/2109 47/2150/2110
f 47/2150/2110 579/2149/2109 578/2151/2111
f 47/2150/2110 578/2151/2111 48/2152/2112
f 48/2152/2112 578/2151/2111 577/2153/2113
f 48/2152/2112 577/2153/2113 49/2154/2114
f 49/2154/2114 577/2153/2113 576/2155/2115
f 49/2154/2114 576/2155/2115 50/2156/2116
f 50/2156/2116 576/2155/2115 575/2157/2117
f 50/2156/2116 575/2157/2117 51/1858/1818
f 51/1858/1818 575/2157/2117 574/1856/1816
f 574/1856/1816 573/2058/2018 847/1854/1814
f 516/2158/2118 66/2159/2119 474/2160/2120
f 474/2160/2120 66/2159/2119 65/2161/2121
f 474/2160/2120 65/2161/2121 475/2162/2122
f 475/2162/2122 65/2161/2121 64/2163/2123
f 475/2162/2122 64/2163/2123 476/2164/2124
f 476/2164/2124 64/2163/2123 63/2165/2125
f 476/2164/2124 63/2165/2125 477/2166/2126
f 477/2166/2126 63/2165/2125 62/2167/2127
f 477/2166/2126 62/2167/2127 478/2168/2128
f 478/2168/2128 62/2167/2127 61/2169/2129
f 478/2168/2128 61/2169/2129 479/2170/2130
f 479/2170/2130 61/2169/2129 60/2171/2131
f 479/2170/2130 60/2171/2131 480/2172/2132
f 480/2172/2132 60/2171/2131 59/2173/2133
f 480/2172/2132 59/2173/2133 481/2174/2134
f 481/2174/2134 59/2173/2133 58/2175/2135
f 481/2174/2134 58/2175/2135 482/2176/2136
f 482/2176/2136 58/2175/2135 251/2177/2137
f 482/2176/2136 251/2177/2137 250/2178/2138
f 66/2159/2119 516/2158/2118 67/2179/2139
f 67/2179/2139 516/2158/2118 515/2180/2140
f 67/2179/2139 515/2180/2140 68/2181/2141
f 68/2181/2141 515/2180/2140 514/2182/2142
f 68/2181/2141 514/2182/2142 69/2183/2143
f 69/2183/2143 514/2182/2142 513/2184/2144
f 69/2183/2143 513/2184/2144 70/2185/2145
f 70/2185/2145 513/2184/2144 512/2186/2146
f 70/2185/2145 512/2186/2146 71/2187/2147
f 71/2187/2147 512/2186/2146 511/2188/2148
f 71/2187/2147 511/2188/2148 72/2189/2149
f 72/2189/2149 511/2188/2148 510/2190/2150
f 72/2189/2149 510/2190/2150 73/2191/2151
f 73/2191/2151 510/2190/2150 509/2192/2152
f 73/2191/2151 509/2192/2152 74/2193/2153
f 74/2193/2153 509/2192/2152 508/2194/2154
f 74/2193/2153 508/2194/2154 75/1868/1828
f 75/1868/1828 508/2194/2154 507/1866/1826
f 488/1897/1857 487/2195/2155 245/2091/2051
f 245/2091/2051 487/2195/2155 246/2196/2156
f 246/2196/2156 487/2195/2155 247/2197/2157
f 247/2197/2157 487/2195/2155 486/2198/2158
f 247/2197/2157 486/2198/2158 248/2199/2159
f 248/2199/2159 486/2198/2158 485/2200/2160
f 248/2199/2159 485/2200/2160 484/2201/2161
f 248/2199/2159 484/2201/2161 249/2202/2162
f 249/2202/2162 484/2201/2161 483/2203/2163
f 249/2202/2162 483/2203/2163 250/2178/2138
f 250/2178/2138 483/2203/2163 482/2176/2136
f 388/1879/1839 430/2204/2164 1424/1711/1671
f 1424/1711/1671 430/2204/2164 429/2205/2165
f 1424/1711/1671 429/2205/2165 428/2206/2166
f 428/2206/2166 427/2207/2167 1424/1711/1671
f 1424/1711/1671 427/2207/2167 426/2208/2168
f 1424/1711/1671 426/2208/2168 425/1751/1711
f 402/1953/1913 401/2209/2169 159/2123/2083
f 159/2123/2083 401/2209/2169 160/2210/2170
f 160/2210/2170 401/2209/2169 161/2211/2171
f 161/2211/2171 401/2209/2169 400/2212/2172
f 161/2211/2171 400/2212/2172 162/2213/2173
f 162/2213/2173 400/2212/2172 399/2214/2174
f 162/2213/2173 399/2214/2174 398/2215/2175
f 162/2213/2173 398/2215/2175 163/2216/2176
f 163/2216/2176 398/2215/2175 397/2217/2177
f 163/2216/2176 397/2217/2177 164/2218/2178
f 164/2218/2178 397/2217/2177 396/2219/2179
f 164/2218/2178 396/2219/2179 165/2220/2180
f 165/2220/2180 396/2219/2179 395/2221/2181
f 165/2220/2180 395/2221/2181 166/2222/2182
f 166/2222/2182 395/2221/2181 394/2223/2183
f 166/2222/2182 394/2223/2183 167/2224/2184
f 167/2224/2184 394/2223/2183 393/2225/2185
f 167/2224/2184 393/2225/2185 168/2226/2186
f 168/2226/2186 393/2225/2185 392/2227/2187
f 168/2226/2186 392/2227/2187 169/2228/2188
f 169/2228/2188 392/2227/2187 391/2229/2189
f 169/2228/2188 391/2229/2189 170/2230/2190
f 170/2230/2190 391/2229/2189 390/2231/2191
f 170/2230/2190 390/2231/2191 171/2232/2192
f 171/2232/2192 390/2231/2191 172/1877/1837
f 172/1877/1837 390/2231/2191 389/1878/1838
f 337/1855/1815 336/2233/2193 52/1857/1817
f 52/1857/1817 336/2233/2193 53/2234/2194
f 53/2234/2194 336/2233/2193 335/2235/2195
f 53/2234/2194 335/2235/2195 54/2236/2196
f 54/2236/2196 335/2235/2195 334/2237/2197
f 54/2236/2196 334/2237/2197 55/2238/2198
f 55/2238/2198 334/2237/2197 56/2239/2199
f 56/2239/2199 334/2237/2197 333/2240/2200
f 56/2239/2199 333/2240/2200 57/2241/2201
f 57/2241/2201 333/2240/2200 332/2242/2202
f 57/2241/2201 332/2242/2202 331/2243/2203
f 330/2244/2204 252/2245/2205 331/2243/2203
f 331/2243/2203 252/2245/2205 251/2177/2137
f 331/2243/2203 251/2177/2137 58/2175/2135
f 252/2245/2205 330/2244/2204 253/2246/2206
f 253/2246/2206 330/2244/2204 329/2247/2207
f 253/2246/2206 329/2247/2207 254/2248/2208
f 254/2248/2208 329/2247/2207 328/2249/2209
f 254/2248/2208 328/2249/2209 255/2250/2210
f 255/2250/2210 328/2249/2209 327/2251/2211
f 255/2250/2210 327/2251/2211 256/2252/2212
f 256/2252/2212 327/2251/2211 326/2253/2213
f 256/2252/2212 326/2253/2213 257/2254/2214
f 257/2254/2214 326/2253/2213 325/2255/2215
f 257/2254/2214 325/2255/2215 258/2256/2216
f 258/2256/2216 325/2255/2215 324/2257/2217
f 258/2256/2216 324/2257/2217 216/2258/2218
f 216/2258/2218 324/2257/2217 323/2259/2219
f 216/2258/2218 323/2259/2219 217/2260/2220
f 217/2260/2220 323/2259/2219 322/2261/2221
f 217/2260/2220 322/2261/2221 218/2262/2222
f 218/2262/2222 322/2261/2221 321/2263/2223
f 218/2262/2222 321/2263/2223 219/2264/2224
f 219/2264/2224 321/2263/2223 320/2265/2225
f 219/2264/2224 320/2265/2225 220/2266/2226
f 220/2266/2226 320/2265/2225 319/2267/2227
f 220/2266/2226 319/2267/2227 221/2268/2228
f 221/2268/2228 319/2267/2227 318/2269/2229
f 221/2268/2228 318/2269/2229 222/2270/2230
f 222/2270/2230 318/2269/2229 317/2271/2231
f 222/2270/2230 317/2271/2231 223/2272/2232
f 223/2272/2232 317/2271/2231 316/2273/2233
f 223/2272/2232 316/2273/2233 224/2274/2234
f 224/2274/2234 316/2273/2233 315/2275/2235
f 224/2274/2234 315/2275/2235 225/1862/1822
f 225/1862/1822 315/2275/2235 314/1860/1820
f 131/2276/2236 130/2277/2237 1422/1667/1627
f 1422/1667/1627 130/2277/2237 172/1877/1837
f 135/1672/1632 134/2278/2238 1422/1667/1627
f 1422/1667/1627 134/2278/2238 133/2279/2239
f 1422/1667/1627 133/2279/2239 132/2280/2240
f 132/2280/2240 131/2276/2236 1422/1667/1627
f 77/2124/2084 76/1869/1829 1293/1724/1684
f 58/2175/2135 57/2241/2201 331/2243/2203
f 1418/2281/2241 1375/2282/2242 1423/2283/2243
f 1423/2283/2243 1375/2282/2242 1374/2284/2244
f 1423/2283/2243 1374/2284/2244 1373/2285/2245
f 1417/2286/2246 970/2287/2247 1418/2281/2241
f 1418/2281/2241 970/2287/2247 969/2288/2248
f 1418/2281/2241 969/2288/2248 968/2289/2249
f 1421/2290/2250 1363/2291/2251 1417/2286/2246
f 1417/2286/2246 1363/2291/2251 1362/2292/2252
f 1417/2286/2246 1362/2292/2252 1361/2293/2253
f 1423/2283/2243 387/2294/2254 1421/2290/2250
f 1421/2290/2250 387/2294/2254 88/2295/2255
f 1421/2290/2250 88/2295/2255 87/2296/2256
f 1394/2297/2257 1393/2298/2258 442/2299/2259
f 442/2299/2259 1393/2298/2258 1416/2300/2260
f 442/2299/2259 1416/2300/2260 443/2301/2261
f 443/2301/2261 1416/2300/2260 1415/2302/2262
f 443/2301/2261 1415/2302/2262 1414/2303/2263
f 1413/2304/2264 956/2305/2265 1414/2303/2263
f 1414/2303/2263 956/2305/2265 444/2306/2266
f 1414/2303/2263 444/2306/2266 443/2301/2261
f 956/2305/2265 1413/2304/2264 957/2307/2267
f 957/2307/2267 1413/2304/2264 1412/2308/2268
f 957/2307/2267 1412/2308/2268 958/2309/2269
f 958/2309/2269 1412/2308/2268 1411/2310/2270
f 958/2309/2269 1411/2310/2270 959/2311/2271
f 959/2311/2271 1411/2310/2270 1410/2312/2272
f 959/2311/2271 1410/2312/2272 960/2313/2273
f 960/2313/2273 1410/2312/2272 961/2314/2274
f 961/2314/2274 1410/2312/2272 1409/2315/2275
f 961/2314/2274 1409/2315/2275 962/2316/2276
f 962/2316/2276 1409/2315/2275 1408/2317/2277
f 962/2316/2276 1408/2317/2277 1418/2281/2241
f 1418/2281/2241 1408/2317/2277 1407/2318/2278
f 1418/2281/2241 1407/2318/2278 1406/2319/2279
f 1406/2319/2279 1405/2320/2280 1418/2281/2241
f 1418/2281/2241 1405/2320/2280 1404/2321/2281
f 1418/2281/2241 1404/2321/2281 1403/2322/2282
f 1403/2322/2282 1402/2323/2283 1418/2281/2241
f 1418/2281/2241 1402/2323/2283 1401/2324/2284
f 1418/2281/2241 1401/2324/2284 1400/2325/2285
f 1400/2325/2285 1399/2326/2286 1418/2281/2241
f 1418/2281/2241 1399/2326/2286 1375/2282/2242
f 1375/2282/2242 1399/2326/2286 1376/2327/2287
f 1376/2327/2287 1399/2326/2286 1398/2328/2288
f 1376/2327/2287 1398/2328/2288 1377/2329/2289
f 1377/2329/2289 1398/2328/2288 1397/2330/2290
f 1377/2329/2289 1397/2330/2290 528/2331/2291
f 528/2331/2291 1397/2330/2290 11/2332/2292
f 528/2331/2291 11/2332/2292 529/2333/2293
f 529/2333/2293 11/2332/2292 10/2334/2294
f 529/2333/2293 10/2334/2294 530/2335/2295
f 530/2335/2295 10/2334/2294 9/2336/2296
f 530/2335/2295 9/2336/2296 531/2337/2297
f 531/2337/2297 9/2336/2296 8/2338/2298
f 531/2337/2297 8/2338/2298 532/2339/2299
f 532/2339/2299 8/2338/2298 7/2340/2300
f 532/2339/2299 7/2340/2300 533/2341/2301
f 533/2341/2301 7/2340/2300 6/2342/2302
f 533/2341/2301 6/2342/2302 534/2343/2303
f 534/2343/2303 6/2342/2302 5/2344/2304
f 534/2343/2303 5/2344/2304 535/2345/2305
f 535/2345/2305 5/2344/2304 4/2346/2306
f 535/2345/2305 4/2346/2306 536/2347/2307
f 536/2347/2307 4/2346/2306 3/2348/2308
f 536/2347/2307 3/2348/2308 537/2349/2309
f 537/2349/2309 3/2348/2308 2/2350/2310
f 537/2349/2309 2/2350/2310 538/2351/2311
f 538/2351/2311 2/2350/2310 1/2352/2312
f 538/2351/2311 1/2352/2312 539/2353/2313
f 539/2353/2313 1/2352/2312 43/2354/2314
f 539/2353/2313 43/2354/2314 540/2355/2315
f 540/2355/2315 43/2354/2314 42/2356/2316
f 540/2355/2315 42/2356/2316 541/2357/2317
f 541/2357/2317 42/2356/2316 41/2358/2318
f 541/2357/2317 41/2358/2318 542/2359/2319
f 542/2359/2319 41/2358/2318 40/2360/2320
f 542/2359/2319 40/2360/2320 543/2361/2321
f 543/2361/2321 40/2360/2320 39/2362/2322
f 543/2361/2321 39/2362/2322 544/2363/2323
f 544/2363/2323 39/2362/2322 38/2364/2324
f 544/2363/2323 38/2364/2324 545/2365/2325
f 545/2365/2325 38/2364/2324 37/2366/2326
f 545/2365/2325 37/2366/2326 546/2367/2327
f 546/2367/2327 37/2366/2326 36/2368/2328
f 546/2367/2327 36/2368/2328 789/2369/2329
f 789/2369/2329 36/2368/2328 267/2370/2330
f 789/2369/2329 267/2370/2330 266/2371/2331
f 11/2332/2292 1397/2330/2290 12/2372/2332
f 12/2372/2332 1397/2330/2290 1396/2373/2333
f 12/2372/2332 1396/2373/2333 13/2374/2334
f 13/2374/2334 1396/2373/2333 1395/2375/2335
f 13/2374/2334 1395/2375/2335 441/2376/2336
f 441/2376/2336 1395/2375/2335 1394/2297/2257
f 441/2376/2336 1394/2297/2257 442/2299/2259
f 1370/2377/2337 1369/2378/2338 1423/2283/2243
f 1423/2283/2243 1369/2378/2338 1392/2379/2339
f 1423/2283/2243 1392/2379/2339 1391/2380/2340
f 1391/2380/2340 1390/2381/2341 1423/2283/2243
f 1423/2283/2243 1390/2381/2341 351/2382/2342
f 1423/2283/2243 351/2382/2342 350/2383/2343
f 351/2382/2342 1390/2381/2341 352/2384/2344
f 352/2384/2344 1390/2381/2341 1389/2385/2345
f 352/2384/2344 1389/2385/2345 353/2386/2346
f 353/2386/2346 1389/2385/2345 1388/2387/2347
f 353/2386/2346 1388/2387/2347 354/2388/2348
f 354/2388/2348 1388/2387/2347 1387/2389/2349
f 354/2388/2348 1387/2389/2349 355/2390/2350
f 355/2390/2350 1387/2389/2349 356/2391/2351
f 356/2391/2351 1387/2389/2349 1386/2392/2352
f 356/2391/2351 1386/2392/2352 357/2393/2353
f 357/2393/2353 1386/2392/2352 1385/2394/2354
f 357/2393/2353 1385/2394/2354 358/2395/2355
f 358/2395/2355 1385/2394/2354 1384/2396/2356
f 358/2395/2355 1384/2396/2356 870/2397/2357
f 870/2397/2357 1384/2396/2356 1383/2398/2358
f 870/2397/2357 1383/2398/2358 871/2399/2359
f 871/2399/2359 1383/2398/2358 1382/2400/2360
f 871/2399/2359 1382/2400/2360 1381/2401/2361
f 871/2399/2359 1381/2401/2361 872/2402/2362
f 872/2402/2362 1381/2401/2361 1380/2403/2363
f 872/2402/2362 1380/2403/2363 1379/2404/2364
f 1378/2405/2365 527/2406/2366 1379/2404/2364
f 1379/2404/2364 527/2406/2366 873/2407/2367
f 1379/2404/2364 873/2407/2367 872/2402/2362
f 527/2406/2366 1378/2405/2365 528/2331/2291
f 528/2331/2291 1378/2405/2365 1377/2329/2289
f 1373/2285/2245 1372/2408/2368 1423/2283/2243
f 1423/2283/2243 1372/2408/2368 1371/2409/2369
f 1423/2283/2243 1371/2409/2369 1370/2377/2337
f 1346/2410/2370 1345/2411/2371 205/2412/2372
f 205/2412/2372 1345/2411/2371 1368/2413/2373
f 205/2412/2372 1368/2413/2373 206/2414/2374
f 206/2414/2374 1368/2413/2373 1367/2415/2375
f 206/2414/2374 1367/2415/2375 290/2416/2376
f 290/2416/2376 1367/2415/2375 1366/2417/2377
f 290/2416/2376 1366/2417/2377 291/2418/2378
f 291/2418/2378 1366/2417/2377 1365/2419/2379
f 291/2418/2378 1365/2419/2379 292/2420/2380
f 292/2420/2380 1365/2419/2379 807/2421/2381
f 292/2420/2380 807/2421/2381 806/2422/2382
f 1364/2423/2383 1338/2424/2384 1365/2419/2379
f 1365/2419/2379 1338/2424/2384 1337/2425/2385
f 1365/2419/2379 1337/2425/2385 807/2421/2381
f 807/2421/2381 1337/2425/2385 1336/2426/2386
f 807/2421/2381 1336/2426/2386 808/2427/2387
f 808/2427/2387 1336/2426/2386 1335/2428/2388
f 808/2427/2387 1335/2428/2388 634/2429/2389
f 634/2429/2389 1335/2428/2388 635/2430/2390
f 635/2430/2390 1335/2428/2388 1334/2431/2391
f 635/2430/2390 1334/2431/2391 1333/2432/2392
f 1338/2424/2384 1364/2423/2383 1339/2433/2393
f 1339/2433/2393 1364/2423/2383 1363/2291/2251
f 1339/2433/2393 1363/2291/2251 1421/2290/2250
f 1361/2293/2253 1360/2434/2394 1417/2286/2246
f 1417/2286/2246 1360/2434/2394 1359/2435/2395
f 1417/2286/2246 1359/2435/2395 1358/2436/2396
f 1358/2436/2396 1357/2437/2397 1417/2286/2246
f 1417/2286/2246 1357/2437/2397 1356/2438/2398
f 1417/2286/2246 1356/2438/2398 1355/2439/2399
f 1355/2439/2399 1354/2440/2400 1417/2286/2246
f 1417/2286/2246 1354/2440/2400 717/2441/2401
f 1417/2286/2246 717/2441/2401 716/2442/2402
f 1354/2440/2400 1353/2443/2403 717/2441/2401
f 717/2441/2401 1353/2443/2403 718/2444/2404
f 718/2444/2404 1353/2443/2403 1352/2445/2405
f 718/2444/2404 1352/2445/2405 719/2446/2406
f 719/2446/2406 1352/2445/2405 720/2447/2407
f 720/2447/2407 1352/2445/2405 1351/2448/2408
f 720/2447/2407 1351/2448/2408 721/2449/2409
f 721/2449/2409 1351/2448/2408 1350/2450/2410
f 721/2449/2409 1350/2450/2410 722/2451/2411
f 722/2451/2411 1350/2450/2410 1349/2452/2412
f 722/2451/2411 1349/2452/2412 723/2453/2413
f 723/2453/2413 1349/2452/2412 1348/2454/2414
f 723/2453/2413 1348/2454/2414 203/2455/2415
f 203/2455/2415 1348/2454/2414 204/2456/2416
f 204/2456/2416 1348/2454/2414 1347/2457/2417
f 204/2456/2416 1347/2457/2417 1346/2410/2370
f 204/2456/2416 1346/2410/2370 205/2412/2372
f 1322/2458/2418 1321/2459/2419 1421/2290/2250
f 1421/2290/2250 1321/2459/2419 1344/2460/2420
f 1421/2290/2250 1344/2460/2420 1343/2461/2421
f 1343/2461/2421 1342/2462/2422 1421/2290/2250
f 1421/2290/2250 1342/2462/2422 1341/2463/2423
f 1421/2290/2250 1341/2463/2423 1340/2464/2424
f 1340/2464/2424 1339/2433/2393 1421/2290/2250
f 635/2430/2390 1333/2432/2392 636/2465/2425
f 636/2465/2425 1333/2432/2392 1332/2466/2426
f 636/2465/2425 1332/2466/2426 1331/2467/2427
f 636/2465/2425 1331/2467/2427 637/2468/2428
f 637/2468/2428 1331/2467/2427 1330/2469/2429
f 637/2468/2428 1330/2469/2429 117/2470/2430
f 117/2470/2430 1330/2469/2429 1329/2471/2431
f 117/2470/2430 1329/2471/2431 118/2472/2432
f 118/2472/2432 1329/2471/2431 1328/2473/2433
f 118/2472/2432 1328/2473/2433 119/2474/2434
f 119/2474/2434 1328/2473/2433 1327/2475/2435
f 119/2474/2434 1327/2475/2435 120/2476/2436
f 120/2476/2436 1327/2475/2435 121/2477/2437
f 121/2477/2437 1327/2475/2435 1326/2478/2438
f 121/2477/2437 1326/2478/2438 122/2479/2439
f 122/2479/2439 1326/2478/2438 1325/2480/2440
f 122/2479/2439 1325/2480/2440 123/2481/2441
f 123/2481/2441 1325/2480/2440 1324/2482/2442
f 123/2481/2441 1324/2482/2442 124/2483/2443
f 124/2483/2443 1324/2482/2442 1421/2290/2250
f 124/2483/2443 1421/2290/2250 125/2484/2444
f 125/2484/2444 1421/2290/2250 126/2485/2445
f 126/2485/2445 1421/2290/2250 127/2486/2446
f 127/2486/2446 1421/2290/2250 128/2487/2447
f 128/2487/2447 1421/2290/2250 129/2488/2448
f 129/2488/2448 1421/2290/2250 87/2296/2256
f 1324/2482/2442 1323/2489/2449 1421/2290/2250
f 1421/2290/2250 1323/2489/2449 1322/2458/2418
f 989/2490/2450 453/2491/2451 947/2492/2452
f 947/2492/2452 453/2491/2451 452/2493/2453
f 947/2492/2452 452/2493/2453 948/2494/2454
f 948/2494/2454 452/2493/2453 451/2495/2455
f 948/2494/2454 451/2495/2455 949/2496/2456
f 949/2496/2456 451/2495/2455 450/2497/2457
f 949/2496/2456 450/2497/2457 950/2498/2458
f 950/2498/2458 450/2497/2457 449/2499/2459
f 950/2498/2458 449/2499/2459 951/2500/2460
f 951/2500/2460 449/2499/2459 448/2501/2461
f 951/2500/2460 448/2501/2461 952/2502/2462
f 952/2502/2462 448/2501/2461 447/2503/2463
f 952/2502/2462 447/2503/2463 953/2504/2464
f 953/2504/2464 447/2503/2463 446/2505/2465
f 953/2504/2464 446/2505/2465 954/2506/2466
f 954/2506/2466 446/2505/2465 445/2507/2467
f 954/2506/2466 445/2507/2467 955/2508/2468
f 955/2508/2468 445/2507/2467 444/2306/2266
f 955/2508/2468 444/2306/2266 956/2305/2265
f 453/2491/2451 989/2490/2450 454/2509/2469
f 454/2509/2469 989/2490/2450 988/2510/2470
f 454/2509/2469 988/2510/2470 455/2511/2471
f 455/2511/2471 988/2510/2470 987/2512/2472
f 455/2511/2471 987/2512/2472 456/2513/2473
f 456/2513/2473 987/2512/2472 986/2514/2474
f 456/2513/2473 986/2514/2474 457/2515/2475
f 457/2515/2475 986/2514/2474 985/2516/2476
f 457/2515/2475 985/2516/2476 458/2517/2477
f 458/2517/2477 985/2516/2476 984/2518/2478
f 458/2517/2477 984/2518/2478 459/2519/2479
f 459/2519/2479 984/2518/2478 983/2520/2480
f 459/2519/2479 983/2520/2480 460/2521/2481
f 460/2521/2481 983/2520/2480 982/2522/2482
f 460/2521/2481 982/2522/2482 187/2523/2483
f 187/2523/2483 982/2522/2482 697/2524/2484
f 187/2523/2483 697/2524/2484 696/2525/2485
f 982/2522/2482 981/2526/2486 697/2524/2484
f 697/2524/2484 981/2526/2486 698/2527/2487
f 698/2527/2487 981/2526/2486 980/2528/2488
f 698/2527/2487 980/2528/2488 699/2529/2489
f 699/2529/2489 980/2528/2488 979/2530/2490
f 699/2529/2489 979/2530/2490 700/2531/2491
f 700/2531/2491 979/2530/2490 701/2532/2492
f 701/2532/2492 979/2530/2490 978/2533/2493
f 701/2532/2492 978/2533/2493 702/2534/2494
f 702/2534/2494 978/2533/2493 977/2535/2495
f 702/2534/2494 977/2535/2495 703/2536/2496
f 703/2536/2496 977/2535/2495 976/2537/2497
f 703/2536/2496 976/2537/2497 704/2538/2498
f 704/2538/2498 976/2537/2497 975/2539/2499
f 704/2538/2498 975/2539/2499 705/2540/2500
f 705/2540/2500 975/2539/2499 974/2541/2501
f 705/2540/2500 974/2541/2501 706/2542/2502
f 706/2542/2502 974/2541/2501 973/2543/2503
f 706/2542/2502 973/2543/2503 707/2544/2504
f 707/2544/2504 973/2543/2503 972/2545/2505
f 707/2544/2504 972/2545/2505 708/2546/2506
f 708/2546/2506 972/2545/2505 971/2547/2507
f 708/2546/2506 971/2547/2507 970/2287/2247
f 968/2289/2249 967/2548/2508 1418/2281/2241
f 1418/2281/2241 967/2548/2508 966/2549/2509
f 1418/2281/2241 966/2549/2509 965/2550/2510
f 965/2550/2510 964/2551/2511 1418/2281/2241
f 1418/2281/2241 964/2551/2511 963/2552/2512
f 1418/2281/2241 963/2552/2512 962/2316/2276
f 903/2553/2513 367/2554/2514 861/2555/2515
f 861/2555/2515 367/2554/2514 366/2556/2516
f 861/2555/2515 366/2556/2516 862/2557/2517
f 862/2557/2517 366/2556/2516 365/2558/2518
f 862/2557/2517 365/2558/2518 863/2559/2519
f 863/2559/2519 365/2558/2518 364/2560/2520
f 863/2559/2519 364/2560/2520 864/2561/2521
f 864/2561/2521 364/2560/2520 363/2562/2522
f 864/2561/2521 363/2562/2522 865/2563/2523
f 865/2563/2523 363/2562/2522 362/2564/2524
f 865/2563/2523 362/2564/2524 866/2565/2525
f 866/2565/2525 362/2564/2524 361/2566/2526
f 866/2565/2525 361/2566/2526 867/2567/2527
f 867/2567/2527 361/2566/2526 360/2568/2528
f 867/2567/2527 360/2568/2528 868/2569/2529
f 868/2569/2529 360/2568/2528 359/2570/2530
f 868/2569/2529 359/2570/2530 869/2571/2531
f 869/2571/2531 359/2570/2530 358/2395/2355
f 869/2571/2531 358/2395/2355 870/2397/2357
f 367/2554/2514 903/2553/2513 368/2572/2532
f 368/2572/2532 903/2553/2513 902/2573/2533
f 368/2572/2532 902/2573/2533 369/2574/2534
f 369/2574/2534 902/2573/2533 901/2575/2535
f 369/2574/2534 901/2575/2535 370/2576/2536
f 370/2576/2536 901/2575/2535 900/2577/2537
f 370/2576/2536 900/2577/2537 371/2578/2538
f 371/2578/2538 900/2577/2537 899/2579/2539
f 371/2578/2538 899/2579/2539 372/2580/2540
f 372/2580/2540 899/2579/2539 898/2581/2541
f 372/2580/2540 898/2581/2541 373/2582/2542
f 373/2582/2542 898/2581/2541 897/2583/2543
f 373/2582/2542 897/2583/2543 374/2584/2544
f 374/2584/2544 897/2583/2543 896/2585/2545
f 374/2584/2544 896/2585/2545 101/2586/2546
f 101/2586/2546 896/2585/2545 611/2587/2547
f 101/2586/2546 611/2587/2547 610/2588/2548
f 896/2585/2545 895/2589/2549 611/2587/2547
f 611/2587/2547 895/2589/2549 612/2590/2550
f 612/2590/2550 895/2589/2549 894/2591/2551
f 612/2590/2550 894/2591/2551 613/2592/2552
f 613/2592/2552 894/2591/2551 893/2593/2553
f 613/2592/2552 893/2593/2553 614/2594/2554
f 614/2594/2554 893/2593/2553 615/2595/2555
f 615/2595/2555 893/2593/2553 892/2596/2556
f 615/2595/2555 892/2596/2556 616/2597/2557
f 616/2597/2557 892/2596/2556 891/2598/2558
f 616/2597/2557 891/2598/2558 890/2599/2559
f 889/2600/2560 553/2601/2561 890/2599/2559
f 890/2599/2559 553/2601/2561 552/2602/2562
f 890/2599/2559 552/2602/2562 617/2603/2563
f 617/2603/2563 552/2602/2562 783/2604/2564
f 617/2603/2563 783/2604/2564 782/2605/2565
f 553/2601/2561 889/2600/2560 554/2606/2566
f 554/2606/2566 889/2600/2560 888/2607/2567
f 554/2606/2566 888/2607/2567 555/2608/2568
f 555/2608/2568 888/2607/2567 887/2609/2569
f 555/2608/2568 887/2609/2569 556/2610/2570
f 556/2610/2570 887/2609/2569 886/2611/2571
f 556/2610/2570 886/2611/2571 557/2612/2572
f 557/2612/2572 886/2611/2571 885/2613/2573
f 557/2612/2572 885/2613/2573 558/2614/2574
f 558/2614/2574 885/2613/2573 884/2615/2575
f 558/2614/2574 884/2615/2575 559/2616/2576
f 559/2616/2576 884/2615/2575 883/2617/2577
f 559/2616/2576 883/2617/2577 517/2618/2578
f 517/2618/2578 883/2617/2577 882/2619/2579
f 517/2618/2578 882/2619/2579 518/2620/2580
f 518/2620/2580 882/2619/2579 881/2621/2581
f 518/2620/2580 881/2621/2581 519/2622/2582
f 519/2622/2582 881/2621/2581 880/2623/2583
f 519/2622/2582 880/2623/2583 520/2624/2584
f 520/2624/2584 880/2623/2583 879/2625/2585
f 520/2624/2584 879/2625/2585 521/2626/2586
f 521/2626/2586 879/2625/2585 878/2627/2587
f 521/2626/2586 878/2627/2587 522/2628/2588
f 522/2628/2588 878/2627/2587 877/2629/2589
f 522/2628/2588 877/2629/2589 523/2630/2590
f 523/2630/2590 877/2629/2589 876/2631/2591
f 523/2630/2590 876/2631/2591 524/2632/2592
f 524/2632/2592 876/2631/2591 875/2633/2593
f 524/2632/2592 875/2633/2593 525/2634/2594
f 525/2634/2594 875/2633/2593 874/2635/2595
f 525/2634/2594 874/2635/2595 526/2636/2596
f 526/2636/2596 874/2635/2595 873/2407/2367
f 526/2636/2596 873/2407/2367 527/2406/2366
f 817/2637/2597 625/2638/2598 775/2639/2599
f 775/2639/2599 625/2638/2598 624/2640/2600
f 775/2639/2599 624/2640/2600 776/2641/2601
f 776/2641/2601 624/2640/2600 623/2642/2602
f 776/2641/2601 623/2642/2602 777/2643/2603
f 777/2643/2603 623/2642/2602 622/2644/2604
f 777/2643/2603 622/2644/2604 778/2645/2605
f 778/2645/2605 622/2644/2604 621/2646/2606
f 778/2645/2605 621/2646/2606 779/2647/2607
f 779/2647/2607 621/2646/2606 620/2648/2608
f 779/2647/2607 620/2648/2608 780/2649/2609
f 780/2649/2609 620/2648/2608 619/2650/2610
f 780/2649/2609 619/2650/2610 781/2651/2611
f 781/2651/2611 619/2650/2610 618/2652/2612
f 781/2651/2611 618/2652/2612 782/2605/2565
f 782/2605/2565 618/2652/2612 617/2603/2563
f 625/2638/2598 817/2637/2597 626/2653/2613
f 626/2653/2613 817/2637/2597 816/2654/2614
f 626/2653/2613 816/2654/2614 627/2655/2615
f 627/2655/2615 816/2654/2614 815/2656/2616
f 627/2655/2615 815/2656/2616 628/2657/2617
f 628/2657/2617 815/2656/2616 814/2658/2618
f 628/2657/2617 814/2658/2618 629/2659/2619
f 629/2659/2619 814/2658/2618 813/2660/2620
f 629/2659/2619 813/2660/2620 630/2661/2621
f 630/2661/2621 813/2660/2620 812/2662/2622
f 630/2661/2621 812/2662/2622 631/2663/2623
f 631/2663/2623 812/2662/2622 811/2664/2624
f 631/2663/2623 811/2664/2624 632/2665/2625
f 632/2665/2625 811/2664/2624 810/2666/2626
f 632/2665/2625 810/2666/2626 633/2667/2627
f 633/2667/2627 810/2666/2626 809/2668/2628
f 633/2667/2627 809/2668/2628 634/2429/2389
f 634/2429/2389 809/2668/2628 808/2427/2387
f 292/2420/2380 806/2422/2382 293/2669/2629
f 293/2669/2629 806/2422/2382 805/2670/2630
f 293/2669/2629 805/2670/2630 294/2671/2631
f 294/2671/2631 805/2670/2630 804/2672/2632
f 294/2671/2631 804/2672/2632 295/2673/2633
f 295/2673/2633 804/2672/2632 803/2674/2634
f 295/2673/2633 803/2674/2634 296/2675/2635
f 296/2675/2635 803/2674/2634 802/2676/2636
f 296/2675/2635 802/2676/2636 297/2677/2637
f 297/2677/2637 802/2676/2636 801/2678/2638
f 297/2677/2637 801/2678/2638 298/2679/2639
f 298/2679/2639 801/2678/2638 800/2680/2640
f 298/2679/2639 800/2680/2640 299/2681/2641
f 299/2681/2641 800/2680/2640 799/2682/2642
f 299/2681/2641 799/2682/2642 300/2683/2643
f 300/2683/2643 799/2682/2642 798/2684/2644
f 300/2683/2643 798/2684/2644 301/2685/2645
f 301/2685/2645 798/2684/2644 797/2686/2646
f 301/2685/2645 797/2686/2646 259/2687/2647
f 259/2687/2647 797/2686/2646 796/2688/2648
f 259/2687/2647 796/2688/2648 260/2689/2649
f 260/2689/2649 796/2688/2648 795/2690/2650
f 260/2689/2649 795/2690/2650 261/2691/2651
f 261/2691/2651 795/2690/2650 794/2692/2652
f 261/2691/2651 794/2692/2652 262/2693/2653
f 262/2693/2653 794/2692/2652 793/2694/2654
f 262/2693/2653 793/2694/2654 263/2695/2655
f 263/2695/2655 793/2694/2654 792/2696/2656
f 263/2695/2655 792/2696/2656 264/2697/2657
f 264/2697/2657 792/2696/2656 791/2698/2658
f 264/2697/2657 791/2698/2658 265/2699/2659
f 265/2699/2659 791/2698/2658 790/2700/2660
f 265/2699/2659 790/2700/2660 266/2371/2331
f 266/2371/2331 790/2700/2660 789/2369/2329
f 789/2369/2329 788/2701/2661 546/2367/2327
f 546/2367/2327 788/2701/2661 547/2702/2662
f 547/2702/2662 788/2701/2661 548/2703/2663
f 548/2703/2663 788/2701/2661 787/2704/2664
f 548/2703/2663 787/2704/2664 549/2705/2665
f 549/2705/2665 787/2704/2664 786/2706/2666
f 549/2705/2665 786/2706/2666 785/2707/2667
f 549/2705/2665 785/2707/2667 550/2708/2668
f 550/2708/2668 785/2707/2667 784/2709/2669
f 550/2708/2668 784/2709/2669 551/2710/2670
f 551/2710/2670 784/2709/2669 783/2604/2564
f 551/2710/2670 783/2604/2564 552/2602/2562
f 731/2711/2671 195/2712/2672 689/2713/2673
f 689/2713/2673 195/2712/2672 194/2714/2674
f 689/2713/2673 194/2714/2674 690/2715/2675
f 690/2715/2675 194/2714/2674 193/2716/2676
f 690/2715/2675 193/2716/2676 691/2717/2677
f 691/2717/2677 193/2716/2676 192/2718/2678
f 691/2717/2677 192/2718/2678 692/2719/2679
f 692/2719/2679 192/2718/2678 191/2720/2680
f 692/2719/2679 191/2720/2680 693/2721/2681
f 693/2721/2681 191/2720/2680 190/2722/2682
f 693/2721/2681 190/2722/2682 694/2723/2683
f 694/2723/2683 190/2722/2682 189/2724/2684
f 694/2723/2683 189/2724/2684 695/2725/2685
f 695/2725/2685 189/2724/2684 188/2726/2686
f 695/2725/2685 188/2726/2686 696/2525/2485
f 696/2525/2485 188/2726/2686 187/2523/2483
f 195/2712/2672 731/2711/2671 196/2727/2687
f 196/2727/2687 731/2711/2671 730/2728/2688
f 196/2727/2687 730/2728/2688 197/2729/2689
f 197/2729/2689 730/2728/2688 729/2730/2690
f 197/2729/2689 729/2730/2690 198/2731/2691
f 198/2731/2691 729/2730/2690 728/2732/2692
f 198/2731/2691 728/2732/2692 199/2733/2693
f 199/2733/2693 728/2732/2692 727/2734/2694
f 199/2733/2693 727/2734/2694 200/2735/2695
f 200/2735/2695 727/2734/2694 726/2736/2696
f 200/2735/2695 726/2736/2696 201/2737/2697
f 201/2737/2697 726/2736/2696 725/2738/2698
f 201/2737/2697 725/2738/2698 202/2739/2699
f 202/2739/2699 725/2738/2698 724/2740/2700
f 202/2739/2699 724/2740/2700 203/2455/2415
f 203/2455/2415 724/2740/2700 723/2453/2413
f 716/2442/2402 715/2741/2701 1417/2286/2246
f 1417/2286/2246 715/2741/2701 714/2742/2702
f 1417/2286/2246 714/2742/2702 713/2743/2703
f 713/2743/2703 712/2744/2704 1417/2286/2246
f 1417/2286/2246 712/2744/2704 711/2745/2705
f 1417/2286/2246 711/2745/2705 710/2746/2706
f 710/2746/2706 709/2747/2707 1417/2286/2246
f 1417/2286/2246 709/2747/2707 970/2287/2247
f 709/2747/2707 708/2546/2506 970/2287/2247
f 645/2748/2708 109/2749/2709 603/2750/2710
f 603/2750/2710 109/2749/2709 108/2751/2711
f 603/2750/2710 108/2751/2711 604/2752/2712
f 604/2752/2712 108/2751/2711 107/2753/2713
f 604/2752/2712 107/2753/2713 605/2754/2714
f 605/2754/2714 107/2753/2713 106/2755/2715
f 605/2754/2714 106/2755/2715 606/2756/2716
f 606/2756/2716 106/2755/2715 105/2757/2717
f 606/2756/2716 105/2757/2717 607/2758/2718
f 607/2758/2718 105/2757/2717 104/2759/2719
f 607/2758/2718 104/2759/2719 608/2760/2720
f 608/2760/2720 104/2759/2719 103/2761/2721
f 608/2760/2720 103/2761/2721 609/2762/2722
f 609/2762/2722 103/2761/2721 102/2763/2723
f 609/2762/2722 102/2763/2723 610/2588/2548
f 610/2588/2548 102/2763/2723 101/2586/2546
f 109/2749/2709 645/2748/2708 110/2764/2724
f 110/2764/2724 645/2748/2708 644/2765/2725
f 110/2764/2724 644/2765/2725 111/2766/2726
f 111/2766/2726 644/2765/2725 643/2767/2727
f 111/2766/2726 643/2767/2727 112/2768/2728
f 112/2768/2728 643/2767/2727 642/2769/2729
f 112/2768/2728 642/2769/2729 113/2770/2730
f 113/2770/2730 642/2769/2729 641/2771/2731
f 113/2770/2730 641/2771/2731 114/2772/2732
f 114/2772/2732 641/2771/2731 640/2773/2733
f 114/2772/2732 640/2773/2733 115/2774/2734
f 115/2774/2734 640/2773/2733 639/2775/2735
f 115/2774/2734 639/2775/2735 116/2776/2736
f 116/2776/2736 639/2775/2735 638/2777/2737
f 116/2776/2736 638/2777/2737 117/2470/2430
f 117/2470/2430 638/2777/2737 637/2468/2428
f 617/2603/2563 616/2597/2557 890/2599/2559
f 473/2778/2738 23/2779/2739 431/2780/2740
f 431/2780/2740 23/2779/2739 22/2781/2741
f 431/2780/2740 22/2781/2741 432/2782/2742
f 432/2782/2742 22/2781/2741 21/2783/2743
f 432/2782/2742 21/2783/2743 433/2784/2744
f 433/2784/2744 21/2783/2743 20/2785/2745
f 433/2784/2744 20/2785/2745 434/2786/2746
f 434/2786/2746 20/2785/2745 19/2787/2747
f 434/2786/2746 19/2787/2747 435/2788/2748
f 435/2788/2748 19/2787/2747 18/2789/2749
f 435/2788/2748 18/2789/2749 436/2790/2750
f 436/2790/2750 18/2789/2749 17/2791/2751
f 436/2790/2750 17/2791/2751 437/2792/2752
f 437/2792/2752 17/2791/2751 16/2793/2753
f 437/2792/2752 16/2793/2753 438/2794/2754
f 438/2794/2754 16/2793/2753 15/2795/2755
f 438/2794/2754 15/2795/2755 439/2796/2756
f 439/2796/2756 15/2795/2755 14/2797/2757
f 439/2796/2756 14/2797/2757 440/2798/2758
f 440/2798/2758 14/2797/2757 13/2374/2334
f 440/2798/2758 13/2374/2334 441/2376/2336
f 23/2779/2739 473/2778/2738 24/2799/2759
f 24/2799/2759 473/2778/2738 472/2800/2760
f 24/2799/2759 472/2800/2760 25/2801/2761
f 25/2801/2761 472/2800/2760 471/2802/2762
f 25/2801/2761 471/2802/2762 26/2803/2763
f 26/2803/2763 471/2802/2762 470/2804/2764
f 26/2803/2763 470/2804/2764 27/2805/2765
f 27/2805/2765 470/2804/2764 469/2806/2766
f 27/2805/2765 469/2806/2766 28/2807/2767
f 28/2807/2767 469/2806/2766 468/2808/2768
f 28/2807/2767 468/2808/2768 29/2809/2769
f 29/2809/2769 468/2808/2768 467/2810/2770
f 29/2809/2769 467/2810/2770 30/2811/2771
f 30/2811/2771 467/2810/2770 466/2812/2772
f 30/2811/2771 466/2812/2772 273/2813/2773
f 273/2813/2773 466/2812/2772 181/2814/2774
f 273/2813/2773 181/2814/2774 180/2815/2775
f 466/2812/2772 465/2816/2776 181/2814/2774
f 181/2814/2774 465/2816/2776 182/2817/2777
f 182/2817/2777 465/2816/2776 464/2818/2778
f 182/2817/2777 464/2818/2778 183/2819/2779
f 183/2819/2779 464/2818/2778 463/2820/2780
f 183/2819/2779 463/2820/2780 184/2821/2781
f 184/2821/2781 463/2820/2780 185/2822/2782
f 185/2822/2782 463/2820/2780 462/2823/2783
f 185/2822/2782 462/2823/2783 186/2824/2784
f 186/2824/2784 462/2823/2783 461/2825/2785
f 186/2824/2784 461/2825/2785 460/2521/2481
f 346/2826/2786 345/2827/2787 1423/2283/2243
f 1423/2283/2243 345/2827/2787 387/2294/2254
f 88/2295/2255 387/2294/2254 89/2828/2788
f 89/2828/2788 387/2294/2254 386/2829/2789
f 89/2828/2788 386/2829/2789 385/2830/2790
f 89/2828/2788 385/2830/2790 90/2831/2791
f 90/2831/2791 385/2830/2790 384/2832/2792
f 90/2831/2791 384/2832/2792 91/2833/2793
f 91/2833/2793 384/2832/2792 383/2834/2794
f 91/2833/2793 383/2834/2794 92/2835/2795
f 92/2835/2795 383/2834/2794 382/2836/2796
f 92/2835/2795 382/2836/2796 93/2837/2797
f 93/2837/2797 382/2836/2796 381/2838/2798
f 93/2837/2797 381/2838/2798 94/2839/2799
f 94/2839/2799 381/2838/2798 380/2840/2800
f 94/2839/2799 380/2840/2800 95/2841/2801
f 95/2841/2801 380/2840/2800 379/2842/2802
f 95/2841/2801 379/2842/2802 96/2843/2803
f 96/2843/2803 379/2842/2802 378/2844/2804
f 96/2843/2803 378/2844/2804 97/2845/2805
f 97/2845/2805 378/2844/2804 377/2846/2806
f 97/2845/2805 377/2846/2806 98/2847/2807
f 98/2847/2807 377/2846/2806 99/2848/2808
f 99/2848/2808 377/2846/2806 376/2849/2809
f 99/2848/2808 376/2849/2809 100/2850/2810
f 100/2850/2810 376/2849/2809 375/2851/2811
f 100/2850/2810 375/2851/2811 374/2584/2544
f 350/2383/2343 349/2852/2812 1423/2283/2243
f 1423/2283/2243 349/2852/2812 348/2853/2813
f 1423/2283/2243 348/2853/2813 347/2854/2814
f 347/2854/2814 346/2826/2786 1423/2283/2243
f 206/2414/2374 290/2416/2376 207/2855/2815
f 207/2855/2815 290/2416/2376 289/2856/2816
f 207/2855/2815 289/2856/2816 208/2857/2817
f 208/2857/2817 289/2856/2816 288/2858/2818
f 208/2857/2817 288/2858/2818 209/2859/2819
f 209/2859/2819 288/2858/2818 287/2860/2820
f 209/2859/2819 287/2860/2820 210/2861/2821
f 210/2861/2821 287/2860/2820 286/2862/2822
f 210/2861/2821 286/2862/2822 211/2863/2823
f 211/2863/2823 286/2862/2822 285/2864/2824
f 211/2863/2823 285/2864/2824 212/2865/2825
f 212/2865/2825 285/2864/2824 284/2866/2826
f 212/2865/2825 284/2866/2826 213/2867/2827
f 213/2867/2827 284/2866/2826 283/2868/2828
f 213/2867/2827 283/2868/2828 214/2869/2829
f 214/2869/2829 283/2868/2828 282/2870/2830
f 214/2869/2829 282/2870/2830 215/2871/2831
f 215/2871/2831 282/2870/2830 281/2872/2832
f 215/2871/2831 281/2872/2832 173/2873/2833
f 173/2873/2833 281/2872/2832 280/2874/2834
f 173/2873/2833 280/2874/2834 174/2875/2835
f 174/2875/2835 280/2874/2834 279/2876/2836
f 174/2875/2835 279/2876/2836 175/2877/2837
f 175/2877/2837 279/2876/2836 278/2878/2838
f 175/2877/2837 278/2878/2838 176/2879/2839
f 176/2879/2839 278/2878/2838 277/2880/2840
f 176/2879/2839 277/2880/2840 177/2881/2841
f 177/2881/2841 277/2880/2840 276/2882/2842
f 177/2881/2841 276/2882/2842 178/2883/2843
f 178/2883/2843 276/2882/2842 275/2884/2844
f 178/2883/2843 275/2884/2844 179/2885/2845
f 179/2885/2845 275/2884/2844 274/2886/2846
f 179/2885/2845 274/2886/2846 180/2815/2775
f 180/2815/2775 274/2886/2846 273/2813/2773
f 273/2813/2773 272/2887/2847 30/2811/2771
f 30/2811/2771 272/2887/2847 31/2888/2848
f 31/2888/2848 272/2887/2847 32/2889/2849
f 32/2889/2849 272/2887/2847 271/2890/2850
f 32/2889/2849 271/2890/2850 33/2891/2851
f 33/2891/2851 271/2890/2850 270/2892/2852
f 33/2891/2851 270/2892/2852 269/2893/2853
f 33/2891/2851 269/2893/2853 34/2894/2854
f 34/2894/2854 269/2893/2853 268/2895/2855
f 34/2894/2854 268/2895/2855 35/2896/2856
f 35/2896/2856 268/2895/2855 267/2370/2330
f 35/2896/2856 267/2370/2330 36/2368/2328
f 187/2523/2483 186/2824/2784 460/2521/2481
f 101/2586/2546 100/2850/2810 374/2584/2544
# 1424 vertices
# 2896 texture params
# 2856 normals
# 2908 facets

# 1 groups
